{"name": "(02001) centro comercial santa fe", "estimation_time": 4.945321942999726, "simulation_time": 0.7839083200015011, "prediction": [[15569.726423084736, 13330.787034869194, 8472.730876386166, 7232.197806984186, 11245.846999228, 14240.744784533978, 14231.562722444534], [15220.112764954567, 9972.307834267616, 5753.006144911051, 9699.665412843227, 14840.882715165615, 15072.92910516262, 14339.595866084099], [11658.816199302673, 5565.7824965417385, 10925.414312958717, 14013.08299344778, 14861.255262196064, 14336.387096762657, 14964.935188531876], [6167.574335932732, 11359.722025156021, 13706.048292040825, 14326.832378089428, 14462.365616261959, 14705.307307958603, 10127.38004553318], [12495.964697897434, 12568.288514733315, 12818.770618200302, 13645.197394609451, 13755.467458426952, 8227.239429116249, 5164.714280605316], [14967.375108480453, 14005.106181204319, 14582.805282115936, 14260.58384424448, 9084.275040507317, 6550.464755982161, 11891.171501994133], [15600.72654747963, 14906.460467159748, 13415.931218862534, 9917.336084783077, 8256.816593766212, 10279.55828422308, 13510.538918733597], [16205.284381330013, 14048.94432491064, 9262.707916200161, 7840.951459765434, 11704.718664348125, 14869.298760354519, 14887.93257021904], [16011.890324473381, 10726.336262524128, 6339.765704184771, 10242.833958566189, 15407.574717402458, 15724.725083708763, 14973.896598696709], [12478.423360228539, 6341.532880932093, 11706.31226158142, 14785.074449717999, 15679.705226361752, 15159.87773156166, 15698.260582208633]]}