{"name": "(02000) cabecera autopista norte", "estimation_time": 4.945321942999726, "simulation_time": 0.7839083200015011, "prediction": [[102111.77274906635, 86614.05639863014, 52288.81444597244, 45948.85495144129, 75262.35091841221, 95790.13080465794, 92685.08448922634], [97516.9869749546, 61725.579895436764, 33721.95028819144, 64482.43376964331, 100381.75033187866, 99642.25578022003, 90564.5312268734], [72309.0408962965, 29420.43221256137, 71621.07227694988, 93852.06296408176, 96327.64180731773, 91221.91308939457, 91457.04751396179], [38612.58310186863, 79570.83490633965, 95847.25855839252, 97880.28674376011, 97694.36445569992, 96724.10598266125, 66388.02390038967], [97155.62213480473, 96109.5631699562, 96309.3952947855, 101268.31975781918, 98799.57405424118, 61755.128150343895, 39373.62403127551], [102411.22663772106, 94823.95868444443, 98319.50201761723, 92803.95405733585, 56235.77798759937, 39416.71678677201, 79648.85447716713], [103027.30521547794, 97253.68783712387, 85734.25922298431, 60878.098057985306, 49962.31306052208, 65079.74150979519, 88004.65444290638], [107180.44014120102, 91602.50543737411, 57607.22970986366, 49987.64303565025, 78486.20591259003, 100463.61946356297, 97652.03958272934], [101656.14440906048, 65375.01094609499, 36172.32854619622, 66671.13237774372, 102991.21135401726, 102915.29584896564, 93643.09066927433], [77925.78697836399, 34294.47098337114, 76450.64067041874, 98560.48858654499, 101529.74485635757, 96626.22294843197, 96449.36641001701]]}