{"name": "(02104) calle 146", "estimation_time": 4.945321942999726, "simulation_time": 0.7839083200015011, "prediction": [[19649.463158369064, 15827.235367298126, 9504.935015916824, 8579.454579591751, 13972.738542795181, 17867.709359407425, 17936.988769054413], [18580.624199151993, 11223.368611693382, 6746.336576700211, 12276.761007070541, 18773.09741950035, 19159.48206925392, 17939.557404756546], [13781.504962205887, 6999.861346006393, 14063.042186021805, 18329.54892396927, 19159.205490589142, 18436.528133153915, 18202.870222091675], [7270.741781115532, 14153.625244617462, 17438.18694806099, 17985.953121185303, 18037.422283172607, 17708.653933525085, 11029.823826313019], [15110.560476064682, 15495.196297645569, 15961.774576663971, 16585.792778491974, 15559.439138889313, 8470.392520308495, 5546.49577832222], [19343.901886224747, 18226.021983861923, 18768.717548131943, 16807.078403949738, 9924.061615347862, 8382.615671396255, 15129.201878070831], [20468.548746585846, 19168.592144966125, 16403.422480344772, 11677.792322158813, 9857.050150752068, 13174.953766822815, 17433.70637369156], [20209.456945180893, 16392.094101905823, 10122.984791994095, 8972.492009997368, 14127.74031829834, 18204.358073472977, 18435.24026942253], [19501.85383415222, 12046.205032110214, 7375.241001605988, 12870.714398860931, 19463.71434545517, 19970.371000528336, 18707.69436621666], [14512.095306158066, 7604.86582839489, 14697.706538915634, 18957.33143234253, 19881.643146514893, 19178.746127843857, 18835.455270767212]]}