{"name": "(02102) calle 161", "estimation_time": 4.945321942999726, "simulation_time": 0.7839083200015011, "prediction": [[7155.191989541054, 5594.627854943275, 2630.050990343094, 2141.893775254488, 4774.898352146149, 6537.851858377457, 6350.052061080933], [6817.739604830742, 3517.712267458439, 1236.6124067604542, 3905.5390828847885, 7035.771796584129, 6996.411463022232, 6280.820920705795], [4533.746040165424, 955.1233742982149, 4507.45730048418, 6481.19663310051, 6744.008388757706, 6285.017858743668, 6332.335412621498], [1522.0421571731567, 4873.250764250755, 6291.722988724709, 6494.0447417497635, 6507.592531085014, 6359.501475095749, 3585.9557750225067], [6300.778724908829, 6286.072823643684, 6290.781485557556, 6716.761527776718, 6432.644753098488, 3119.4498378038406, 1404.7141298055649], [6973.15008866787, 6311.536387085915, 6582.324273347855, 5969.902536392212, 2777.785043001175, 1479.1741082966328, 4943.3328676223755], [7233.042783379555, 6666.150145411491, 5538.682052016258, 3362.520971059799, 2500.695446252823, 3858.982524871826, 5887.825006484985], [7453.363693118095, 5904.545140028, 2943.8723905086517, 2355.6414972543716, 4923.794528007507, 6797.338268399239, 6634.538445949554], [7191.757611632347, 3839.4519212841988, 1450.0105749368668, 4101.894353270531, 7275.275761723518, 7288.937012791634, 6565.0752247571945], [4934.799170017242, 1292.9087663292885, 4840.938238024712, 6801.319170713425, 7106.1020258665085, 6667.812531709671, 6675.602424621582]]}