{"name": "(02105) calle 142", "estimation_time": 4.945321942999726, "simulation_time": 0.7839083200015011, "prediction": [[38049.3152179718, 30579.896356105804, 17189.95717024803, 14678.656623840332, 26299.23969745636, 34854.457647800446, 34792.07842731476], [36640.66227436066, 21238.929706573486, 10244.775304675102, 22823.81337594986, 36972.708659648895, 36998.43811559677, 34814.788282871246], [26404.695697307587, 8769.064632177353, 25634.141284942627, 34502.45622396469, 36091.38653230667, 34458.063551425934, 35435.18377161026], [11602.833894252777, 26218.742874622345, 32871.660720825195, 34715.301944732666, 34345.198966026306, 33725.57643079758, 22508.977910518646], [30979.384941101074, 30531.844858646393, 31242.475314617157, 33181.46262741089, 32072.12991285324, 16912.500292301178, 8886.268723011017], [37785.56154870987, 34466.84152173996, 35262.24812793732, 33763.900482177734, 18886.329353809357, 11699.843571662903, 28256.328565120697], [38862.35800218582, 35862.40507268906, 31302.987678527832, 21317.696076393127, 16746.428957223892, 23054.668378591537, 32721.250386714935], [39566.67377567291, 32297.50603914261, 19021.58284521103, 15900.088994026184, 27220.003850460052, 36285.99696922302, 36244.631920814514], [38490.93110656738, 22935.832794189453, 11437.63714671135, 23890.59085416794, 38182.3648557663, 38451.267090797424, 36181.640221595764], [28249.136620521545, 10472.009595155716, 27375.027834415436, 36172.8569021225, 37872.651210308075, 36263.880870342255, 37047.11813926697]]}