{"name": "(02101) toberin", "estimation_time": 4.945321942999726, "simulation_time": 0.7839083200015011, "prediction": [[37992.86216020584, 31129.88407242298, 19431.117122113705, 17859.240629315376, 27973.659875512123, 35576.70935690403, 35699.457782030106], [36192.90509676933, 22784.875189065933, 14481.595671832561, 24869.451503753662, 36959.305045723915, 38044.02957653999, 35810.85824131966], [26884.890466034412, 13910.3845192492, 27666.545841157436, 35493.79631483555, 36800.76014149189, 35845.26460456848, 35604.35633158684], [14486.467052042484, 27719.125280618668, 33646.56336283684, 34745.30058014393, 34606.39255607128, 33912.30651366711, 22509.307623445988], [28945.35484278202, 29275.32214283943, 29955.917290091515, 31183.32586169243, 29027.3019734025, 16167.306322455406, 10665.724656671286], [37943.088842868805, 35690.200964689255, 36609.05161368847, 32908.752401173115, 20247.636921584606, 17205.70295202732, 30698.59963196516], [39596.3866918087, 37178.84775578976, 32093.47135823965, 23410.052909612656, 20010.767552554607, 26216.527541697025, 34676.26878094673], [39643.56300187111, 33015.13211250305, 21320.38016730547, 19223.983884692192, 28958.772049844265, 36952.37438213825, 37254.240629553795], [38021.6443297863, 24491.5072824955, 15823.465745806694, 26090.447219967842, 38300.276921629906, 39627.79375064373, 37381.65331161022], [28623.355814278126, 15546.795846194029, 29283.15498763323, 37046.02995276451, 38443.38317525387, 37482.80116856098, 37096.17768526077]]}