{"name": "(02103) mazuren", "estimation_time": 4.945321942999726, "simulation_time": 0.7839083200015011, "prediction": [[13263.835880756378, 10677.139184236526, 5606.796746850014, 4684.8170067071915, 9012.328985571861, 12005.387489795685, 11756.401136875153], [12699.091881990433, 7265.682905435562, 3218.072355866432, 7550.628532171249, 12763.918407201767, 12756.328625202179, 11708.821630597115], [8627.766243219376, 2586.888144403696, 8516.993003368378, 11568.280264616013, 11959.95606148243, 11386.019635081291, 11598.101672053337], [3897.1594420671463, 9198.465830206871, 11477.350105285645, 11711.508831262589, 11792.613496899605, 11676.944686412811, 7307.15889775753], [11292.200366973877, 11114.821286678314, 11120.333798766136, 11889.768455266953, 11502.20232975483, 5869.3814007639885, 3182.359508097172], [13440.60362815857, 12173.710851073265, 12448.711802244186, 11548.086649179459, 6325.075739860535, 4006.861797749996, 9745.134145498276], [13519.14588356018, 12473.49882721901, 10664.13714313507, 6922.60597038269, 5442.4204087257385, 7716.06909430027, 11047.428144812584], [14177.834641933441, 11577.116548776627, 6518.011910259724, 5391.55568921566, 9608.311253905296, 12817.487153053284, 12663.936034202576], [13390.111176729202, 7907.390350341797, 3675.8534293174744, 7948.683363437653, 13203.277468681335, 13304.002975702286, 12245.95749938488], [9529.625279188156, 3390.302604049444, 9324.881340146065, 12343.886438846588, 12775.1060795784, 12248.0403778553, 12433.939559817314]]}