{"name": "(02201) prado", "estimation_time": 4.945321942999726, "simulation_time": 0.7839083200015011, "prediction": [[17909.364586114883, 14871.506191968918, 8933.528456926346, 7668.998951077461, 12699.370669841766, 16576.649483680725, 16376.653941631317], [17354.92987179756, 10849.829577445984, 5878.226704239845, 11082.464066505432, 17400.6760494709, 17573.48694372177, 16337.225974798203], [13333.425811052322, 5327.253921508789, 12534.468680858612, 16550.341317653656, 17066.07027697563, 16563.24285507202, 16596.533164024353], [6231.2900172472, 12802.89836549759, 15856.837400436401, 16380.892365217209, 16401.47997355461, 16048.303529262543, 11211.045199394226], [14658.791950941086, 14648.289025306702, 14749.044433116913, 15700.967630386353, 15063.955077409744, 8794.13985812664, 4827.889573931694], [17774.54409146309, 16309.748785495758, 16675.475945949554, 15833.760903835297, 9564.003964304924, 6298.7025500535965, 13464.038736104965], [18371.555022001266, 17119.508239269257, 15045.875783920288, 10668.821807384491, 8635.180118441582, 11359.375169277191, 15546.842824697495], [18626.82605266571, 15654.194129228592, 9787.164565324783, 8287.56539094448, 13149.291503667831, 17223.115926742554, 17052.638508081436], [18243.1978662014, 11673.60474038124, 6492.3604546785355, 11647.878229141235, 18023.910583257675, 18287.093947410583, 17031.895487070084], [14224.114129304886, 6141.4323518276215, 13370.227760791779, 17365.13339948654, 17916.258738040924, 17412.776525974274, 17354.237371206284]]}