{"name": "(02202) calle 127", "estimation_time": 4.945321942999726, "simulation_time": 0.7839083200015011, "prediction": [[27949.906174957752, 22655.59999334812, 12488.008831173182, 10540.594576984644, 19348.650049626827, 25944.462968826294, 25548.964907169342], [26892.535076618195, 15589.150119960308, 7236.230681985617, 16591.16371959448, 27403.602528333664, 27429.162391662598, 25408.42836111784], [19689.028037130833, 6196.8120397776365, 18915.12135732174, 25779.11128681898, 26689.675439596176, 25714.495938658714, 25937.205293118954], [8074.027625620365, 19527.96878606081, 24637.43055909872, 25664.95790362358, 25680.08133518696, 25063.296758294106, 16510.140455961227], [23155.09513324499, 23041.911945343018, 23239.174170434475, 24870.17323601246, 23800.74472820759, 12721.548332214355, 6348.0980251431465], [27667.84922283888, 25139.50662344694, 25912.67711633444, 24515.05442917347, 13562.595771700144, 8187.193732619286, 20603.334615767002], [28585.981923758984, 26484.04698818922, 22968.60241752863, 15462.974343150854, 12043.731980621815, 16941.957641780376, 24065.18956118822], [28836.490447938442, 23724.234239161015, 13657.548511773348, 11315.621764034033, 19834.989477992058, 26783.991061985493, 26396.860934734344], [28109.238546729088, 16730.434570729733, 8015.908998936415, 17286.651973485947, 28194.139175355434, 28374.9593231678, 26293.668367028236], [20891.936969935894, 7301.3358250409365, 20049.860406041145, 26851.200999319553, 27832.449345111847, 26856.057100057602, 26923.815334379673]]}