{"name": "(02200) alcala", "estimation_time": 4.945321942999726, "simulation_time": 0.7839083200015011, "prediction": [[71955.78163480759, 57313.130419015884, 31027.63863748312, 26833.917459011078, 49792.2499704957, 65930.63251203299, 65347.319582760334], [68965.50079023838, 38613.855559289455, 18470.881596192718, 42844.565708100796, 70119.13470423222, 70138.32518643141, 65385.05412256718], [48091.173743367195, 16000.559113681316, 48217.57156288624, 65555.87677812576, 68038.21859395504, 65161.0858476758, 66363.52283543348], [20941.130711495876, 49983.27438598871, 62945.01940822601, 65504.50386917591, 65444.77106428146, 64129.13045710325, 39986.09599328041], [59416.29463946819, 59295.31013017893, 60374.94627451897, 64450.53038454056, 61115.17381614447, 31052.678667366505, 16982.94008335471], [71007.36968255043, 64887.81877464056, 67579.87183219194, 62496.043820142746, 33207.495385318995, 21753.812337055802, 53243.12618261576], [73473.01550126076, 68217.41700863838, 58535.37258720398, 38951.186085402966, 30612.517058759928, 43396.0531321764, 61823.71068960428], [74722.94685041904, 60457.22462421656, 34326.00425264239, 29033.674566358328, 51300.98910397291, 68412.45084291697, 67923.58728832006], [72471.11290550232, 41709.023751080036, 20630.68034416437, 44816.4541811347, 72400.90247011185, 72897.22965097427, 67990.2364397645], [51538.00484454632, 19020.25822585821, 51280.97770220041, 68517.32232695818, 71223.53327280283, 68405.92711007595, 69247.72659426928]]}