{"name": "(02205) calle 106", "estimation_time": 4.945321942999726, "simulation_time": 0.7839083200015011, "prediction": [[19076.74894797802, 13905.626203715801, 5838.525522455573, 5031.923640161753, 12834.83733060956, 17804.244590073824, 17546.094055116177], [17749.236879229546, 7700.841087654233, 1864.7528552114964, 10925.70936113596, 19313.548865675926, 18378.90113031864, 17145.61724537611], [10611.794192969799, 1172.0138580165803, 12251.067445099354, 17602.542081087828, 18028.095728754997, 17184.533868074417, 17496.673512637615], [3445.07347933203, 12533.155109167099, 16516.624492555857, 17379.032638788223, 17257.98453298211, 16497.796589404345, 8894.512521982193], [16349.9274802804, 15625.98746740818, 15789.23399502039, 17275.03042462468, 16100.61563590169, 6036.251485735178, 2528.808144249022], [18938.495996832848, 16543.576335310936, 16863.146794855595, 16012.15952578187, 6375.12779083848, 2720.7155371829867, 13517.413698911667], [19364.556782484055, 17334.499652147293, 14267.171252310276, 7970.370869040489, 5644.025129765272, 10280.492518097162, 16206.100336581469], [19728.329345464706, 14624.330476462841, 6672.271181389689, 5472.973110601306, 13131.213526278734, 18489.7772808671, 18189.891128063202], [18645.757353782654, 8489.673136129975, 2348.348391085863, 11369.28100502491, 19859.38937151432, 19043.295142114162, 17757.080757558346], [11544.160348057747, 2004.1053712554276, 13094.29625993967, 18417.791801393032, 18921.216540575027, 18052.28804883361, 18223.89424329996]]}