{"name": "(02204) pepe sierra", "estimation_time": 4.945321942999726, "simulation_time": 0.7839083200015011, "prediction": [[23488.78600642085, 17871.090822845697, 8658.984347850084, 7442.042517572641, 15420.469089180231, 20943.67170625925, 21371.193112134933], [22942.620208323002, 11276.852885559201, 3634.0826524421573, 14347.933411255479, 22698.563892751932, 21380.502447783947, 21572.63439846039], [14730.96761867404, 3778.4475964680314, 15026.267425194383, 21060.26879388094, 21634.317644387484, 21082.189750641584, 22835.399888157845], [6323.710340261459, 14837.474285542965, 18676.812886714935, 20583.398543536663, 20522.140492618084, 20432.82893666625, 12184.034532815218], [19086.67090523243, 17494.727681607008, 17736.281527876854, 19983.384700924158, 19474.521804124117, 8224.408825665712, 3860.3856715783477], [22439.97976887226, 19345.11454617977, 19304.825914293528, 20175.63278415799, 8962.217693835497, 3930.532077625394, 16251.626056224108], [23087.80650922656, 21006.42824178934, 17779.492204755545, 10876.354776546359, 7786.878010861576, 13005.357694596052, 19488.045627743006], [23816.364108026028, 18260.70244115591, 9347.934188708663, 7705.521066814661, 15410.756099238992, 21258.89105603099, 21587.45253816247], [24003.914442002773, 12251.146039247513, 4203.083951190114, 14895.770019695163, 23370.66421070695, 22232.98847016692, 22322.030298888683], [15662.738461852074, 4555.513951800764, 15762.388625070453, 21758.392170220613, 22393.903240174055, 21818.140497893095, 23423.62627619505]]}