{"name": "(02300) calle 100", "estimation_time": 4.945321942999726, "simulation_time": 0.7839083200015011, "prediction": [[54970.56650042534, 40515.44463723898, 18883.31610992551, 17610.60079470277, 38086.621290147305, 50658.2538998127, 49754.2023524642], [50930.53887009621, 24006.476700901985, 9992.696335017681, 32391.330409646034, 54542.18479156494, 53297.71232485771, 49023.4748801589], [31948.053879737854, 8688.03064264357, 36634.345425367355, 50666.952302753925, 51966.21269106865, 49204.12927776575, 49170.07208764553], [12983.829989284277, 37623.344287872314, 48129.36040312052, 49714.195245206356, 49284.793638587, 46989.67549830675, 24615.60216397047], [45181.86204224825, 44115.40333151817, 44984.18983399868, 48043.611959815025, 43517.22559273243, 17190.03316655755, 9428.170600384474], [54231.402532458305, 48809.41035747528, 50982.331804931164, 44728.71931105852, 19512.995131909847, 13044.282811284065, 39800.08033782244], [56665.180549025536, 51200.506731271744, 41937.48715817928, 25452.394381314516, 19993.679724484682, 31844.289296865463, 47018.722556233406], [57200.34031510353, 43039.734728336334, 21484.357358962297, 19319.878569692373, 39346.114909648895, 52753.530623316765, 51799.923137426376], [53535.29612123966, 26222.19996035099, 11516.069241762161, 33798.46578449011, 56220.27095019817, 55257.82024204731, 50836.5172380209], [34517.5676548481, 10963.441800773144, 38936.266992390156, 52894.960554242134, 54382.020787000656, 51600.855117440224, 51196.322377324104]]}