{"name": "(02302) virrey", "estimation_time": 4.945321942999726, "simulation_time": 0.7839083200015011, "prediction": [[21874.057050585747, 15670.80422258377, 6303.080370426178, 5849.674887016416, 14669.569735109806, 20116.11152768135, 19793.54000735283], [20072.92026144266, 8387.929527074099, 2489.9169010072947, 12386.962943255901, 21708.17753136158, 21156.058111667633, 19540.794134020805], [11681.70888465643, 2127.9622999578714, 14198.961528003216, 20199.071658730507, 20658.60162371397, 19791.561431527138, 19562.224885821342], [3992.8575491905212, 14740.839207708836, 19180.357205033302, 19869.51655513048, 19909.904202342033, 18816.049703001976, 8814.457127392292], [18088.93199956417, 17863.54369300604, 18275.613302469254, 19695.77493441105, 17575.93465155363, 6238.956497684121, 2992.3586615771055], [21393.03012663126, 19322.48744827509, 20288.402956724167, 17448.955664634705, 6533.7461524009705, 4151.068177267909, 15622.804023981094], [22444.816335201263, 20414.592550456524, 16260.062045276165, 9010.257194817066, 6776.807317227125, 12268.603620648384, 18637.841644704342], [22451.62548804283, 16478.91748660803, 7153.463093161583, 6295.7988548874855, 14939.203529775143, 20717.25863033533, 20320.126377105713], [21004.894409298897, 9195.74804186821, 2986.8088773414493, 12831.78727710247, 22273.361408293247, 21865.84226858616, 20157.825864732265], [12515.72188448906, 2898.3971587494016, 14995.536919355392, 20944.033467829227, 21483.833260953426, 20620.39499348402, 20205.022664785385]]}