{"name": "(02303) calle 85", "estimation_time": 4.945321942999726, "simulation_time": 0.7839083200015011, "prediction": [[26540.9776840806, 19930.694967985153, 9454.766901314259, 8431.99132719636, 18087.217851638794, 24337.946043729782, 24031.669410049915], [24819.23835402727, 12043.723076105118, 4721.120313048363, 15253.242931187153, 26089.1225207448, 25661.58353894949, 23734.534956276417], [16075.47884207964, 4138.453617796302, 17358.26387166977, 24348.624993503094, 25066.13323956728, 23865.107568502426, 24078.419230043888], [6210.809794396162, 17894.449281454086, 23131.152683258057, 23992.496185660362, 23905.9920501709, 22993.195571660995, 12569.842643260956], [21504.243259608746, 21276.774105668068, 21571.42731642723, 23230.33036774397, 21418.136123001575, 8899.359862178564, 4395.301489427686], [25912.824601769447, 23282.377241373062, 24416.40454864502, 22060.86130541563, 10042.739854812622, 6160.940811812878, 19002.72448784113], [27074.25123512745, 24623.51950585842, 20467.525500953197, 12606.516215413809, 9708.196260392666, 15159.647243082523, 22537.522495687008], [27538.97044289112, 21096.731910943985, 10689.081248819828, 9230.285644203424, 18653.63920855522, 25312.491856455803, 24987.56267851591], [26035.550082862377, 13110.702394723892, 5454.894307672977, 15923.844478666782, 26880.931989073753, 26590.508097052574, 24598.673458874226], [17269.651480019093, 5224.9255014956, 18458.110855817795, 25415.055237054825, 26241.36358809471, 25030.51219469309, 25071.793675243855]]}