{"name": "(02304) heroes", "estimation_time": 4.945321942999726, "simulation_time": 0.7839083200015011, "prediction": [[28742.706872463226, 21888.164720773697, 10801.97080463171, 9634.642303794622, 19703.902419805527, 26508.511795401573, 26086.45489048958], [26993.517419576645, 13725.057287037373, 5848.995093286037, 16824.79112160206, 28312.24249613285, 28074.030805945396, 25814.98738884926], [18016.61151880026, 4911.749067246914, 19073.62721836567, 26424.366559028625, 27258.45701944828, 25917.61863732338, 25859.07908797264], [7075.621257007122, 19704.833006083965, 25202.784264922142, 26186.611729979515, 25962.372631788254, 24908.921368956566, 14326.376997470856], [23602.157468914986, 23359.084346950054, 23838.63370001316, 25382.45333957672, 23262.86295223236, 10533.762654602528, 5194.661093711853], [28454.550141453743, 25709.533719718456, 26784.843795001507, 24057.503913283348, 11596.170235455036, 7423.047288715839, 21045.430692911148], [29670.32202041149, 26999.625254392624, 22528.168918132782, 14200.913423717022, 11102.977904975414, 16958.28349328041, 24774.713043749332], [29856.491401195526, 23170.255053162575, 12156.173141598701, 10527.355100482702, 20337.285196840763, 27569.7879550457, 27178.530849695206], [28379.793554782867, 14929.07648986578, 6677.370956748724, 17594.234197854996, 29231.624945044518, 29180.110018968582, 26860.172224640846], [19362.306733429432, 6087.568592965603, 20275.19960784912, 27589.788661122322, 28531.400930523872, 27209.79670894146, 26972.796160697937]]}