{"name": "(02502) terminal", "estimation_time": 4.945321942999726, "simulation_time": 0.7839083200015011, "prediction": [[17080.422313332558, 13630.208878874779, 8046.510220587254, 7598.67997187376, 12996.236595273018, 16311.925144910812, 16110.520877361298], [16092.977311491966, 9404.052730798721, 5683.485421299934, 11375.098517775536, 17231.847223758698, 17017.759424567223, 15965.831007361412], [11171.083769440651, 5668.952420771122, 12451.811747550964, 16082.013292193413, 16532.358682394028, 15994.788049221039, 16041.958302021027], [6643.320616364479, 12894.397199869156, 15656.533298969269, 15883.941360116005, 15954.052064061165, 15628.483115434647, 9795.906326532364], [14076.165256381035, 13867.407377958298, 13960.633321762085, 14749.026893734932, 13852.020296216011, 7238.699779033661, 5298.217047095299], [17433.350235581398, 16090.052438020706, 16611.215631961823, 15122.688843369484, 8803.180776059628, 7288.191657245159, 13986.797149181366], [17865.568674206734, 16608.135264635086, 14186.682797908783, 9944.77069580555, 8734.637495577335, 11867.424978971481, 15732.10331273079], [17963.10758626461, 14617.362187862396, 9022.193871498108, 8322.911331117153, 13607.623680114746, 17161.60032081604, 16978.103951454163], [17069.78971159458, 10293.959955573082, 6362.88574552536, 11995.928733110428, 17924.095653414726, 17820.57647037506, 16740.184732675552], [12168.36120390892, 6618.476784229279, 13379.711682677269, 16982.17062652111, 17502.160239100456, 16978.459203839302, 16915.637416243553]]}