{"name": "(03004) gratamira", "estimation_time": 4.945321942999726, "simulation_time": 0.7839083200015011, "prediction": [[1617.1428951621056, 1449.398863852024, 990.8825790584087, 765.6225156784058, 1106.9457033872604, 1467.447349011898, 1498.3543576598167], [1618.4344342947006, 1198.4830847978592, 691.1885773539543, 955.3061257898808, 1526.5431718230247, 1601.703277170658, 1494.3480405211449], [1401.8620903491974, 629.380401134491, 1054.6873013079166, 1474.1310833096504, 1537.5420288443565, 1464.5804826021194, 1502.6154779791832], [684.24227014184, 1073.2349780797958, 1416.3614052534103, 1456.8099774718285, 1453.5578204393387, 1433.646913588047, 1205.3502068519592], [1221.0402196645737, 1347.7710781097412, 1320.4761690497398, 1378.2707543373108, 1402.2892603874207, 1004.2077274024487, 519.2190507799387], [1650.0239672064781, 1506.9923177361488, 1490.5447283387184, 1494.6427393555641, 1085.0771542787552, 654.440106600523, 1161.5111653208733], [1680.8779653310776, 1568.4138808250427, 1439.0934417843819, 1109.4333406686783, 883.9651476144791, 1021.4582443833351, 1390.3305932879448], [1687.7022160887718, 1515.0386759638786, 1067.2803864479065, 825.4468199014664, 1149.5735481381416, 1522.5099636912346, 1564.5800407528877], [1704.5915231108665, 1280.6468611359596, 755.231957167387, 1009.9083424210548, 1586.2581487298012, 1670.0271189808846, 1563.7858747839928], [1492.1922425031662, 707.1065574586391, 1132.3411605358124, 1546.4034927487373, 1612.3802137374878, 1545.0505672097206, 1581.2817720770836]]}