{"name": "(03001) la campina", "estimation_time": 4.945321942999726, "simulation_time": 0.7839083200015011, "prediction": [[13705.649322271347, 11274.023644506931, 6441.335092782974, 5416.887240290642, 9516.744762837887, 12675.535944640636, 12500.826840996742], [13240.136520028114, 7959.738279223442, 3935.733728915453, 8171.108256101608, 13341.42434078455, 13505.357895195484, 12460.410663604736], [9849.744584202766, 3423.9088632017374, 9231.512908041477, 12577.442803800106, 13106.94800889492, 12536.86195218563, 12656.931416928768], [4256.464405849576, 9637.844722270966, 12150.131493628025, 12648.983141124249, 12610.524025380611, 12420.832495033741, 8321.20039319992], [11430.29582220316, 11499.304567813873, 11646.349865853786, 12344.499771893024, 11902.356803417206, 6673.744214266539, 3469.203971862793], [13687.26728773117, 12469.781724691391, 12903.089372217655, 12165.44766008854, 6984.960563540459, 4487.413964807987, 10226.030305743217], [14111.734491109848, 13093.75504207611, 11415.758381843567, 7867.140866100788, 6210.208600521088, 8460.418908417225, 11853.523211658001], [14218.853243112564, 11851.88159263134, 7052.3251285254955, 5840.381036043167, 9795.037611842155, 13121.563760995865, 12983.75998032093], [13884.27035355568, 8551.50351434946, 4348.075054436922, 8543.940210282803, 13767.224307537079, 14023.11048400402, 12951.720963597298], [10495.595420956612, 3987.70637729764, 9805.764124751091, 13126.236117601395, 13699.164817333221, 13143.859186947346, 13198.095556974411]]}