{"name": "(03014) san martin", "estimation_time": 4.945321942999726, "simulation_time": 0.7839083200015011, "prediction": [[1399.9298391342163, 1045.6113271713257, 463.0657444000244, 400.3052624464035, 940.6056101322174, 1296.0553922653198, 1277.9100470542908], [1305.4775342941284, 628.9893884658813, 196.77309024333954, 785.5815126895905, 1391.052969455719, 1357.1651458740234, 1249.961856842041], [841.9917395114899, 142.5114205479622, 887.5628986358643, 1260.7693061828613, 1298.935420513153, 1229.360541343689, 1242.1800212860107], [284.46689116954803, 927.3471930027008, 1196.0726327896118, 1242.1459016799927, 1240.0952620506287, 1189.0316801071167, 688.3368515968323], [1203.525842666626, 1153.416134595871, 1163.5497217178345, 1255.9715251922607, 1167.2390003204346, 513.717453956604, 233.72504043579102], [1393.13747215271, 1228.118254184723, 1257.5015201568604, 1146.1748895645142, 511.4774569272995, 262.09895610809326, 999.459878206253], [1430.7906379699707, 1277.0270419120789, 1050.1545579433441, 614.0666464567184, 458.84687435626984, 767.0330815315247, 1184.8421516418457], [1455.6179103851318, 1101.7747640609741, 521.4507075548172, 435.65952360630035, 966.6094958782196, 1346.0321493148804, 1329.6406288146973], [1370.6511125564575, 685.8384883403778, 231.03398478031158, 815.9800934791565, 1429.834647655487, 1405.3943634033203, 1294.5586190223694], [913.6653592586517, 203.85154563188553, 947.3851501941681, 1317.0276622772217, 1362.5017857551575, 1296.4064650535583, 1303.6416172981262]]}