{"name": "(03013) rio negro", "estimation_time": 4.945321942999726, "simulation_time": 0.7839083200015011, "prediction": [[5719.042111158371, 4454.6166316866875, 2295.3054061233997, 2102.071430504322, 4063.9181737303734, 5328.03297829628, 5226.518076777458], [5424.780821025372, 2976.4498187303543, 1447.4944124817848, 3498.228698194027, 5725.347160816193, 5667.269713997841, 5170.137710392475], [3766.2743542790413, 1323.210567355156, 3942.161001086235, 5409.308610379696, 5435.954611718655, 5166.4336250424385, 5161.908577501774], [1491.570570513606, 3951.096281528473, 5022.23131608963, 5053.951299011707, 5033.259900033474, 4847.5138275027275, 2862.7315468788147], [4680.819105625153, 4618.201978027821, 4548.09938621521, 4843.763215959072, 4477.197219252586, 2143.0942132771015, 1160.972604572773], [5734.65164911747, 5164.332066893578, 5355.539339005947, 4728.123862564564, 2392.068257302046, 1714.9472348093987, 4299.9305455088615], [5989.303014397621, 5447.479600131512, 4557.53482323885, 2975.698458224535, 2407.992034673691, 3539.4358972907066, 5062.38417160511], [5897.5466067790985, 4655.515985310078, 2498.429762393236, 2216.912709593773, 4130.187607526779, 5482.740451514721, 5388.700133085251], [5707.514121055603, 3230.0958054959774, 1620.4061969816685, 3649.022718191147, 5907.733216702938, 5887.546101629734, 5381.945580363274], [4019.2864216566086, 1535.301909416914, 4155.586031496525, 5609.344978153706, 5651.704450964928, 5387.505460500717, 5354.029113769531]]}