{"name": "(03005) suba - av. boyaca", "estimation_time": 4.945321942999726, "simulation_time": 0.7839083200015011, "prediction": [[8678.894659399986, 7117.769384920597, 3892.941119790077, 3203.3227393478155, 5976.911825597286, 8068.358608305454, 7943.279625296593], [8372.921743094921, 4906.152383923531, 2144.7319462001324, 5051.87481546402, 8518.563159763813, 8516.685701489449, 7865.2089077830315], [6187.641326606274, 1821.947600133717, 5800.959799468517, 7959.968075096607, 8288.02061265707, 7943.865141868591, 8056.169552624226], [2534.4272879362106, 6177.658084928989, 7780.19177877903, 8085.938221693039, 8077.110669434071, 7954.2571403980255, 5349.054242581129], [7541.543448269367, 7516.558952867985, 7572.047388672829, 8042.63515907526, 7783.6613020300865, 4390.465414375067, 2129.3842311501503], [8687.99778497219, 7904.684017717838, 8062.031469583511, 7711.253033041954, 4341.232615530491, 2502.5730996727943, 6442.072827100754], [8882.553771615028, 8258.478416979313, 7155.400792777538, 4782.626799702644, 3700.7876537144184, 5197.272880643606, 7475.032079935074], [8958.818839490414, 7443.401296317577, 4253.40328848362, 3430.408805370331, 6129.319825291634, 8345.791581094265, 8222.1628870368], [8770.802962481976, 5273.594106554985, 2386.8508740216494, 5267.422860085964, 8772.504888534546, 8828.484937310219, 8163.341794013977], [6611.495791077614, 2198.248406380415, 6181.989925563335, 8323.00307971239, 8680.061396300793, 8339.824099302292, 8408.846314907074]]}