{"name": "(03010) puente largo", "estimation_time": 4.945321942999726, "simulation_time": 0.7839083200015011, "prediction": [[9735.783521771431, 7435.956555783749, 3771.875841140747, 3422.345508337021, 6765.711736679077, 8992.67179775238, 8897.326342463493], [9131.021262526512, 4720.576171875, 2179.950828894973, 5802.622733592987, 9592.772839188576, 9537.92127609253, 8830.128202438354], [6086.2579872608185, 1904.464205995202, 6504.813545465469, 8992.604794621468, 9238.736295819283, 8868.786508858204, 8801.966886520386], [2599.9920815229416, 6710.47665566206, 8564.70980000496, 8863.665269553661, 8853.239282369614, 8443.64064270258, 4884.017309129238], [7986.868798732758, 7954.107767879963, 8103.230236053467, 8660.066755831242, 7897.18010777235, 3625.7842645943165, 2002.9901849031448], [9628.116490721703, 8748.802902281284, 9130.077218413353, 8142.3045619130135, 4012.590589225292, 2726.7177531421185, 7187.239433765411], [10037.93164050579, 9174.215280890465, 7665.118764042854, 4913.800700843334, 3892.77999073267, 5835.157753884792, 8420.984084010124], [10102.361651182175, 7857.636759996414, 4210.223074167967, 3704.860209643841, 6961.956406772137, 9325.762362360954, 9237.630244135857], [9583.043384552002, 5112.057964980602, 2450.7214814275503, 6050.391811311245, 9889.218691468239, 9892.801858901978, 9161.647693634033], [6524.153949201107, 2288.7555381059647, 6896.544350206852, 9372.029524326324, 9647.840412378311, 9279.8652176857, 9154.691368579865]]}