{"name": "(03012) suba - calle 95", "estimation_time": 4.945321942999726, "simulation_time": 0.7839083200015011, "prediction": [[9561.730395495892, 8099.36882430315, 5915.713882803917, 4996.279766261578, 6805.978908717632, 9037.597249150276, 9460.34010899067], [9064.215476930141, 6664.166678249836, 4722.29324889183, 5981.244490146637, 8983.816123306751, 10139.682291030884, 9366.69502234459], [7719.6375522613525, 4887.036040425301, 6463.531214773655, 8772.65364766121, 9980.01980882883, 9389.035186290741, 8838.47829592228], [4893.396122336388, 6563.376628816128, 8603.236878931522, 9470.091501414776, 9060.20598590374, 8611.75885617733, 6762.206750512123], [7148.798205554485, 8033.071858346462, 8589.374701857567, 8257.63461214304, 7896.972009420395, 5728.119828641415, 3941.680885642767], [9769.5854896307, 9542.483449399471, 9005.549104332924, 8381.483720839024, 6393.972015321255, 5051.776516675949, 7056.541709780693], [10213.784075379372, 9468.100937008858, 8265.449270486832, 6535.682952165604, 5686.112494766712, 6681.987988948822, 8592.224815011024], [9933.150381028652, 8448.94064348936, 6300.398702442646, 5299.548244297504, 7010.412593662739, 9280.892956256866, 9760.991159796715], [9522.215463578701, 7091.995056807995, 5074.641092181206, 6281.090980172157, 9294.472090005875, 10515.463111758232, 9756.32065552473], [8176.769886672497, 5289.130050420761, 6873.669096112251, 9168.16067802906, 10375.718428850174, 9797.555263757706, 9222.455217838287]]}