{"name": "(03003) 21 angeles", "estimation_time": 4.945321942999726, "simulation_time": 0.7839083200015011, "prediction": [[3509.5902861356735, 2917.874956846237, 1785.5251432657242, 1537.9202075004578, 2504.2826343774796, 3212.752086043358, 3178.5620011091232], [3416.484513401985, 2156.6227085590363, 1194.2321382164955, 2192.8192604780197, 3408.5978467464447, 3399.7879923582077, 3172.792278647423], [2633.0305643081665, 1066.836951494217, 2448.6131687164307, 3216.360472559929, 3311.6167343854904, 3159.5972825288773, 3233.9191175699234], [1266.7177416086197, 2496.2621898651123, 3074.627051472664, 3170.6062359809875, 3163.1902022361755, 3108.171748638153, 2208.6588801145554], [2893.5243738889694, 2855.6140191555023, 2870.0817127227783, 3041.353726506233, 2974.1763521432877, 1754.0439594984055, 1004.6995474100113], [3503.2790244817734, 3174.1748507022858, 3268.2413734197617, 3131.126301407814, 1921.9831771850586, 1261.0710505843163, 2638.0030430555344], [3602.7772094011307, 3328.663970351219, 2958.208779811859, 2127.599743127823, 1733.2183025479317, 2219.2377759218216, 3028.759525537491], [3654.931290268898, 3065.155539035797, 1943.6702550649643, 1652.1491221785545, 2586.9828600883484, 3337.9066945314407, 3317.8825999498367], [3587.2931255102158, 2310.598008751869, 1306.3921160697937, 2295.428081870079, 3523.890255212784, 3534.315286397934, 3303.955441236496], [2805.4336638450623, 1215.405898809433, 2599.6168328523636, 3362.123097896576, 3466.3866670131683, 3317.11006295681, 3380.4102898836136]]}