{"name": "(03007) humedal cordoba", "estimation_time": 4.945321942999726, "simulation_time": 0.7839083200015011, "prediction": [[3161.737113773823, 2553.2131679058075, 1407.6731987297535, 1184.3809478282928, 2169.335707485676, 2873.2829955220222, 2859.905550956726], [3059.110720038414, 1767.8419291079044, 837.3175191879272, 1874.2667718529701, 3075.875769972801, 3057.513923406601, 2860.7484612464905], [2208.4493367671967, 730.9310844540596, 2112.0765936374664, 2901.529505312443, 2970.8746530413628, 2837.2739355564117, 2920.9864966869354], [930.5860216766596, 2162.3343684077263, 2752.2620755434036, 2835.033123910427, 2842.6704019904137, 2774.906837940216, 1808.770501255989], [2559.478275179863, 2567.575322508812, 2577.314241886139, 2777.5405569672585, 2663.1203683018684, 1371.9805118441582, 699.8606937229633], [3122.4698524475098, 2828.7404079437256, 2941.875195980072, 2761.454267680645, 1500.7600378990173, 907.6560164093971, 2296.242725610733], [3229.1103998422623, 2989.4603741765022, 2595.6114803552628, 1742.0769149065018, 1352.3065950274467, 1873.696380019188, 2696.860632300377], [3282.5935084819794, 2685.650376200676, 1551.1393284797668, 1279.7329205870628, 2234.032452881336, 2981.1811470389366, 2976.7079753875732], [3218.0100150704384, 1908.8552049398422, 936.6636903434992, 1963.2317458987236, 3179.0340536236763, 3180.4807866811752, 2980.0634645223618], [2361.399615883827, 863.6597804427147, 2245.5073392391205, 3029.1971710920334, 3108.2709084153175, 2978.6728879213333, 3049.7203838825226]]}