{"name": "(03011) suba - calle 100", "estimation_time": 4.945321942999726, "simulation_time": 0.7839083200015011, "prediction": [[12087.839030385017, 9560.215846598148, 5499.335508197546, 4788.881086796522, 8459.779881119728, 11394.542985737324, 11335.833713412285], [11379.28078842163, 6627.4608753323555, 3535.684645175934, 7289.4610029459, 11841.001760959625, 12226.11938726902, 11131.6246560812], [8369.417718708515, 3230.454773068428, 8193.983376264572, 11199.574924349785, 11941.284319639206, 11233.637702405453, 11003.073414206505], [3911.9003359675407, 8444.142158389091, 10773.233947634697, 11468.918129205704, 11118.238166630268, 10734.206813156605, 6925.386874079704], [9902.546606123447, 10112.874744534492, 10460.198648631573, 10701.229668200016, 10068.541634261608, 5545.274677336216, 3101.3539974093437], [12089.485712528229, 11180.426326870918, 11202.17097568512, 10280.064161002636, 5886.970178365707, 4088.8943563699722, 8952.125047206879], [12628.339733242989, 11528.129594802856, 9777.80755496025, 6692.873308300972, 5446.908769667149, 7606.4914573431015, 10652.291733503342], [12492.7309166193, 10023.479224205017, 6002.23984760046, 5131.126121610403, 8681.971935749054, 11737.958098888397, 11694.734931707382], [11909.8655731678, 7107.7220557928085, 3876.935529232025, 7595.79953867197, 12188.802268862724, 12648.627061963081, 11532.722264230251], [8892.821459531784, 3696.591847717762, 8670.071554541588, 11653.576834440231, 12421.65361559391, 11714.61410844326, 11417.125689566135]]}