{"name": "(03006) niza - calle 127", "estimation_time": 4.945321942999726, "simulation_time": 0.7839083200015011, "prediction": [[12010.658215522766, 9973.105229079723, 5862.3973199129105, 4895.08873039484, 8431.233657240868, 11114.389421582222, 10951.051130235195], [11738.827653169632, 7206.305510640144, 3651.172307521105, 7289.715464651585, 11773.283819794655, 11764.418124198914, 10898.273033738136], [9017.860105574131, 3168.729205518961, 8349.389011502266, 11200.578992009163, 11535.354193091393, 10968.929983019829, 11278.146559238434], [3781.066240310669, 8434.357350707054, 10603.71469372511, 10966.251443564892, 10898.311802983284, 10790.279916763306, 7435.293287873268], [9886.074504494667, 9847.319105505943, 9841.471180260181, 10473.360029995441, 10276.929418683052, 5850.225853860378, 2929.643251463771], [11900.131943762302, 10717.434582054615, 11029.746467113495, 10654.762712657452, 6279.6371285021305, 3857.08442234993, 8966.725548148155], [12307.416017889977, 11378.519442617893, 10060.138030588627, 7034.043369829655, 5581.595831155777, 7469.255838930607, 10448.198097586632], [12343.842492938042, 10375.698916852474, 6326.064338028431, 5191.660301923752, 8604.511413812637, 11419.456303954124, 11274.276557803154], [12265.691310107708, 7709.6161588430405, 4006.6845547556877, 7605.747812628746, 12124.88348865509, 12180.19681686163, 11296.687950730324], [9509.791288018227, 3609.399484336376, 8801.974948585033, 11626.738150060177, 11984.734052062035, 11421.674458622932, 11676.809322476387]]}