{"name": "(03000) portal suba", "estimation_time": 4.945321942999726, "simulation_time": 0.7839083200015011, "prediction": [[83706.65476131439, 70125.42469197512, 43780.72507581115, 38351.92775452137, 60975.7799859643, 77599.73604691029, 76397.37329310179], [81475.42439883947, 52159.96352350712, 30308.53476074338, 53754.312401771545, 81943.73835128546, 82023.42317861319, 76248.04452884197], [63061.901668548584, 27300.926795840263, 59938.75321298838, 77800.73450052738, 80145.00391244888, 76701.53047972918, 77636.01070791483], [31586.974445730448, 61267.673336446285, 74718.04566478729, 77019.40168607235, 76712.51976007223, 75389.6763573885, 53669.57953059673], [70251.83152353764, 70025.5727789402, 70532.93631112576, 74473.76751118898, 72211.14995759726, 43731.17546451092, 26300.60622638464], [82807.97249019146, 76233.04089951515, 78519.49365019798, 74717.18257975578, 46317.193990170956, 31763.523005068302, 63922.97450762987], [85485.64362108707, 79942.87140524387, 71079.73078620434, 51642.71967488527, 42598.632275402546, 54298.276760816574, 72998.8204255104], [87031.8504191637, 73643.79584085941, 47539.96469062567, 41090.647097587585, 63000.6025595665, 80537.75778114796, 79552.89747321606], [85606.85187071562, 55880.19119310379, 33089.482546150684, 56344.31015086174, 84865.23100358248, 85400.00752139091, 79550.88528078794], [67192.46605539322, 30913.36166831851, 63657.12926411629, 81434.69381046295, 84008.92018598318, 80633.65054249763, 81188.348267138]]}