{"name": "(03002) suba - tv- 91", "estimation_time": 4.945321942999726, "simulation_time": 0.7839083200015011, "prediction": [[12132.907631874084, 10310.871953487396, 6508.651203632355, 5553.218314886093, 8731.723219394684, 11154.48783814907, 11039.914458155632], [11924.530873179436, 7814.61338531971, 4484.86606413126, 7630.113243818283, 11763.69951415062, 11831.748707056046, 11013.761922478676], [9458.047194600105, 4003.456223577261, 8522.560024380684, 11192.805761098862, 11516.43521142006, 10972.139170885086, 11272.248658657074], [4587.345259487629, 8715.825146198273, 10746.100309729576, 11030.784484148026, 11003.736463069916, 10887.962260246277, 7984.436161875725], [10205.250220179558, 10190.198239564896, 10182.383269190788, 10770.122539520264, 10600.363909482956, 6639.7522549033165, 3891.555347919464], [12030.015974402428, 10957.916604757309, 11285.457068324089, 10856.22641158104, 6888.811056494713, 4581.01848834753, 9178.34528028965], [12381.25344491005, 11547.45390200615, 10333.213544487953, 7582.3112580776215, 6204.196430683136, 7762.198623418808, 10524.902586340904], [12574.507661819458, 10770.758231520653, 7004.348558664322, 5908.850784122944, 8980.815697908401, 11529.229876041412, 11455.635216593742], [12476.872811555862, 8315.026792407036, 4848.781773328781, 7959.845593929291, 12140.979188323021, 12273.037626385689, 11443.301765441895], [10006.79115474224, 4472.511444628239, 9001.476650118828, 11655.634439945221, 12009.811745405197, 11479.529153347015, 11732.168292880058]]}