{"name": "(03009) av. suba- calle 116", "estimation_time": 4.945321942999726, "simulation_time": 0.7839083200015011, "prediction": [[12630.98432534933, 9508.004045903683, 4768.366504400969, 4290.631128191948, 8786.248052716255, 11698.834047853947, 11636.858024477959], [11857.383853673935, 5938.997281461954, 2654.445698991418, 7663.519430309534, 12546.78006875515, 12271.402306973934, 11545.031258225441], [7790.412059217691, 2375.258354179561, 8665.613745868206, 11698.503254652023, 12091.895726442337, 11634.647683918476, 11639.458005547523], [3340.695143431425, 8689.41748201847, 11013.191577732563, 11473.843847870827, 11454.49289137125, 10936.199682891369, 6298.644834339619], [10411.550073504448, 10112.351634681225, 10314.206817924976, 11107.501522064209, 10162.424452543259, 4471.502787947655, 2430.321825005114], [12464.565029501915, 11255.650511980057, 11558.047212839127, 10496.308921396732, 5001.5382634699345, 3186.9489720463753, 9286.829113066196], [12980.971557617188, 11821.639463722706, 9853.493917226791, 6089.130138963461, 4839.020722478628, 7535.742754340172, 10962.330562591553], [12972.474362969398, 9942.331953525543, 5249.363893896341, 4560.034104943275, 8943.338266968727, 12045.057727277279, 11940.585031151772], [12426.201042711735, 6446.468826621771, 2992.0099078565836, 7970.0416841208935, 12905.248446404934, 12709.64356058836, 11946.860294103622], [8298.518442004919, 2836.920279175043, 9144.153814435005, 12148.838521718979, 12576.353515982628, 12109.66939675808, 12027.668347716331]]}