{"name": "(04002) carrera 90", "estimation_time": 4.945321942999726, "simulation_time": 0.7839083200015011, "prediction": [[8905.457051992416, 7453.970178961754, 4635.3096407055855, 4006.851438641548, 6416.417935848236, 8300.760008335114, 8175.771092057228], [8672.41309428215, 5569.147670984268, 3106.729243814945, 5642.501313209534, 8714.38490498066, 8736.79681801796, 8113.782030582428], [6886.117437839508, 2788.0198805332184, 6335.950627565384, 8283.564712166786, 8577.283646345139, 8217.144908189774, 8314.921314120293], [3287.1362597346306, 6420.456277966499, 7888.197437763214, 8213.678257465363, 8143.370415210724, 8017.544628620148, 5847.669276475906], [7350.955684185028, 7210.637923359871, 7294.217057943344, 7677.770987272263, 7531.18287229538, 4544.545714139938, 2511.325003504753], [8929.757962226868, 8120.057752728462, 8253.175959587097, 8028.05194067955, 4998.358368575573, 3292.8877972364426, 6805.296915531158], [9204.601418018341, 8496.327313780785, 7556.430696725845, 5524.207359433174, 4485.748998880386, 5785.253459453583, 7816.9797204732895], [9217.550093889236, 7802.453391075134, 5013.048958599567, 4278.408071517944, 6608.23569726944, 8588.10767006874, 8474.72328388691], [9072.490783691406, 5949.441617369652, 3383.331791341305, 5897.277595877647, 8991.483991980553, 9064.454896211624, 8425.510585665703], [7279.448632001877, 3145.7835496068, 6712.338284492493, 8638.470729470253, 8955.75086426735, 8593.335559725761, 8651.290036678314]]}