{"name": "(04001) quirigua", "estimation_time": 4.945321942999726, "simulation_time": 0.7839083200015011, "prediction": [[5892.623721122742, 5202.898673295975, 3603.0931948423386, 3091.3243309259415, 4364.528387784958, 5445.363800764084, 5408.530658006668], [5873.19091296196, 4204.179280996323, 2656.0858124494553, 3908.4049174785614, 5676.706378221512, 5750.145807504654, 5425.106990098953], [4949.459375619888, 2402.65096616745, 4332.805775165558, 5467.676166296005, 5620.914583206177, 5412.846202135086, 5591.2508227825165], [2600.9562859535217, 4349.009509086609, 5210.1669754981995, 5377.723713636398, 5359.804709196091, 5377.5334577560425, 4281.381951808929], [4914.231702327728, 4891.78018951416, 4878.447110176086, 5146.562489271164, 5182.506672143936, 3568.3027473688126, 2175.5223751068115], [5831.057643651962, 5353.203126907349, 5478.525367736816, 5432.170198440552, 3812.434509754181, 2624.9244052171707, 4589.9572057724], [6001.584945440292, 5639.300489425659, 5217.5886034965515, 4060.1776716709137, 3399.2381407022476, 4002.348457098007, 5184.947025299072], [6098.516194820404, 5410.711841106415, 3840.05953168869, 3265.9231745004654, 4485.101815462112, 5616.565076589584, 5602.086175441742], [6133.35445356369, 4448.2465806007385, 2842.6115894317627, 4078.8870458602905, 5860.754047632217, 5959.196462869644, 5634.477156639099], [5205.217025279999, 2628.0916545391083, 4565.169205665588, 5693.8834836483, 5855.828167915344, 5650.928519964218, 5810.663664102554]]}