{"name": "(04000) cabecera calle 80", "estimation_time": 4.945321942999726, "simulation_time": 0.7839083200015011, "prediction": [[89527.32902419567, 76830.99970668554, 50153.14115175605, 43729.90724936128, 65900.60509103537, 82973.44457691908, 81731.57241457701], [87843.76311922073, 59129.23934054375, 35907.005917578936, 58297.28798085451, 86971.30362010002, 87621.83333480358, 81597.82590651512], [70326.852873981, 32280.03113114834, 64894.81697148085, 82725.64170688391, 85564.07377266884, 81671.05060315132, 83541.02135074139], [36577.89080384374, 66565.07338017225, 79927.06623530388, 82555.95236939192, 81859.041621387, 81527.42307472229, 60546.808536708355], [75980.82305431366, 74959.6989081502, 75691.13256633282, 79373.96724575758, 78447.54632163048, 50286.7798178494, 31244.219133540988], [89002.5969657898, 82119.17442315817, 84453.83171975613, 81591.1262242198, 53321.670743107796, 37401.28894740343, 69660.36704134941], [91428.70874512196, 85807.45062857866, 77424.26982951164, 58172.896763563156, 48414.39385950565, 59459.18184328079, 78479.48102456331], [93003.54298532009, 80489.33628559113, 54102.311792850494, 46687.09354287386, 68026.86227685213, 85975.85934269428, 85041.49855363369], [91865.96299338341, 62844.37718296051, 38665.533824801445, 60817.69857484102, 89741.02687168121, 90854.35140752792, 84743.26158964634], [74428.1054044962, 35884.91853439808, 68605.31311583519, 86318.90015119314, 89334.13013756275, 85470.62421351671, 87014.48534166813]]}