{"name": "(04003) avenida ciudad de cali", "estimation_time": 4.945321942999726, "simulation_time": 0.7839083200015011, "prediction": [[15179.551516771317, 13119.082730770111, 8593.461026072502, 7314.201760590076, 11126.347393870354, 14295.915898561478, 14142.784316897392], [14831.998732566833, 10085.158813118935, 5883.054735302925, 9791.404066443443, 14930.826631307602, 15091.468308448792, 14071.947894215584], [12263.524142503738, 5322.530911445618, 11108.472116231918, 14306.401733636856, 14915.482871174812, 14278.57478427887, 14399.71360051632], [5823.232826828957, 11176.982131361961, 13635.82709634304, 14222.576476335526, 14166.498098731041, 13964.482343673706, 10604.560833334923], [12572.509674310684, 12568.627941012383, 12687.89334654808, 13270.131404399872, 13149.358934283257, 8527.92729896307, 4657.790390968323], [15078.88969373703, 13950.250784039497, 14121.80058145523, 13848.036925792694, 9251.102767825127, 6027.053439795971, 11735.613898158073], [15632.265380859375, 14660.048586845398, 13310.39437866211, 9931.904384851456, 8204.793019294739, 10125.007180094719, 13490.837392687798], [15670.986191511154, 13638.920198321342, 9203.757467508316, 7766.190610349178, 11456.78172326088, 14806.308436632156, 14686.514351963997], [15603.64321911335, 10835.823951601982, 6473.007998585701, 10343.622582435608, 15511.376645207405, 15750.49426817894, 14729.357104897499], [13024.988813638687, 6027.7992941737175, 11854.645675778389, 15023.452970266342, 15659.724887251854, 15036.334314107895, 15080.385789871216]]}