{"name": "(04106) carrera 47", "estimation_time": 4.945321942999726, "simulation_time": 0.7839083200015011, "prediction": [[4348.874537825584, 3742.618579387665, 2664.2953574061394, 2381.2433311343193, 3274.6051408052444, 4027.0733503103256, 4044.520067214966], [4259.349018454552, 3035.55946290493, 2122.8425611257553, 2986.7002605199814, 4178.847751617432, 4305.625029087067, 4070.0521614551544], [3523.791912972927, 2057.911224514246, 3237.6390714645386, 4056.3442409038544, 4230.3278378248215, 4099.437841534615, 4090.382321715355], [2131.5356160104275, 3198.5451134443283, 3854.60900080204, 4014.828781545162, 3986.259049117565, 3923.580349087715, 3013.269743323326], [3486.150384604931, 3547.204899072647, 3625.5877002477646, 3766.6457749009132, 3637.1688029170036, 2477.493672609329, 1758.0073093175888], [4323.482075572014, 4048.6387825012207, 4107.189558386803, 3908.8493886590004, 2764.228813767433, 2184.560541689396, 3404.4903007745743], [4490.652830839157, 4217.116338968277, 3814.5423303842545, 3003.5436901450157, 2609.2805688381195, 3083.0968729257584, 3870.034908771515], [4491.126551628113, 3892.2762283086777, 2833.5413181185722, 2507.064600646496, 3360.8158996105194, 4141.969059348106, 4170.209414482117], [4452.068572402, 3211.1828790307045, 2265.4976230859756, 3117.6731365323067, 4318.808687210083, 4464.802495598793, 4226.002672791481], [3702.1991882920265, 2214.6524126827717, 3400.259365916252, 4214.067564487457, 4393.758083462715, 4265.552362203598, 4240.9625697135925]]}