{"name": "(04102) avenida boyaca", "estimation_time": 4.945321942999726, "simulation_time": 0.7839083200015011, "prediction": [[12306.826747596264, 11958.502162277699, 9385.079230248928, 7748.924841910601, 9305.193986415863, 11336.672600448132, 11354.580521941185], [12711.638248741627, 10661.463706552982, 7208.555682569742, 8398.989314943552, 11499.089149534702, 12018.11375528574, 11504.746216893196], [12140.09410995245, 6792.755676358938, 9462.827796578407, 11429.497563242912, 12056.406434834003, 11637.93729108572, 12417.883552193642], [6666.755803972483, 9211.617767810822, 10763.377240777016, 11389.124614477158, 11310.884612321854, 11896.03254944086, 10760.947411119938], [9857.654176414013, 9929.991820633411, 10005.265259742737, 10501.516301989555, 11472.009753525257, 9286.33908945322, 5669.040226370096], [11685.619386255741, 11192.289609491825, 11250.177331089973, 12192.329037547112, 9975.569715797901, 6747.485035419464, 9554.256226956844], [12182.114009737968, 11950.12553179264, 11755.946844279766, 10115.040912508965, 8515.099789172411, 8894.75704073906, 10771.300040960312], [12579.928319394588, 12249.417641758919, 9784.894324719906, 8066.317174345255, 9494.028416156769, 11577.377013266087, 11632.66397100687], [13148.411026656628, 11142.506733000278, 7602.720974385738, 8749.559975653887, 11832.31597161293, 12373.959445416927, 11865.677199482918], [12558.833329737186, 7196.079195290804, 9889.310335636139, 11837.423485517502, 12459.37270128727, 12038.799357533455, 12791.646565198898]]}