{"name": "(04108) el polo", "estimation_time": 4.945321942999726, "simulation_time": 0.7839083200015011, "prediction": [[8535.636771440506, 6785.208677828312, 3445.742957174778, 2818.860469222069, 5706.038620769978, 7804.885353386402, 7699.071152985096], [8157.329532623291, 4469.090134561062, 1737.0070287138224, 4763.358773201704, 8325.171812355518, 8294.459927380085, 7602.3141523599625], [5852.788005113602, 1322.6093122661114, 5520.620345532894, 7778.023615419865, 8045.565249979496, 7627.056821286678, 7675.972396910191], [1975.6202084869146, 5794.331569612026, 7465.55208337307, 7746.827007353306, 7752.798880875111, 7467.127433419228, 4753.42859351635], [7210.262994229794, 7110.622635304928, 7157.881010711193, 7691.941152691841, 7328.809679687023, 3777.1556286513805, 1542.501258507371], [8449.484682917595, 7576.875225484371, 7833.860845446587, 7296.841341435909, 3758.6588187217712, 1929.874599635601, 6052.635827720165], [8743.540989458561, 7986.037852823734, 6814.90806555748, 4358.837688356638, 3253.2127524614334, 4772.084054589272, 7171.675422012806], [8846.394233345985, 7128.4362089037895, 3826.059245646, 3073.8258781433105, 5875.874005317688, 8083.018612682819, 7989.349595785141], [8541.571440339088, 4819.09050154686, 1970.531679019332, 4968.756462603807, 8566.752060830593, 8583.740754783154, 7875.122367084026], [6252.465579509735, 1674.795716613531, 5880.642043530941, 8118.917885124683, 8410.832268357277, 7991.064728915691, 7992.998306334019]]}