{"name": "(04101) minuto de dios", "estimation_time": 4.945321942999726, "simulation_time": 0.7839083200015011, "prediction": [[10127.751898765564, 9436.694934666157, 6130.112645179033, 4473.657364472747, 6778.871355801821, 9523.92601698637, 9394.856454730034], [10184.400742650032, 7684.4924983382225, 3689.019608274102, 5792.778896689415, 9699.377971887589, 10212.22798883915, 9323.612537682056], [9106.732614934444, 2807.2312012314796, 6883.854349255562, 9090.0840690732, 9645.127430856228, 9318.57144922018, 9411.650960445404], [3504.9726705253124, 7474.46265399456, 9236.994486749172, 9675.246246755123, 9504.928429722786, 9528.340390324593, 8470.76637327671], [8612.414025962353, 8718.295128643513, 8702.372733056545, 9069.508290886879, 9340.9699010849, 7022.942687124014, 2766.8676000088453], [10571.418769359589, 9869.473200142384, 9723.217777311802, 9958.956625461578, 7179.17492210865, 3691.1515343934298, 7894.701143503189], [10603.492535054684, 10009.56364363432, 9375.52315980196, 6946.544562727213, 5298.722579330206, 6376.734624952078, 8942.267788052559], [10760.262540876865, 10027.691857516766, 6782.3625330626965, 4984.599184393883, 7188.004124909639, 10064.39984858036, 10028.875044584274], [10838.978690207005, 8346.538116931915, 4168.809946328402, 6205.139203071594, 10147.295923233032, 10757.213804423809, 9891.844284534454], [9839.591569006443, 3443.794966042042, 7530.446468293667, 9702.531616985798, 10295.118589997292, 10004.426769018173, 10071.2818557024]]}