{"name": "(04103) las ferias", "estimation_time": 4.945321942999726, "simulation_time": 0.7839083200015011, "prediction": [[5530.215908408165, 4786.185118734837, 3111.25719588995, 2647.179009228945, 4002.8394659757614, 5142.674415409565, 5084.324640929699], [5480.402598142624, 3735.210394382477, 2214.409547328949, 3553.1264539957047, 5373.482882499695, 5472.394231557846, 5092.137477695942], [4520.186854958534, 1914.3948050439358, 4038.171035706997, 5166.995595216751, 5318.595824122429, 5110.29668289423, 5184.906906485558], [2046.3616954684258, 4014.2735038399696, 4888.946622610092, 5035.165603518486, 5002.555853426456, 4940.844748675823, 3803.411306500435], [4555.790272414684, 4518.525687098503, 4535.3799675107, 4792.354892253876, 4713.167822539806, 3058.8671814203262, 1670.4274179190397], [5484.6479905843735, 5027.326306164265, 5173.864763855934, 4982.423245429993, 3273.695681631565, 2187.2800635397434, 4295.069642543793], [5686.284912824631, 5314.125377416611, 4819.77140378952, 3591.549456000328, 2945.3813405036926, 3648.035290956497, 4900.356428146362], [5711.080990552902, 4982.729909718037, 3336.5267655849457, 2806.58733984828, 4095.954275071621, 5279.58233320713, 5248.042426466942], [5725.38196349144, 3968.721462368965, 2393.4690425097942, 3714.8931193351746, 5546.240440487862, 5671.2630977630615, 5286.966786980629], [4750.084242224693, 2115.6633680462837, 4250.804699778557, 5367.823659062386, 5524.994538068771, 5315.762034416199, 5368.96285700798]]}