{"name": "(04107) escuela militar", "estimation_time": 4.945321942999726, "simulation_time": 0.7839083200015011, "prediction": [[3138.4831390976906, 2730.497854411602, 1776.5222516655922, 1459.62153840065, 2240.565682351589, 2863.994656264782, 2834.268737077713], [3130.5276697278023, 2126.1557352244854, 1191.0040937960148, 1961.0042615532875, 3013.452967584133, 3022.5623915195465, 2850.4702095985413], [2502.4578400850296, 1037.4215414226055, 2187.968656361103, 2819.542244076729, 2946.184233546257, 2832.4469514489174, 2970.679553091526], [1251.3970682621002, 2256.0518517792225, 2730.9884400367737, 2847.778557896614, 2865.4175776839256, 2911.20044618845, 2188.2137012779713], [2722.6928577423096, 2639.64308232069, 2645.8469205498695, 2806.958065867424, 2890.5864298939705, 1869.8206557929516, 1064.9098299145699], [3091.2661938667297, 2821.4934312701225, 2867.790187597275, 2906.5397588014603, 1927.0489935278893, 1210.7854903489351, 2342.7500324249268], [3153.700465619564, 2966.3374117016792, 2719.9722022414207, 2021.971238553524, 1640.7599308490753, 1996.7359502911568, 2664.450502574444], [3267.2639728188515, 2860.2650651931763, 1922.89153444767, 1569.69008782506, 2320.2666345238686, 2977.083691060543, 2955.7190465331078], [3282.2388573288918, 2269.8146501779556, 1297.7867235094309, 2056.4277517199516, 3114.6306131482124, 3137.9325627088547, 2965.160154938698], [2669.10945469141, 1185.0679209679365, 2336.458934903145, 2961.36933362484, 3095.8004544377327, 2982.703982770443, 3112.06662774086]]}