{"name": "(04100) carrera 77", "estimation_time": 4.945321942999726, "simulation_time": 0.7839083200015011, "prediction": [[20064.729923009872, 17489.67814397812, 11751.03625869751, 10357.138735175133, 15065.072405576706, 18786.73933672905, 18516.09713792801], [19610.229259967804, 13586.267640829086, 8494.21127808094, 13366.476909160614, 19555.652238368988, 19722.074271678925, 18470.421213150024], [16218.565202951431, 7980.489713311195, 14968.33600640297, 18805.877870559692, 19435.15301966667, 18787.946353673935, 19004.629408597946], [8580.077993273735, 15180.488828897476, 18015.843478679657, 18617.389895439148, 18662.56681537628, 18575.016285419464, 14087.540210485458], [16600.549489736557, 16422.317239761353, 16475.36850833893, 17408.332517147064, 17315.05126929283, 11537.097730398178, 7082.686604499817], [19704.296897649765, 18349.045470237732, 18860.379127025604, 18415.238070487976, 12526.670050144196, 8873.190432310104, 15743.828717947006], [20422.072253465652, 19368.213218450546, 17635.780752420425, 13526.33742070198, 11431.338748931885, 13753.103769779205, 17751.609965085983], [20874.314331769943, 18335.478286266327, 12691.58461856842, 11104.426569700241, 15675.991491794586, 19593.524354457855, 19386.669866085052], [20649.827468156815, 14580.950188159943, 9291.465564608574, 14115.504076004028, 20358.65944981575, 20608.958710432053, 19360.034502983093], [17282.874601125717, 8977.30544102192, 15988.475638389587, 19800.72109222412, 20484.79794573784, 19852.228319644928, 19963.421489953995]]}