{"name": "(04104) avenida 68", "estimation_time": 4.945321942999726, "simulation_time": 0.7839083200015011, "prediction": [[14670.827933549881, 12097.18905878067, 7051.298989057541, 6068.223495006561, 10271.056209087372, 13484.207337856293, 13341.939383029938], [14182.77146100998, 8590.455614447594, 4252.585483551025, 9032.37470650673, 14207.178482055664, 14092.362936973572, 13246.687683582306], [10604.31962943077, 3852.419729590416, 10133.774787664413, 13527.975436925888, 13894.43462729454, 13392.87279868126, 13750.690472602844], [4882.04169100523, 10439.81052160263, 12868.081809282303, 13630.491899490356, 13514.635394573212, 13333.07314324379, 9072.285700678825], [12388.776631832123, 12120.255488872528, 12236.133949518204, 13309.420366048813, 12879.767422914505, 7190.038529157639, 3837.1721218824387], [14397.842028617859, 13154.250191926956, 13370.749173402786, 13157.808311462402, 7618.837781906128, 4622.839786171913, 10826.463170409203], [14826.62449169159, 13829.157663345337, 12185.666770219803, 8532.673948764801, 6668.992282986641, 8988.502640604973, 12518.55823469162], [15221.180557012558, 12707.612555503845, 7760.825478315353, 6543.065847754478, 10623.388825416565, 14033.812175035477, 13888.463960647583], [14867.526722431183, 9242.110677838326, 4738.959114074707, 9465.889274835587, 14682.778307437897, 14635.84212589264, 13766.833099126816], [11320.577486753464, 4526.6039534807205, 10830.647028207779, 14205.947669744492, 14612.742116451263, 14106.630285978317, 14380.602907180786]]}