{"name": "(04105) carrera 53", "estimation_time": 4.945321942999726, "simulation_time": 0.7839083200015011, "prediction": [[5679.36315625906, 4812.213782787323, 3128.402313500643, 2725.9623186290264, 4151.217267692089, 5277.476033687592, 5241.11937046051], [5566.775199711323, 3689.9892033338547, 2229.868188202381, 3715.548071861267, 5516.126753270626, 5560.20615875721, 5255.575576663017], [4430.432508826256, 2038.4673261344433, 4163.216035306454, 5283.177058279514, 5453.256197988987, 5281.442053198814, 5423.217145562172], [2261.8744931817055, 4113.074902296066, 4981.460873663425, 5185.292970061302, 5151.3612033724785, 5124.949048042297, 3775.097967863083], [4596.424367070198, 4518.846175432205, 4591.9167793393135, 4849.19114279747, 4764.085803747177, 2917.3674625456333, 1773.7175399959087], [5655.991113483906, 5194.335549354553, 5278.731814265251, 5130.220517575741, 3334.2364310622215, 2340.52640119195, 4434.432098031044], [5836.09560239315, 5451.013536930084, 4900.194811403751, 3643.9168542027473, 3039.2872800827026, 3818.2089904546738, 5039.7601273059845], [5855.870892286301, 5015.4542989730835, 3356.7454244196415, 2880.88765335083, 4252.691600382328, 5433.197278439999, 5402.381327390671], [5812.121360421181, 3927.19950902462, 2408.2484622895718, 3877.117979347706, 5688.754449307919, 5758.178973436356, 5444.973047375679], [4660.928875803947, 2252.6772535145283, 4386.618577957153, 5495.401920616627, 5674.02009421587, 5495.034366726875, 5615.641369462013]]}