{"name": "(05002) tintal", "estimation_time": 4.945321942999726, "simulation_time": 0.7839083200015011, "prediction": [[23289.968595266342, 20203.601284503937, 13128.21321284771, 11113.681138515472, 17028.077044963837, 22089.947159051895, 21524.140290021896], [23040.73852300644, 15720.341681957245, 8792.379998147488, 15128.376959562302, 23023.254212856293, 23014.82834172249, 21345.80969786644], [19229.133808374405, 7837.2740359306335, 17074.21266388893, 22094.19774746895, 22605.8547976017, 21819.42565512657, 22223.298493146896], [9178.067764639854, 17375.564321517944, 21053.538234233856, 21825.510355710983, 21552.796619176865, 21513.654389619827, 16695.24593114853], [20123.71867108345, 19687.407484292984, 19469.661888599396, 20432.244451761246, 20421.725082159042, 13423.882637023926, 7159.654518187046], [23554.323399066925, 21322.533542633057, 21409.774359703064, 21615.17149400711, 14409.015073776245, 9028.800152420998, 18129.9216029644], [23978.61746954918, 22274.963223934174, 20311.711821317673, 15217.075360298157, 12388.031811118126, 15571.079090118408, 20621.385595560074], [23996.570348501205, 20961.574913024902, 14003.361674308777, 11700.782786130905, 17407.447081565857, 22721.4339864254, 22182.7455368042], [24031.887048482895, 16692.30231499672, 9498.052562713623, 15768.636064291, 23715.755392074585, 23811.910730600357, 22107.485019922256], [20194.541172027588, 8719.818772256374, 18003.449862957, 22976.7705142498, 23530.710878372192, 22749.62007331848, 23037.84511065483]]}