{"name": "(05001) patio bonito", "estimation_time": 4.945321942999726, "simulation_time": 0.7839083200015011, "prediction": [[14652.254259109497, 13160.655208587646, 9072.58722782135, 7705.2530064582825, 11003.89204788208, 14107.66945552826, 13716.59723854065], [14477.276247024536, 10661.059939861298, 6544.577481269836, 9702.52787733078, 14377.536067962646, 14784.129232883453, 13543.242069721222], [12781.868958950043, 6075.822906494141, 11059.942145824432, 13867.32806301117, 14483.924640655518, 14011.638887405396, 13971.425562858582], [6683.488939285278, 11507.064460754395, 13557.929738044739, 14059.496258735657, 13936.521496295929, 13993.033734321594, 11464.118443012238], [13024.029470443726, 12897.279969215393, 12933.954977989197, 13281.725204467773, 13316.069885253906, 9756.64019870758, 5747.428661346436], [14963.981127738953, 13804.915955543518, 13825.433012485504, 13706.642491340637, 9917.627321243286, 6956.292104005814, 11960.745953083038], [15186.622911930084, 14266.799096107483, 13082.918428897858, 10173.884889602661, 8648.899340629578, 10424.835876464844, 13303.555524349213], [15087.730287075043, 13604.216903686523, 9575.72841501236, 8079.51420879364, 11257.085038661957, 14483.188606739044, 14121.497079372406], [15036.84580898285, 11223.169487953186, 6953.501420259476, 10070.364618778229, 14791.483326911926, 15281.897818565369, 14016.22014093399], [13387.694460868835, 6604.081139564514, 11613.73406457901, 14389.53832769394, 15056.205731391907, 14611.050634384155, 14496.84315109253]]}