{"name": "(05005) transversal 86", "estimation_time": 4.945321942999726, "simulation_time": 0.7839083200015011, "prediction": [[5246.432786464691, 4462.0926632881165, 2790.0984535217285, 2354.216242790222, 3754.0479712486267, 4883.0680975914, 4837.651305198669], [5139.345655918121, 3373.584370136261, 1899.3719308376312, 3260.1772241592407, 5076.119261741638, 5192.687838077545, 4857.870549201965], [4076.96310710907, 1776.4039871692657, 3699.181031227112, 4814.11508846283, 5054.6499881744385, 4937.725750923157, 4970.05011177063], [1992.146791934967, 3800.193157196045, 4652.9769830703735, 4822.259565353394, 4872.4605503082275, 4836.7566204071045, 3490.070749282837], [4268.863826751709, 4320.83900642395, 4381.105353355408, 4604.459459781647, 4519.109375953674, 2808.6992032527924, 1587.0105979442596], [5265.415911197662, 4837.641504764557, 4927.900657653809, 4734.512801170349, 3066.3736395835876, 2145.822657108307, 4074.108651638031], [5416.418154716492, 5074.206912517548, 4508.218880653381, 3285.061158657074, 2731.490909099579, 3494.358913421631, 4640.036932468414], [5411.437953472137, 4652.466412067413, 2998.20166182518, 2496.9399647712708, 3852.566044807434, 5039.158979415894, 5005.294053554535], [5378.868265628815, 3603.998582839966, 2065.332640171051, 3411.7178592681885, 5247.2411642074585, 5397.572868347168, 5054.691086769104], [4304.15424156189, 1980.1012680530548, 3914.475070953369, 5021.082552909851, 5275.286845207214, 5169.028325557709, 5178.099417686462]]}