{"name": "(05000) portal americas", "estimation_time": 4.945321942999726, "simulation_time": 0.7839083200015011, "prediction": [[103337.48235809803, 89774.47439408302, 58118.46979624033, 50547.29058250785, 76790.41191577911, 98068.95835995674, 95614.56552094221], [101491.07705152035, 69540.89086025953, 40958.388750344515, 67398.87493079901, 102063.14533293247, 103418.93703758717, 94943.21442508698], [84321.20368045568, 36818.840205550194, 75735.75839936733, 97527.04855453968, 101084.43877828121, 97033.1203981638, 96895.96830290556], [40627.253348112106, 77742.41348230839, 93449.37251985073, 96732.96962958574, 96192.26556777954, 95008.42878013849, 72653.10863429308], [88047.47740024328, 87479.87979781628, 87496.6510463953, 91683.63294941187, 89856.86191225052, 59748.784015357494, 34100.558220624924], [103908.99490582943, 95517.43617451191, 97544.67325127125, 94477.6237245202, 63207.06509143114, 43380.22403091192, 81833.12941086292], [106801.42993295193, 100114.9316008091, 90009.31156945229, 67930.8113014102, 56959.78988146782, 70432.89303690195, 92513.8941065073], [106678.29522740841, 93451.13399714231, 62153.38907086849, 53471.772091567516, 78765.42987418175, 101019.23930895329, 98849.58555269241], [105803.49102342129, 73671.14823257923, 43977.06959924102, 70169.83252960443, 105175.33333551884, 107108.67126786709, 98469.60264849663], [88532.13671272993, 40528.94058665633, 79615.42453885078, 101247.52676594257, 105060.87204492092, 101131.29903614521, 100483.70059323311]]}