{"name": "(05101) mandalay - cr.73", "estimation_time": 4.945321942999726, "simulation_time": 0.7839083200015011, "prediction": [[3017.143666267395, 2443.556429862976, 1363.1532258987427, 1135.2793712615967, 2072.8433866500854, 2753.7204570770264, 2731.397039413452], [2916.967794418335, 1706.7257614135742, 806.4999122619629, 1769.453932762146, 2932.0398206710815, 2932.7107877731323, 2722.9277534484863], [2142.259656906128, 678.5557098388672, 2007.5611515045166, 2732.4676485061646, 2855.1118059158325, 2694.228660583496, 2778.761589050293], [891.4619584083557, 2080.21918964386, 2620.294520378113, 2733.8588638305664, 2719.06485748291, 2669.8601694107056, 1777.8404636383057], [2499.4242973327637, 2483.7077112197876, 2517.7174491882324, 2667.4879808425903, 2584.7163410186768, 1385.7840461730957, 688.245493888855], [3008.9284105300903, 2724.8515768051147, 2796.985189437866, 2653.143641471863, 1493.1378526687622, 883.4051926136017, 2209.460136413574], [3094.6563596725464, 2848.904058456421, 2477.910391807556, 1678.048984527588, 1318.2780237197876, 1792.48104763031, 2575.8245391845703], [3141.308099746704, 2574.3189544677734, 1503.557834148407, 1233.3649797439575, 2142.4874658584595, 2863.100182533264, 2849.859182357788], [3069.273049354553, 1843.1319971084595, 903.2124371528625, 1857.8471536636353, 3033.683897972107, 3053.2267446517944, 2838.8257904052734], [2293.654419898987, 809.2828543186188, 2140.265724182129, 2861.5040321350098, 2995.6135816574097, 2837.933337211609, 2909.6515007019043]]}