{"name": "(05103) marsella", "estimation_time": 4.945321942999726, "simulation_time": 0.7839083200015011, "prediction": [[9112.64364361763, 7553.3454413414, 4446.256521165371, 3701.2076749801636, 6336.586368560791, 8364.702997803688, 8274.402831554413], [8934.36547255516, 5498.382722973824, 2843.9615375101566, 5482.460108995438, 8855.16965830326, 8941.687763929367, 8286.726243972778], [6866.065935850143, 2395.111543238163, 6258.960466265678, 8365.246619462967, 8690.254569888115, 8260.944107174873, 8444.219930410385], [2843.1774487495422, 6355.5219448804855, 7972.933153867722, 8259.277562379837, 8216.334424614906, 8089.996156334877, 5620.442882061005], [7521.360962986946, 7515.482713103294, 7597.945212841034, 8032.8603801727295, 7814.04151237011, 4514.325683534145, 2293.7258560061455], [9016.779903650284, 8183.915841817856, 8460.468618273735, 8022.143550634384, 4728.257407486439, 2956.6429840922356, 6778.3253009319305], [9331.056653499603, 8634.321996450424, 7621.780817389488, 5312.848169088364, 4219.694637477398, 5599.8779274225235, 7868.642039299011], [9417.268011808395, 7893.12285387516, 4820.5182292461395, 3949.132849216461, 6486.730012655258, 8608.933824300766, 8555.705483675003], [9366.074411869049, 5892.275516033173, 3128.8697094917297, 5738.106990337372, 9144.431387424469, 9283.918659448624, 8619.470272541046], [7267.20222735405, 2736.744554042816, 6614.5693110227585, 8703.089888572693, 9053.249136805534, 8633.98997592926, 8775.994657278061]]}