{"name": "(05102) av. americas - av. boyaca", "estimation_time": 4.945321942999726, "simulation_time": 0.7839083200015011, "prediction": [[6536.578162491322, 5592.6728229522705, 3597.7723276913166, 3031.6030043661594, 4654.872625350952, 6029.578642129898, 6001.573088645935], [6443.206750929356, 4314.356248855591, 2485.126942574978, 4108.281848311424, 6314.524160504341, 6450.070695757866, 6017.035487174988], [5211.626708090305, 2192.740055426955, 4621.376130759716, 6007.293102324009, 6328.035504996777, 5991.780952095985, 6129.224494576454], [2460.743599116802, 4701.450953364372, 5749.794773042202, 6060.493417263031, 5966.418681323528, 5920.733378410339, 4416.405931591988], [5409.463086307049, 5445.403856813908, 5574.2299755215645, 5802.290689826012, 5757.997718632221, 3663.1088358461857, 2035.2305610775948], [6439.961078941822, 5961.8955718278885, 6048.673630535603, 5901.555709123611, 3832.777699112892, 2506.960958868265, 4948.56585252285], [6673.807665288448, 6241.302902877331, 5610.270249426365, 4159.308479309082, 3383.0649335980415, 4197.6473532915115, 5688.081548690796], [6747.264796078205, 5823.007440447807, 3855.3395577073097, 3212.210261851549, 4767.828310012817, 6203.199186205864, 6201.213413357735], [6742.998319447041, 4590.860800921917, 2689.600340604782, 4292.866020381451, 6517.9012315273285, 6691.972046375275, 6257.145060777664], [5496.19855183363, 2436.5542514920235, 4874.359940767288, 6250.772190272808, 6587.628416597843, 6258.56173145771, 6367.826484322548]]}