{"name": "(05107) americas - cr.53", "estimation_time": 4.945321942999726, "simulation_time": 0.7839083200015011, "prediction": [[12380.285726070404, 10417.736145019531, 6578.869854450226, 5748.48006772995, 9059.60902261734, 11708.093321800232, 11494.004786968231], [12037.884524822235, 7841.610234260559, 4568.770249843597, 8001.728344917297, 12221.914748191833, 12374.785249710083, 11394.574059963226], [9700.471397399902, 4107.69257235527, 9060.160056591034, 11693.695422172546, 12133.944607257843, 11589.876807689667, 11592.161823272705], [4609.8015677928925, 9133.281870365143, 11119.760003089905, 11558.193669319153, 11398.047941207886, 11209.896799087524, 8207.592796325684], [10445.89740037918, 10291.233079433441, 10391.446300983429, 10826.097033500671, 10495.54898071289, 6601.450082540512, 3750.511594414711], [12441.813469409943, 11389.456282615662, 11547.908797740936, 11043.10973072052, 7053.815768241882, 4865.817015171051, 9702.355302333832], [12863.280155181885, 11901.625922203064, 10556.39220571518, 7729.43470954895, 6437.517475366592, 8282.887183189392, 11097.240599155426], [12763.147155761719, 10848.803841590881, 7054.472669124603, 6072.030054807663, 9267.949839115143, 12040.287900924683, 11851.041923999786], [12578.044454574585, 8351.857172966003, 4941.650271177292, 8342.46855354309, 12599.206000328064, 12823.464991569519, 11828.590248584747], [10200.55182504654, 4553.7989592552185, 9524.401576519012, 12135.253806114197, 12601.323338508606, 12066.904551506042, 12009.478000164032]]}