{"name": "(05100) banderas p. central", "estimation_time": 4.945321942999726, "simulation_time": 0.7839083200015011, "prediction": [[52340.279850780964, 43013.715170800686, 25275.651955723763, 21512.834715425968, 36852.744302392006, 48231.48310369253, 47611.24451774359], [50788.25225520134, 30828.75517785549, 16167.335440263152, 31972.372018694878, 50988.68664705753, 51188.19329160452, 47541.97662085295], [38220.48089462519, 13996.087732121348, 36201.518370985985, 47945.65791296959, 49820.6498581171, 47583.19552654028, 48530.85281980038], [17265.633873701096, 37074.01057231426, 46081.39505815506, 47785.27176773548, 47587.04699486494, 46867.49262046814, 32099.054889440536], [43451.708480119705, 42956.95283937454, 43687.684081196785, 46156.366991341114, 44723.10861122608, 25304.156040638685, 13845.349280908704], [52165.119988143444, 47548.804489851, 49147.339443445206, 46423.45871037245, 27239.622769773006, 17636.011378735304, 39525.94135123491], [53709.1227158308, 49795.89041888714, 43823.21713447571, 30509.19744616747, 24522.62843865156, 32642.179236114025, 45434.94834238291], [54414.91306626797, 45257.719339847565, 27655.3530703187, 23201.8089351058, 38023.005343556404, 50039.74748212099, 49554.93073683977], [53338.03842538595, 33130.452352285385, 17813.077952325344, 33486.56098663807, 52703.83680343628, 53237.077860951424, 49505.78939592838], [40725.439602553844, 16167.7085878402, 38423.42342352867, 50095.97131037712, 52133.67315900326, 49945.65868639946, 50661.20355349779]]}