{"name": "(05105) pradera", "estimation_time": 4.945321942999726, "simulation_time": 0.7839083200015011, "prediction": [[15445.013022065163, 13665.598672866821, 9049.846151411533, 7706.722791135311, 11412.61374437809, 14504.968869924545, 14291.646047472954], [15342.313826322556, 10755.687406301498, 6285.679650247097, 10024.580943226814, 15097.13299357891, 15213.248596429825, 14266.017547488213], [13139.743311047554, 5701.002960443497, 11631.789187431335, 14658.85791862011, 15129.453451871872, 14581.634517550468, 15147.898304104805], [5961.776521742344, 11292.837546110153, 13575.14297747612, 14155.810882091522, 14087.44763815403, 14230.746952533722, 11236.136222720146], [12614.09480535984, 12138.255306720734, 12167.35054218769, 12946.34040915966, 13108.565435051918, 8688.216688275337, 4687.2162219285965], [15200.11269056797, 14062.491691350937, 14226.974806427956, 14251.80079126358, 9712.166452646255, 6263.399295449257, 12090.863592267036], [15807.188866972923, 14971.15219438076, 13738.983863830566, 10490.586652994156, 8648.94651377201, 10444.497807264328, 13797.4873265028], [15821.183604836464, 14103.753533005714, 9583.95788872242, 8053.348145127296, 11611.980817556381, 14857.485291600227, 14647.962773680687], [15952.287071585655, 11377.079976439476, 6762.2935056090355, 10457.919629454613, 15542.444426059723, 15716.536062598228, 14753.507053494453], [13680.26596391201, 6215.115175485611, 12191.585200071335, 15193.847440719604, 15668.315840601921, 15101.232210636139, 15605.618938446045]]}