{"name": "(06002) normandia", "estimation_time": 4.945321942999726, "simulation_time": 0.7839083200015011, "prediction": [[7808.218676805496, 6234.818005144596, 3430.5023989975452, 3000.4088349342346, 5461.388296246529, 7182.110986471176, 7132.53041613102], [7456.2845277786255, 4208.135532617569, 2077.3385037630796, 4709.118032157421, 7609.07414406538, 7611.004609048367, 7126.354951918125], [5173.365824401379, 1867.8534670174122, 5273.66113525629, 7131.151638269424, 7369.872902870178, 7110.412337958813, 7263.22087174654], [2401.11318269372, 5478.332217931747, 6881.47010153532, 7132.305165886879, 7127.614065587521, 7032.347730398178, 4390.313266694546], [6435.390589237213, 6427.31281632185, 6530.111396491528, 6965.563672661781, 6636.1954626441, 3403.6886011362076, 1958.9346350729465], [7745.748249232769, 7073.295761108398, 7363.614729583263, 6845.044233441353, 3691.5911888182163, 2523.9744325578213, 5891.42928725481], [7985.1492240428925, 7420.52165210247, 6380.288748264313, 4295.861703872681, 3414.899420171976, 4800.723610937595, 6773.671141922474], [8128.489328622818, 6593.10271525383, 3806.4223994612694, 3254.428198635578, 5647.28617888689, 7479.259612739086, 7438.116247832775], [7840.064749896526, 4549.896465539932, 2318.4486527889967, 4925.963626563549, 7860.117300927639, 7914.632259428501, 7415.508514344692], [5553.051067471504, 2209.876715287566, 5619.990864634514, 7467.627989292145, 7730.023406505585, 7473.737902164459, 7590.725048005581]]}