{"name": "(06001) modelia", "estimation_time": 4.945321942999726, "simulation_time": 0.7839083200015011, "prediction": [[7375.154048919678, 5629.844750404358, 2816.5805716514587, 2516.4165328741074, 5062.997789621353, 6742.4285526275635, 6716.999140501022], [6920.130733966827, 3521.0632568597794, 1560.6829406619072, 4324.135234594345, 7187.26963019371, 7141.013276100159, 6683.030422449112], [4490.5048751831055, 1369.3445748090744, 4915.100864887238, 6708.830562353134, 6924.71058344841, 6654.106953382492, 6740.915061712265], [1880.452614247799, 5036.664388179779, 6405.337304353714, 6638.773066043854, 6629.501101493835, 6427.534054040909, 3613.5824580192566], [5967.530419826508, 5884.70690202713, 6007.242276668549, 6422.560856103897, 5972.585303544998, 2608.0885058641434, 1453.2477063536644], [7231.281091451645, 6581.5921812057495, 6887.466056108475, 6198.012926340103, 2945.5282801389694, 1986.0016400814056, 5452.438732385635], [7537.199369907379, 6921.727167367935, 5802.9038281440735, 3665.7105536460876, 2854.8692108392715, 4329.7598242759705, 6347.0894775390625], [7691.249537944794, 5982.3767058849335, 3183.374864578247, 2759.0635184049606, 5236.1758353710175, 7025.93434715271, 7010.238528966904], [7277.216985940933, 3834.184545636177, 1780.7585738897324, 4522.699964523315, 7415.394140481949, 7414.345211267471, 6942.948714494705], [4836.72566151619, 1680.3822478055954, 5232.718641757965, 7016.3490443229675, 7254.438801050186, 6978.519311666489, 7024.547783374786]]}