{"name": "(06000) portal eldorado", "estimation_time": 4.945321942999726, "simulation_time": 0.7839083200015011, "prediction": [[67500.59991264343, 56041.35304117203, 35055.17650091648, 31521.860556840897, 50078.53402638435, 63606.46398329735, 62883.972121715546], [65037.188124895096, 41098.376423954964, 24369.942671597004, 44406.11776018143, 66631.22591876984, 66544.39059281349, 62471.01985836029], [49781.3928964138, 22469.272069871426, 49397.278295993805, 63407.574286699295, 65057.98270845413, 63116.21987605095, 63730.73262953758], [26361.43272483349, 50295.892874240875, 60862.250489234924, 62800.41005277634, 62629.64810991287, 61532.120810985565, 43303.62493419647], [57577.13606977463, 56853.16682958603, 57061.05894231796, 60321.05025076866, 57945.83604717255, 34970.05071306229, 22417.53024184704], [67360.99339032173, 62026.84693956375, 63492.56768608093, 60304.814435482025, 37423.01532351971, 27024.270148813725, 53311.64471888542], [69323.12102341652, 64742.867444992065, 57212.68787288666, 41527.37263524532, 34783.16615664959, 45322.234478235245, 60368.591143131256], [69618.6504676342, 58480.87734365463, 37682.78453075886, 33230.47577702999, 51265.61733031273, 65637.64851355553, 64935.498428583145], [67859.86385369301, 43707.87409448624, 26231.277588248253, 46086.223410606384, 68525.30203962326, 68824.81081271172, 64640.157014369965], [52500.11489415169, 24992.50521981716, 52010.79558753967, 65898.84521389008, 67698.49957370758, 65740.08265519142, 66034.59136509895]]}