{"name": "(06102) salitre el greco", "estimation_time": 4.945321942999726, "simulation_time": 0.7839083200015011, "prediction": [[11463.493470728397, 9583.776939928532, 5911.615275204182, 5014.971242129803, 8024.740994930267, 10367.221734523773, 10436.81807076931], [11116.65337651968, 6962.50125169754, 3847.853076070547, 6950.881626367569, 10809.813486635685, 11024.278332054615, 10481.809578239918], [8412.563086211681, 3712.031609132886, 7974.281592667103, 10345.775110423565, 10995.504198610783, 10522.316379249096, 11069.701074719429], [4137.799606338143, 7992.727712988853, 9848.242738544941, 10480.915009438992, 10386.311916470528, 10567.295326471329, 7059.6572151482105], [9064.580232977867, 9076.744833528996, 9347.154420793056, 9972.848078131676, 9962.393066942692, 5693.829290777445, 3492.0219374001026], [10819.754225432873, 10163.774320304394, 10488.153899252415, 10278.990874230862, 6186.726582109928, 4242.538296401501, 8376.832668542862], [11410.423630177975, 10851.526769280434, 9673.240797936916, 6987.665011525154, 5615.880738258362, 7194.071062028408, 9754.707266688347], [11713.351002693176, 9933.69010823965, 6323.108550131321, 5265.47004455328, 8161.007827341557, 10631.820811331272, 10693.04992878437], [11530.166060268879, 7371.078455626965, 4146.924103438854, 7207.118368923664, 11073.599636256695, 11335.541522741318, 10772.955437779427], [8777.658803641796, 4088.9184341728687, 8377.078988969326, 10720.265893638134, 11379.270027458668, 10886.955043196678, 11376.80054306984]]}