{"name": "(06108) concejo de bogota", "estimation_time": 4.945321942999726, "simulation_time": 0.7839083200015011, "prediction": [[4657.0056319236755, 3494.165735721588, 1835.1266379356384, 1767.265387058258, 3335.2781414985657, 4270.547685623169, 4276.754908084869], [4350.117587566376, 2237.6121151447296, 1210.2145657539368, 2959.3363270759583, 4583.911732673645, 4478.883540153503, 4269.660738945007], [2797.2938652038574, 1160.7817525863647, 3280.4225397109985, 4261.446230888367, 4363.548454284668, 4200.554167747498, 4264.455052852631], [1467.8501071929932, 3275.0958042144775, 4008.643397331238, 4142.090114116669, 4125.368725776672, 3959.709105491638, 2261.3078870773315], [3759.1861333847046, 3604.5361108779907, 3685.1603503227234, 3942.035611629486, 3575.869308948517, 1519.1249215602875, 1112.471314549446], [4636.957772254944, 4226.767402172089, 4366.24552488327, 3860.7881503105164, 1894.1209497451782, 1493.04860496521, 3569.869920730591], [4811.503149032593, 4397.112280368805, 3651.2597765922546, 2353.87473154068, 1970.7119410037994, 2915.6667013168335, 4099.956214904785], [4843.416097164154, 3699.59050655365, 2044.892897605896, 1900.763219833374, 3438.085877895355, 4444.462819099426, 4443.231822490692], [4579.929179191589, 2431.702757835388, 1349.2241486310959, 3085.7590889930725, 4732.823844909668, 4653.054815292358, 4431.414479732513], [3014.632312774658, 1354.1216642856598, 3473.7901158332825, 4447.959489822388, 4563.042085170746, 4403.842739582062, 4439.639660358429]]}