{"name": "(06104) gobernacion", "estimation_time": 4.945321942999726, "simulation_time": 0.7839083200015011, "prediction": [[9633.376994252205, 6451.92103934288, 2286.2220370471478, 2475.2120908796787, 6810.764540553093, 9095.945504426956, 8911.570188522339], [8643.05079472065, 3017.2565336227417, 843.4681513607502, 5766.509615898132, 9967.049256682396, 9390.962886333466, 8683.456932425499], [4192.510428547859, 886.1933417320251, 6237.771105885506, 9244.29152739048, 9010.83232831955, 8694.95434474945, 8659.097710967064], [1913.7555010318756, 6420.555490970612, 8741.984492659569, 8662.663187503815, 8680.85925590992, 8157.820789337158, 3132.8950051665306], [7966.489775896072, 8047.514954328537, 7877.660533308983, 8599.9171615839, 7381.130440354347, 1760.1110812723637, 1350.208988904953], [9860.212183117867, 8481.889048337936, 8951.8841547966, 7516.867801070213, 2307.8622013032436, 1834.7178502082825, 7127.204640030861], [10072.712767243385, 8899.909853458405, 6866.384806156158, 3588.878106892109, 2819.3596039414406, 5559.755141556263, 8508.847893595695], [10003.560826897621, 6909.718360424042, 2749.0636343955994, 2723.068532317877, 7007.353869199753, 9481.807567596436, 9256.337424635887], [9131.987779259682, 3407.4925206303596, 1105.8785103708506, 6001.733703136444, 10270.258212208748, 9752.935672521591, 9015.537614941597], [4646.000682532787, 1304.501371204853, 6657.6463742256165, 9658.345715522766, 9466.2130702734, 9138.600105762482, 9031.4508177042]]}