{"name": "(06111) universidades", "estimation_time": 4.945321942999726, "simulation_time": 0.7839083200015011, "prediction": [[17467.330382823944, 12769.09937915206, 5008.927680939436, 4618.059530377388, 11632.70764568448, 16194.167975008488, 16171.046925008297], [15833.259121835232, 6838.407963439822, 2169.306440524757, 9791.662901163101, 17473.49504172802, 17662.257298231125, 16256.427307665348], [8146.998906493187, 1942.5608801320195, 10899.335856735706, 15857.907735943794, 16544.647301912308, 15977.656163573265, 15392.314212918282], [3749.386649608612, 12351.047173023224, 16058.249128818512, 16476.894751369953, 16415.18516999483, 15517.534383773804, 7566.714953958988], [14681.537344813347, 15309.162899911404, 15710.55721271038, 16494.870472967625, 14409.555056393147, 5708.846245408058, 3657.859503597021], [18260.761783480644, 17392.791839897633, 17835.383139371872, 14608.80839985609, 5887.858648613095, 4838.614662274718, 13704.69374114275], [18279.907158195972, 17153.191906273365, 13343.216525316238, 7257.72753238678, 5552.2619765251875, 10062.378900498152, 15384.954131305218], [18964.0711966753, 14253.82368940115, 6370.944713398814, 5543.99387472868, 12450.4154330194, 17458.830712616444, 17550.438746511936], [17176.74101781845, 7938.129210531712, 2915.277054257691, 10459.557737648487, 18341.330410778522, 18785.791437268257, 17344.906212627888], [9606.832654803991, 3146.5101026520133, 12035.23939961195, 16995.313073337078, 17798.40091252327, 17281.26677519083, 16653.697054207325]]}