{"name": "(06101) el tiempo", "estimation_time": 4.945321942999726, "simulation_time": 0.7839083200015011, "prediction": [[14330.609166383743, 11418.445099592209, 6816.523620814085, 6237.935564875603, 10386.459670245647, 13255.3096190691, 13323.981637835503], [13611.794064760208, 8040.894665837288, 4838.55967566371, 9150.727456271648, 13915.837455511093, 14104.910194635391, 13379.40504026413], [9671.90207195282, 4785.181941092014, 10185.499444305897, 13304.047303557396, 13784.041971445084, 13425.189275979996, 13533.897575855255], [5230.609771102667, 10078.83500611782, 12507.28080546856, 12939.672785937786, 12981.07597631216, 12772.525502622128, 7978.595536410809], [10987.90046954155, 11118.812375366688, 11370.72392743826, 12082.408270895481, 11354.554373383522, 5930.571350425482, 4111.039197087288], [14104.509947419167, 13064.481282949448, 13522.735446810722, 12258.45924860239, 7085.90986520052, 5809.844074577093, 11121.002898037434], [14830.858944296837, 13781.647712826729, 11836.35159868002, 8336.568988442421, 7079.400429427624, 9587.445574522018, 12836.338924765587], [14739.677715659142, 11940.444773614407, 7378.033980548382, 6598.427540004253, 10607.517508208752, 13623.665657281876, 13703.57638669014], [14243.277246713638, 8616.416929244995, 5270.746114015579, 9535.867868721485, 14342.597798705101, 14616.93764424324, 13870.272850036621], [10206.302907466888, 5296.0267107486725, 10708.349463045597, 13794.14496254921, 14292.643478274345, 13935.107119321823, 13979.82499241829]]}