{"name": "(06105) quinta paredes", "estimation_time": 4.945321942999726, "simulation_time": 0.7839083200015011, "prediction": [[4760.593131065369, 3599.757125854492, 1726.3564460277557, 1575.4075956344604, 3271.020827293396, 4341.24165725708, 4331.697497844696], [4467.841744422913, 2205.07256937027, 946.6258053779602, 2829.0119829177856, 4696.3430461883545, 4617.2785902023315, 4337.790088176727], [2803.3735241889954, 873.8633862733841, 3165.5241479873657, 4411.935404777527, 4499.948903083801, 4333.340879440308, 4352.849604606628], [1187.178640961647, 3235.43816280365, 4162.965706825256, 4301.5820417404175, 4330.169397830963, 4138.045350551605, 2245.762428045273], [3818.6080660820007, 3845.1825342178345, 3906.485372543335, 4242.535310745239, 3837.4044666290283, 1628.6495275497437, 929.6395870447159], [4677.713102340698, 4266.5620284080505, 4481.976807117462, 3966.9160327911377, 1817.6820199489594, 1257.5153319835663, 3492.711161136627], [4891.406085968018, 4514.754194736481, 3723.8262457847595, 2298.8680305480957, 1799.5980815887451, 2816.5956888198853, 4110.329622268677], [4913.135150909424, 3794.8991293907166, 1931.0427465438843, 1694.318208694458, 3348.6025805473328, 4489.160583019257, 4472.285175323486], [4704.753924369812, 2413.3460805416107, 1091.677136182785, 2958.5367555618286, 4848.547200202942, 4803.293539047241, 4510.605983734131], [3018.0933117866516, 1068.0006654262543, 3361.8324489593506, 4599.586856842041, 4698.306134700775, 4536.119256019592, 4530.6470952034]]}