{"name": "(06106) recinto ferial", "estimation_time": 4.945321942999726, "simulation_time": 0.7839083200015011, "prediction": [[9161.138472557068, 7644.300540804863, 5200.2995138168335, 4745.266655743122, 6738.201817274094, 8168.550710737705, 8427.86804753542], [8903.630757212639, 5843.081306397915, 4050.3880822062492, 6251.933853447437, 8605.853058457375, 8711.032226204872, 8637.253534317017], [6252.06331461668, 3711.5102421045303, 6433.34297055006, 8046.727277994156, 8330.173058331013, 8378.134641647339, 8534.061642765999], [4363.4866126179695, 6622.685600399971, 7847.127921640873, 8207.83319836855, 8405.006811499596, 8302.262364208698, 5847.114919543266], [7037.2741277217865, 7130.16676902771, 7383.562438547611, 8067.537924706936, 7688.821953415871, 4791.573593020439, 3784.969533443451], [8869.818712711334, 8408.395481228828, 8721.998626708984, 8271.844659268856, 5571.671162426472, 4651.397385835648, 7277.047080338001], [9183.532419919968, 8812.71216249466, 7843.086276233196, 5930.887163221836, 5155.542803168297, 6350.407499611378, 8017.7175813913345], [9581.686938524246, 8107.891538143158, 5660.450812935829, 5079.224026441574, 7025.772873044014, 8564.143882632256, 8814.418781995773], [9477.676701188087, 6375.015043973923, 4467.109411418438, 6617.247758805752, 9003.255379319191, 9159.928908348083, 9085.71269440651], [6912.433399260044, 4321.078393727541, 7001.741761624813, 8570.663244724274, 8857.123958349228, 8922.61241054535, 9070.859623908997]]}