{"name": "(06107) ciudad universitaria", "estimation_time": 4.945321942999726, "simulation_time": 0.7839083200015011, "prediction": [[10692.2338899374, 8353.515711605549, 4366.493048489094, 3902.1543429642916, 7304.232070297003, 9706.188252747059, 9742.229503452778], [10061.516331970692, 5464.837262183428, 2623.31120942533, 6440.171139031649, 10394.71520102024, 10403.954971015453, 9735.826345443726], [6547.719516098499, 2105.436106748879, 7032.790123313665, 9592.76879888773, 9789.804231464863, 9502.040509164333, 9310.882647454739], [3152.801939457655, 7596.131652534008, 9499.077479183674, 9761.431184589863, 9787.67071133852, 9245.101996481419, 5849.830709218979], [8991.888485252857, 8959.09167444706, 9125.527891218662, 9765.990025281906, 8858.083696842194, 4644.108263224363, 2771.9032232165337], [10935.641347825527, 10088.445962429047, 10430.875076830387, 9278.07631200552, 4949.496039360762, 3435.3455077558756, 8299.815771996975], [11075.144470632076, 10223.293266355991, 8594.475336134434, 5541.492025375366, 4382.0255772173405, 6387.1600043177605, 9286.028523385525], [11429.743481695652, 9068.581779956818, 5065.322197437286, 4419.746195733547, 7757.624579370022, 10355.973280966282, 10446.539651751518], [10793.550985515118, 6098.020836919546, 3079.736018612981, 6853.580926775932, 10881.298927724361, 10994.915801465511, 10324.614691317081], [7369.642558991909, 2806.9086689502, 7707.319742202759, 10248.04781460762, 10492.837211668491, 10239.944940686226, 10028.000843524933]]}