{"name": "(06100) av. rojas", "estimation_time": 4.945321942999726, "simulation_time": 0.7839083200015011, "prediction": [[9172.911657392979, 7033.272419154644, 3615.073576837778, 3227.126638919115, 6325.876843690872, 8401.918767988682, 8405.10767930746], [8644.262314736843, 4481.169179677963, 2122.824213027954, 5465.767965614796, 8948.748491764069, 8949.583431661129, 8427.06032204628], [5582.259750545025, 1923.8687953650951, 6106.318242371082, 8352.049174010754, 8622.861375808716, 8371.30078881979, 8460.036492168903], [2577.9170913100243, 6260.546356976032, 7992.938517868519, 8274.157140493393, 8312.186727643013, 8065.003905117512, 4645.017036110163], [7354.907301723957, 7351.264790713787, 7498.64249509573, 8096.764322578907, 7422.962551236153, 3353.1885861754417, 2026.0756183862686], [9128.660897731781, 8318.956439316273, 8723.709773242474, 7799.746189773083, 3862.082079946995, 2773.3565839231014, 6881.7500794529915], [9459.062912940979, 8716.943226218224, 7333.262157380581, 4684.655583560467, 3718.51250320673, 5562.611499726772, 7994.784035682678], [9580.892405867577, 7488.3932518363, 4080.6219280064106, 3529.502522498369, 6549.812682032585, 8760.37856131792, 8775.42804968357], [9136.637395560741, 4907.162582874298, 2429.493074849248, 5738.744259893894, 9266.031454503536, 9334.388400554657, 8795.979280352592], [6052.594633340836, 2342.985416263342, 6525.203843891621, 8755.861024856567, 9054.74419081211, 8809.275553166866, 8858.73268789053]]}