{"name": "(06103) can", "estimation_time": 4.945321942999726, "simulation_time": 0.7839083200015011, "prediction": [[12927.403308033943, 9126.313854336739, 4322.509169012308, 4512.002019166946, 9326.628941774368, 12015.090993821621, 11974.795721650124], [11761.130567371845, 5170.227497845888, 2713.8984742313623, 8159.86535358429, 12852.742370843887, 12592.710083007812, 11924.163073778152], [6644.111989915371, 2785.7437283098698, 8959.213017702103, 11969.499216258526, 12280.490914165974, 11958.475217401981, 11835.308403551579], [3718.6938219070435, 9001.621680736542, 11290.61201441288, 11677.156203269958, 11699.02180570364, 11173.275511443615, 5166.996143639088], [10284.592893004417, 10106.81242543459, 10477.947382211685, 11170.338172793388, 9721.202044069767, 3316.848676159978, 2828.1874267309904], [12692.613400101662, 11622.450295567513, 12162.026940762997, 10315.244454920292, 4377.870713800192, 4174.966881006956, 9984.17096632719], [13374.853435635567, 12144.488824784756, 9725.860518097878, 5950.355347424746, 5084.2249545753, 8242.910135567188, 11552.477410018444], [13336.303946852684, 9685.444822788239, 4872.580937176943, 4818.507074892521, 9547.714555740356, 12429.688844263554, 12353.664519965649], [12351.657467663288, 5666.625405728817, 3064.9900207966566, 8479.988787353039, 13236.485137224197, 13060.25608587265, 12353.216630399227], [7154.467362046242, 3274.999699026346, 9454.25915825367, 12445.814277112484, 12799.249145269394, 12473.260893404484, 12260.612645626068]]}