{"name": "(06109) centro memoria", "estimation_time": 4.945321942999726, "simulation_time": 0.7839083200015011, "prediction": [[6040.957327008247, 4779.119074106216, 2739.319201529026, 2539.2425483465195, 4355.205261290073, 5544.50800716877, 5520.852059781551], [5736.778064310551, 3317.198218971491, 1875.4184140712023, 3871.5143105387688, 5893.283513367176, 5808.474214434624, 5483.05359762907], [4073.405243754387, 1748.5803374797106, 4355.779615044594, 5577.820524930954, 5647.29569631815, 5433.874061644077, 5522.024563491344], [2058.815643131733, 4350.10998994112, 5270.657723426819, 5393.2189737558365, 5345.487761080265, 5180.298501491547, 3327.7868072092533], [4927.26520627737, 4748.2218707203865, 4784.553982138634, 5104.342831432819, 4746.108695983887, 2422.729499042034, 1588.7575718462467], [6047.800537467003, 5506.35981297493, 5663.409690260887, 5151.503656387329, 2863.6172139644623, 2143.1082760691643, 4698.102024257183], [6262.181591689587, 5747.992564737797, 4924.737400770187, 3373.7273557782173, 2809.7966977357864, 3888.195807814598, 5358.532045125961], [6304.042714297771, 5057.75059145689, 3031.7667569816113, 2739.0956614613533, 4513.200136184692, 5790.702057957649, 5774.3302718400955], [6038.371473193169, 3583.475722372532, 2072.08076313138, 4052.071589231491, 6097.004230201244, 6048.92076164484, 5716.854875504971], [4367.679157614708, 2015.3908216953278, 4623.517159581184, 5836.394729435444, 5918.424560010433, 5706.815402626991, 5768.586373746395]]}