{"name": "(07006) general santander", "estimation_time": 4.945321942999726, "simulation_time": 0.7839083200015011, "prediction": [[13789.588912844658, 11964.709959566593, 7610.863098919392, 6465.67458075285, 10064.332045674324, 12930.766957819462, 12764.008953332901], [13511.143155574799, 9075.304620802402, 5078.304354548454, 8755.874225437641, 13558.662615299225, 13657.741226375103, 12703.395660579205], [10994.68852674961, 4592.24317497015, 9911.309351086617, 12957.590725243092, 13407.209568023682, 12870.787078678608, 13093.61338686943], [5121.08575502038, 10137.183570325375, 12366.754691660404, 12828.130658686161, 12875.450328826904, 12770.589466750622, 9566.13387286663], [11577.237324237823, 11623.502499580383, 11660.445654213428, 12382.004101991653, 12325.616851687431, 7930.547038912773, 4358.305251032114], [13579.06803035736, 12528.248285412788, 12900.990246593952, 12631.689118385315, 8200.28179115057, 5250.992884367704, 10519.248448133469], [14085.64123916626, 13292.047447502613, 12014.854457318783, 8888.186893045902, 7258.085761427879, 9014.637573003769, 12131.662378132343], [14255.46059346199, 12444.60722732544, 8161.654311776161, 6861.564360201359, 10352.966175794601, 13382.440139234066, 13265.324918746948], [14182.325062990189, 9711.078080117702, 5555.7804054915905, 9201.08425861597, 14052.562176346779, 14225.788704574108, 13271.33473277092], [11678.300392389297, 5207.75725376606, 10530.073818266392, 13552.84990310669, 14058.615890324116, 13543.191017448902, 13696.085595846176]]}