{"name": "(07009) sena", "estimation_time": 4.945321942999726, "simulation_time": 0.7839083200015011, "prediction": [[22019.429985761642, 19672.53188955784, 13212.740450829268, 11313.360924750566, 16335.266038656235, 20581.679916858673, 20188.53865790367], [21970.95460909605, 15836.66363093257, 9116.874431997538, 14462.41442027688, 21559.306809782982, 21566.377185463905, 20078.90117186308], [18572.253203719854, 8196.783934414387, 15790.616596072912, 20358.666306316853, 21125.87112891674, 20499.48213326931, 20605.65162616968], [9479.279248520732, 16351.890194147825, 19431.732215166092, 20444.66432350874, 20663.627586841583, 20418.773832201958, 16606.271597325802], [19185.194859981537, 18900.427453398705, 18746.418133705854, 20022.63307648897, 20055.651805579662, 14436.515529632568, 8017.1566352546215], [21904.599842607975, 20256.698348701, 20102.669430553913, 20634.982112824917, 14969.726007759571, 9211.07393565774, 17029.258502304554], [22246.25129598379, 21046.44139367342, 19285.31869637966, 15019.846721321344, 12560.102592140436, 14673.90507298708, 19154.919914484024], [22848.28781235218, 20487.273229539394, 14168.578528940678, 11998.514485538006, 16834.914630532265, 21336.477984666824, 21048.918264985085], [22945.038848102093, 16787.371580332518, 9821.164950087667, 15100.296509444714, 22239.242515444756, 22340.44520008564, 20843.498466789722], [19633.409641861916, 9149.630915105343, 16770.507577091455, 21308.24687796831, 22102.88020390272, 21521.92042517662, 21569.447609961033]]}