{"name": "(07000) portal sur", "estimation_time": 4.945321942999726, "simulation_time": 0.7839083200015011, "prediction": [[77528.79622006416, 68215.70889866352, 45494.29880923033, 39807.94776928425, 58315.792778134346, 73808.55044406652, 72265.00044000149], [76181.51946258545, 53782.19636321068, 33299.168847709894, 51566.401258170605, 76012.70444691181, 77665.0785806179, 71987.65822273493], [63793.677487671375, 30874.880764871836, 58301.62017399073, 73028.3529637456, 75845.91463279724, 73598.71748328209, 73691.85010761023], [32710.47663474083, 59645.459418296814, 70412.63003879786, 72670.99625104666, 72464.0564353466, 72364.08685237169, 55920.6988132596], [65525.21720713377, 64829.13792014122, 65388.995754897594, 68128.12654477358, 67139.08205705881, 45758.46579605341, 27441.134391009808], [77657.66299295425, 72139.59782767296, 73618.28808706999, 71048.73366683722, 48968.16663390398, 35986.59037935734, 63022.235578000546], [80224.67449092865, 75711.93917477131, 68346.70365589857, 52346.81953114271, 44786.270071685314, 54879.646235883236, 70503.01798206568], [80006.51612448692, 70934.51915109158, 48489.67089110613, 41990.319435060024, 59832.21574026346, 76049.22659683228, 74743.96135139465], [79347.44244718552, 56890.86552929878, 35591.31443220377, 53646.899956047535, 78335.53449976444, 80448.81709957123, 74675.15779316425], [66925.34715718031, 33697.76239478588, 61245.026040673256, 75809.49907243252, 78828.93755328655, 76697.23018741608, 76444.45305597782]]}