{"name": "(07003) sevillana", "estimation_time": 4.945321942999726, "simulation_time": 0.7839083200015011, "prediction": [[10207.621256828308, 9233.582633018494, 6501.409044265747, 5678.522536277771, 7802.459938526154, 9708.720632076263, 9529.172034740448], [10166.47794342041, 7570.888053894043, 4939.047829866409, 6972.386160373688, 9907.566842079163, 10179.127837181091, 9528.422095775604], [8853.195267677307, 4661.951773881912, 7843.316165924072, 9617.63127708435, 9912.846241950989, 9752.54519033432, 9923.369888305664], [4838.59542298317, 7921.518608093262, 9229.882472515106, 9468.548950195312, 9485.481698513031, 9674.23835325241, 7845.112184524536], [8520.80293083191, 8398.950632095337, 8419.26716041565, 8824.166557788849, 8930.916214942932, 6439.243471622467, 4001.0603380203247], [10188.345481872559, 9470.053089141846, 9669.013813972473, 9556.172500610352, 6958.006293773651, 5256.34791135788, 8431.085090637207], [10536.546191215515, 10026.660132408142, 9236.711284637451, 7360.400213241577, 6356.86256980896, 7507.875071525574, 9365.073351860046], [10526.987665176392, 9570.405362129211, 6880.217702865601, 5969.916434288025, 8019.878855705261, 10008.256268024445, 9855.392288684845], [10573.150456428528, 7973.683041572571, 5248.547054767609, 7253.789571762085, 10216.848488807678, 10541.609344482422, 9878.166891098022], [9252.268257141113, 5032.556643486023, 8228.06042098999, 9979.321300506592, 10301.860035896301, 10160.222770690918, 10282.932599067688]]}