{"name": "(07001) perdomo", "estimation_time": 4.945321942999726, "simulation_time": 0.7839083200015011, "prediction": [[17840.31486225128, 15491.677967905998, 10638.81505894661, 9404.385019898415, 13416.68472146988, 16587.062426805496, 16414.340299487114], [17566.170115470886, 12282.80089867115, 7962.2858855724335, 12095.026052355766, 17234.602764844894, 17350.427298545837, 16449.323654294014], [14495.084839582443, 7524.753277480602, 13441.052473425865, 16539.377982974052, 17091.163732767105, 16632.02617406845, 17057.423768520355], [8298.919324994087, 13550.420940756798, 15908.888521671295, 16478.286545276642, 16439.968075990677, 16496.571455955505, 12680.698353409767], [14963.448023557663, 14587.666494727135, 14808.755059361458, 15560.992833137512, 15499.824463248253, 10367.376973807812, 6895.592975735664], [17664.078805088997, 16380.60657298565, 16698.939507365227, 16397.842502832413, 11281.488916039467, 8406.132131516933, 14252.173523068428], [18256.41405773163, 17191.005083799362, 15668.864241600037, 12125.055597782135, 10373.146368384361, 12515.10388970375, 15912.954491972923], [18400.822019577026, 16108.10027396679, 11319.237671256065, 9898.417565345764, 13790.953597068787, 17140.81410598755, 16973.82134771347], [18338.86665415764, 13016.651878595352, 8514.226539373398, 12603.484423398972, 17785.488200068474, 17988.588146924973, 17077.13400399685], [15243.061193704605, 8217.997055411339, 14151.911124229431, 17226.013389587402, 17816.930594801903, 17369.722723960876, 17716.969686985016]]}