{"name": "(07004) venecia", "estimation_time": 4.945321942999726, "simulation_time": 0.7839083200015011, "prediction": [[25507.42248773575, 23804.373757839203, 17033.162065029144, 14064.478153705597, 18943.160658836365, 23933.6313495636, 23543.9951710701], [25934.49123620987, 19999.97238254547, 12351.847454547882, 16787.990596294403, 24522.491547107697, 25209.34783411026, 23551.863682746887], [23700.18913125992, 11044.888392925262, 19117.982829093933, 23769.22531270981, 24594.77994966507, 24067.554728507996, 24794.561533927917], [11737.913563966751, 19457.324587345123, 22938.268261909485, 23620.371414661407, 23744.3940076828, 24254.375469207764, 20988.359354019165], [22110.22714614868, 21814.791828632355, 21604.873621463776, 22833.095158100128, 23762.933414936066, 18178.973134040833, 10275.47060072422], [25180.67471551895, 23284.571578502655, 23667.403423309326, 24282.69046497345, 18344.11434173584, 11923.124207735062, 20226.40500164032], [25895.530093193054, 24758.251373291016, 23478.809537887573, 18801.47067308426, 15616.310248374939, 17727.211380004883, 22678.220138072968], [26088.255493164062, 24439.90492963791, 17816.16850757599, 14662.505422115326, 19304.065487384796, 24460.102474689484, 24125.19212245941], [26836.427939891815, 20950.84526014328, 13055.414684295654, 17417.86895942688, 25193.326932907104, 25972.586187839508, 24285.229351997375], [24600.145968914032, 11878.185616254807, 19994.265709877014, 24603.459332942963, 25464.04304075241, 24941.48797416687, 25539.160031318665]]}