{"name": "(07007) nqs - calle 38a sur", "estimation_time": 4.945321942999726, "simulation_time": 0.7839083200015011, "prediction": [[18012.610836684704, 19113.794917047024, 17774.132908582687, 15214.775092959404, 15124.842685431242, 17226.55510109663, 17291.725697517395], [18902.25791221857, 19123.40302747488, 15364.635359704494, 14210.832836925983, 16666.676000714302, 18089.63949471712, 17333.9288546443], [20998.783482015133, 14897.723046422005, 15715.333340018988, 17080.485046744347, 18491.430603921413, 17769.080591857433, 18624.533868551254], [14128.23259267211, 15282.005869984627, 16475.49968931079, 17669.73699337244, 17143.12103611231, 18292.089608311653, 19435.64322000742], [15276.419985979795, 15606.605846345425, 15936.353024721146, 15787.111462056637, 17795.14545094967, 18024.049063384533, 12742.676649272442], [17271.325360238552, 17375.01678466797, 16688.714084088802, 18659.82729691267, 18715.51066416502, 14331.05509853363, 15421.238984286785], [17955.01416605711, 17942.200752556324, 18562.403500795364, 18021.39357507229, 16216.511590957642, 15420.143904060125, 16667.418185651302], [18273.85213571787, 19321.33374172449, 18159.44907194376, 15595.291100502014, 15337.88745650649, 17419.005864918232, 17588.966215491295], [19275.81869804859, 19607.483079195023, 15820.409699738026, 14616.909381747246, 17019.510199844837, 18453.332210421562, 17711.795872867107], [21409.753768146038, 15298.413876205683, 16171.175919473171, 17514.69053065777, 18905.842756450176, 18194.104299247265, 19043.35103815794]]}