{"name": "(07010) bosa", "estimation_time": 4.945321942999726, "simulation_time": 0.7839083200015011, "prediction": [[4226.487326741219, 3887.609294474125, 3069.255264341831, 2877.052566766739, 3443.2875857949257, 3992.5744889378548, 4016.8697016239166], [4254.865066707134, 3418.9537314772606, 2728.4153264164925, 3261.213145136833, 4123.446693003178, 4298.137469947338, 4098.233417391777], [3834.3536052703857, 2604.8417226076126, 3502.583558499813, 4112.447313666344, 4245.753421843052, 4103.089555323124, 4109.697793006897], [2369.224244236946, 3403.9138379096985, 3862.2819093465805, 3983.105473816395, 3905.428792119026, 3912.5015074014664, 3347.8347162008286], [3410.5363392829895, 3426.813283741474, 3496.0155184865, 3560.5597509145737, 3516.3944407105446, 2740.639308333397, 1978.2003674805164], [4181.941565036774, 4032.2148381471634, 4145.793745040894, 3947.989826261997, 3122.9064467549324, 2780.800152540207, 3729.047638297081], [4364.072801113129, 4242.602961838245, 3972.582242369652, 3441.963656067848, 3078.004092812538, 3379.1580377221107, 4026.366206765175], [4383.0678861141205, 4044.4362266659737, 3240.096919834614, 3028.3778642416, 3555.1989377141, 4117.326273500919, 4171.824978411198], [4448.617060303688, 3606.52124863863, 2892.8717764616013, 3418.200349330902, 4286.955515384674, 4480.238363265991, 4285.23349905014], [3974.6507366895676, 2720.1371996998787, 3626.023861646652, 4235.45244461298, 4373.024173974991, 4232.8066598773, 4235.831858754158]]}