{"name": "(07002) madelena", "estimation_time": 4.945321942999726, "simulation_time": 0.7839083200015011, "prediction": [[19729.96755427122, 17538.623261213303, 12318.701862454414, 10687.66502481699, 14913.055397093296, 18527.68951743841, 18295.5600335598], [19658.326547801495, 14308.547488927841, 9270.437174648046, 13431.540580272675, 19173.47198152542, 19440.684837937355, 18355.021116256714], [16886.711537480354, 8706.015362888575, 15041.754368722439, 18494.394788384438, 19165.736277103424, 18663.616895139217, 19110.174008488655], [9280.868348121643, 14967.634030878544, 17599.351398944855, 18211.42948460579, 18190.30158007145, 18370.447273135185, 14787.332337617874], [16191.444858253002, 15864.548231840134, 15989.29003816843, 16750.609106123447, 16881.44682854414, 11853.584298193455, 7354.470740675926], [19862.836851775646, 18401.647312521935, 18559.144396841526, 18476.280902922153, 13351.658952713013, 9667.875065684319, 16050.955367922783], [20440.894986093044, 19296.34416717291, 17765.75835710764, 14007.742193162441, 12049.148407667875, 14191.011462688446, 17901.960819125175], [20316.8831654191, 18189.236968040466, 13050.08794605732, 11211.554174721241, 15294.687848329544, 19089.510532021523, 18875.809315681458], [20519.242810189724, 15158.830730259418, 9924.248885512352, 14020.43417865038, 19803.83900630474, 20169.70948344469, 19058.38908815384], [17700.40499216318, 9455.030064165592, 15821.77321600914, 19227.731469869614, 19924.949937820435, 19465.924717128277, 19826.90083694458]]}