{"name": "(07005) alqueria", "estimation_time": 4.945321942999726, "simulation_time": 0.7839083200015011, "prediction": [[18742.513937830925, 17575.922266602516, 12277.41896045208, 9939.314377427101, 13643.128623247147, 17696.82166814804, 17466.579753398895], [18982.248515367508, 14687.29576420784, 8701.548546016216, 11921.690366148949, 18002.55695915222, 18842.957389354706, 17444.64723300934], [17442.851564884186, 7757.177246689796, 13697.96983408928, 17522.871768951416, 18241.975411891937, 17861.70403790474, 18101.20969748497], [8030.883843541145, 14037.335253953934, 16935.170996904373, 17482.57923567295, 17573.249575138092, 17831.936775684357, 15510.246898412704], [15655.06872189045, 15870.20502448082, 15778.725048780441, 16626.386439442635, 17060.831099152565, 13062.607550740242, 6722.216373324394], [18800.426216840744, 17401.60867524147, 17632.6374335289, 17891.624903082848, 13413.244454741478, 8591.71846729517, 14793.172796487808], [19352.20966243744, 18492.97850060463, 17336.986424446106, 13742.07964861393, 11305.710794091225, 12995.772426366806, 16821.833815813065], [19319.762771844864, 18170.995980620384, 12984.839859724045, 10500.708908736706, 14010.06527853012, 18195.952001810074, 18039.445452690125], [19756.803817033768, 15490.32112634182, 9309.387161314487, 12463.867185473442, 18587.903146505356, 19517.99383020401, 18115.97738313675], [18237.371287107468, 8468.648804605007, 14436.512674570084, 18215.57651388645, 18970.485501766205, 18627.872618079185, 18782.532958745956]]}