{"name": "(07008) nqs - calle 30 sur", "estimation_time": 4.945321942999726, "simulation_time": 0.7839083200015011, "prediction": [[13130.017400979996, 11638.802739322186, 7828.799954652786, 6519.621346771717, 9480.755786776543, 11987.707148909569, 11890.965376496315], [13098.700271129608, 9320.653471916914, 5469.690161794424, 8346.248862236738, 12526.747372448444, 12636.527627706528, 11888.01835334301], [11010.074109971523, 4908.286349236965, 9327.530618190765, 11884.170648515224, 12303.480315506458, 11858.04814785719, 12272.000170469284], [5566.790977433324, 9506.72119179368, 11414.926424503326, 11794.262764155865, 11890.753183543682, 11981.157399058342, 9630.598617911339], [11073.224736213684, 10894.92528194189, 10842.991739809513, 11530.495084941387, 11767.954480826855, 8142.794070035219, 4730.722967728972], [12925.898708939552, 11846.028737604618, 12072.740059554577, 12123.33669501543, 8403.092440009117, 5337.863013222814, 9893.289850473404], [13241.420522511005, 12447.93089568615, 11489.541845083237, 8777.143535882235, 7202.667729198933, 8491.112444579601, 11228.879650712013], [13649.775386810303, 12142.749162733555, 8385.252294749022, 6944.218989640474, 9806.992889106274, 12441.124328613281, 12400.423352479935], [13685.064987301826, 9880.79687654972, 5874.987808316946, 8712.274419933558, 12931.80823713541, 13101.510689377785, 12347.896034359932], [11652.374891996384, 5464.315214127302, 9876.57942777872, 12402.70829719305, 12864.130524337292, 12450.242250680923, 12842.15079510212]]}