{"name": "(07102) nqs - calle 75", "estimation_time": 4.945321942999726, "simulation_time": 0.7839083200015011, "prediction": [[9093.211136579514, 7198.324153184891, 3814.619192957878, 3352.903748869896, 6399.906792163849, 8618.735310554504, 8432.171390414238], [8588.378099679947, 4782.767961740494, 2224.6033639907837, 5449.043861269951, 9040.199348926544, 9097.80678486824, 8289.527887940407], [6106.9064292907715, 1937.7392249703407, 6198.620029330254, 8534.85498034954, 8765.991034507751, 8457.774532794952, 8305.562937378883], [2513.3012778162956, 6462.934148907661, 8223.608509421349, 8469.191023945808, 8434.426319241524, 8131.847627043724, 5070.241165518761], [7641.556590080261, 7693.67147564888, 7712.99922811985, 8183.497488379478, 7574.886543512344, 3876.924884736538, 1957.9540087282658], [9163.066160440445, 8267.52356517315, 8528.15161216259, 7749.282817006111, 4156.6725444197655, 2781.101373076439, 6902.442979812622], [9488.362797498703, 8666.695199728012, 7333.022760510445, 4825.015949487686, 3884.6679769158363, 5690.859387040138, 8062.661867618561], [9408.458570718765, 7575.258465409279, 4218.53173494339, 3620.9039410352707, 6583.741985201836, 8922.755870342255, 8739.34816813469], [8980.39157819748, 5146.036215901375, 2473.7442400455475, 5671.874309659004, 9301.990443944931, 9417.563101768494, 8581.918942332268], [6503.991304159164, 2300.1032653450966, 6573.934555888176, 8889.903906822205, 9147.453239917755, 8839.745632648468, 8631.582458019257]]}