{"name": "(07103) av. chile", "estimation_time": 4.945321942999726, "simulation_time": 0.7839083200015011, "prediction": [[17508.329194307327, 14423.008113026619, 8742.840941369534, 7800.724252581596, 12797.31518483162, 16538.516451358795, 16240.340310573578], [16840.120214939117, 10520.979844093323, 6070.535730779171, 11300.547690868378, 17340.821876764297, 17454.996532917023, 16107.31710934639], [12986.20880663395, 5482.605885744095, 12743.427309393883, 16554.703011274338, 17028.539749860764, 16378.221000909805, 16199.317006587982], [6161.884920537472, 12843.098794341087, 15735.721727728844, 16220.645000696182, 16094.764370441437, 15631.400642037392, 10870.2170855999], [14523.351432323456, 14419.618518590927, 14583.447226166725, 15274.0599796772, 14481.68925189972, 8485.641202926636, 4921.633922159672], [17646.02903866768, 16127.174673557281, 16499.89146924019, 15319.812321424484, 9280.941804528236, 6714.976562976837, 13729.447739124298], [18282.08292746544, 16871.033045768738, 14684.703226089478, 10472.617911815643, 8771.480521380901, 11681.579176068306, 15728.6138048172], [18065.7404358387, 15065.386540532112, 9442.727966666222, 8281.032572865486, 13113.121273040771, 17024.54592704773, 16758.88994908333], [17590.65805721283, 11222.55997645855, 6575.919106185436, 11764.150575399399, 17864.54675245285, 18078.703881025314, 16696.33076262474], [13685.988929986954, 6103.761953473091, 13392.30774128437, 17164.955080747604, 17681.81118965149, 17047.266604185104, 16770.327189445496]]}