{"name": "(07108) av. el dorado", "estimation_time": 4.945321942999726, "simulation_time": 0.7839083200015011, "prediction": [[7087.029669642448, 5346.151755809784, 2777.675827860832, 2537.607858002186, 5003.94056814909, 6686.057312607765, 6639.106299877167], [6577.790668129921, 3386.991205751896, 1637.4130701720715, 4385.339055240154, 7093.71070253849, 7024.871938705444, 6539.394927978516], [4309.931633234024, 1411.166764497757, 4811.264006137848, 6532.191565990448, 6834.84258377552, 6566.090041279793, 6380.879428267479], [2089.054336309433, 4999.952261209488, 6341.374734520912, 6663.865154027939, 6629.288447499275, 6206.832319378853, 3674.1282529234886], [6074.452050805092, 6083.560946702957, 6206.0994654893875, 6528.304823040962, 5932.837140440941, 2795.355501204729, 1664.5872696340084], [7192.185099005699, 6556.622684240341, 6578.144008398056, 5925.891529083252, 3021.1713690161705, 2073.500963419676, 5317.279133319855], [7349.732753634453, 6673.748439788818, 5532.1470004320145, 3469.694165468216, 2832.1812669038773, 4350.717683315277, 6209.12362575531], [7353.527320861816, 5642.386319160461, 3097.1233105659485, 2734.3159698843956, 5153.758264303207, 6941.267989754677, 6876.760915875435], [6920.655905127525, 3687.8365466594696, 1845.3445719480515, 4577.955589234829, 7325.020556330681, 7294.8921818733215, 6783.624176502228], [4656.687596082687, 1731.257485806942, 5136.581716775894, 6845.814339637756, 7174.105001807213, 6907.906068205833, 6666.723739385605]]}