{"name": "(07112) comuneros", "estimation_time": 4.945321942999726, "simulation_time": 0.7839083200015011, "prediction": [[11185.519487440586, 10028.124932646751, 6895.826883226633, 5750.341034173965, 8078.0011330246925, 10354.434837698936, 10309.770732223988], [11132.336728334427, 8163.539035975933, 4817.450683057308, 7200.299192667007, 10695.210395991802, 10927.065475940704, 10315.389418661594], [9686.12436079979, 4382.0954929590225, 8129.190959632397, 10284.336398243904, 10770.351980149746, 10494.355869948864, 10692.374819517136], [4817.955871969461, 8195.869536459446, 9787.884750187397, 10352.204216003418, 10382.074355065823, 10329.963184714317, 8548.330022871494], [9255.159663796425, 9175.514704048634, 9237.970521628857, 9774.79276561737, 9941.980485022068, 7039.89555221796, 3843.981857329607], [11022.120486140251, 10290.759571194649, 10246.650338828564, 10479.32023960352, 7550.276264190674, 4725.268810585141, 8474.081959307194], [11384.370746672153, 10770.97601366043, 9978.110832870007, 7778.252002060413, 6358.5137593746185, 7459.78782787919, 9694.511848151684], [11546.657616913319, 10410.306903004646, 7341.885639190674, 6075.334506750107, 8300.109365999699, 10671.077390491962, 10644.427582323551], [11588.538612425327, 8638.167794942856, 5166.245270699263, 7513.03855496645, 11024.370981514454, 11290.845214784145, 10669.940616071224], [10159.79282361269, 4828.852212518454, 8584.674211502075, 10715.793962478638, 11218.036005556583, 10942.298253178596, 11098.87422311306]]}