{"name": "(07101) castellana", "estimation_time": 4.945321942999726, "simulation_time": 0.7839083200015011, "prediction": [[5696.180135548115, 4243.2448689341545, 2212.728006839752, 2122.6259573698044, 4061.795157492161, 5377.055585086346, 5393.640761137009], [5206.802660405636, 2691.1133805811405, 1474.8487786650658, 3517.3880318403244, 5609.357512712479, 5720.625709831715, 5326.102484583855], [3456.173554956913, 1506.4945422410965, 3985.283323764801, 5317.945266842842, 5545.150820672512, 5386.423414647579, 5147.094242274761], [1706.4455454945564, 4053.114645242691, 5047.394799947739, 5198.413820505142, 5206.361034154892, 4920.890325605869, 2709.560798794031], [4417.080216348171, 4452.938414931297, 4576.035469949245, 4747.747099518776, 4184.8119168281555, 1844.4451702535152, 1176.4787746965885], [5685.991848826408, 5219.115694403648, 5298.865091204643, 4444.950710296631, 2295.5907486081123, 2131.809175491333, 4514.053380072117], [5982.932829856873, 5381.855139374733, 4333.433390676975, 2763.557757616043, 2419.218304157257, 3747.1452040076256, 5212.401396930218], [5921.007015585899, 4488.933871090412, 2462.9574896097183, 2288.127367913723, 4169.210877597332, 5563.610592067242, 5612.564879119396], [5457.91402310133, 2911.246737807989, 1624.1213681399822, 3655.807836353779, 5786.981169223785, 5942.368412137032, 5533.599909365177], [3682.669143974781, 1707.1012935638428, 4183.720719099045, 5512.233365654945, 5770.4069737792015, 5607.495956838131, 5331.234888494015]]}