{"name": "(07110) paloquemao", "estimation_time": 4.945321942999726, "simulation_time": 0.7839083200015011, "prediction": [[15980.785735666752, 13323.365690231323, 7946.37226831913, 6678.853374391794, 11116.729010939598, 14762.779795825481, 14663.030508935452], [15431.590297043324, 9702.752572238445, 5137.307667821646, 9709.710034668446, 15311.746279656887, 15678.66804510355, 14641.295593678951], [11822.96473878622, 4952.898399084806, 11150.320231676102, 14663.82592946291, 15339.115259170532, 14965.262676894665, 14914.41694933176], [5583.439402878284, 11457.561772584915, 14121.492226481438, 14788.035877883434, 14815.130506396294, 14658.821490883827, 9992.284657359123], [13070.459463715553, 13143.746708393097, 13328.530989289284, 14098.352989375591, 13517.710807442665, 7936.081145167351, 4292.890321433544], [15892.334183514118, 14589.353448987007, 14816.208172917366, 14018.375725150108, 8547.604591548443, 5923.681520372629, 12148.613455474377], [16505.86394494772, 15365.502298951149, 13392.438982486725, 9376.165338277817, 7676.675365805626, 10316.090880095959, 14008.42704731226], [16465.362631738186, 13833.269723296165, 8524.539370000362, 7055.043367981911, 11346.48711848259, 15152.760861575603, 15098.772926867008], [16133.82227665186, 10365.320107877254, 5612.02470472455, 10134.463609457016, 15797.90908241272, 16266.531184852123, 15203.630274116993], [12489.407729029655, 5542.650415867567, 11746.226395368576, 15231.801582276821, 15976.169138610363, 15629.770407021046, 15487.436515688896]]}