{"name": "(07105) movistar arena", "estimation_time": 4.945321942999726, "simulation_time": 0.7839083200015011, "prediction": [[8057.224728107452, 6980.173340082169, 4781.938742637634, 4049.8659821748734, 5872.002805709839, 7476.447562217712, 7507.910531997681], [7894.909852981567, 5566.506308555603, 3534.1597452163696, 5263.174857139587, 7749.8726263046265, 7954.298057794571, 7482.547823429108], [6542.776276111603, 3464.8636951446533, 5894.73474407196, 7539.312030315399, 7840.864976882935, 7593.125607013702, 7621.609815597534], [3664.7358103990555, 5881.509523630142, 7240.99258685112, 7471.557455301285, 7452.808138370514, 7377.598325252533, 5652.181898593903], [6410.572519540787, 6572.260177373886, 6583.881409406662, 6918.1851007938385, 6791.336654663086, 4613.74865436554, 2887.0811792612076], [8183.342288970947, 7540.2294137477875, 7591.124658823013, 7301.282025814056, 5101.569508552551, 3683.3436908721924, 6231.869248390198], [8420.78466796875, 7856.414652109146, 7121.8134870529175, 5392.785351514816, 4583.477084875107, 5561.419805526733, 7196.496625185013], [8294.680651664734, 7231.353028059006, 5080.223803758621, 4264.019272565842, 6015.665259599686, 7679.350793600082, 7722.945000171661], [8263.251022338867, 5930.216801404953, 3816.7315545082092, 5506.548711299896, 8005.231331825256, 8245.756660938263, 7772.735842704773], [6886.564284801483, 3791.8212863206863, 6227.01039814949, 7841.199423313141, 8149.801792144775, 7910.410038471222, 7904.720281600952]]}