{"name": "(07104) simon bolivar", "estimation_time": 4.945321942999726, "simulation_time": 0.7839083200015011, "prediction": [[11902.634633541107, 10160.324522018433, 6270.725617170334, 5023.16944694519, 8248.947599887848, 11108.90156841278, 10932.994152069092], [11731.886104106903, 7677.219598054886, 3841.512603521347, 7214.628529310226, 11543.464611530304, 11643.246284484863, 10894.35563659668], [9650.240744113922, 3272.515064239502, 8462.201479434967, 10974.077871799469, 11348.096240520477, 11174.04393529892, 11257.402747631073], [4020.7687751054764, 8559.212604522705, 10566.87911605835, 10968.46126651764, 11000.324431419373, 10842.214895248413, 8311.694169998169], [9929.290474414825, 9725.538679122925, 9715.13048028946, 10420.06152009964, 10272.977310180664, 6484.054540157318, 2888.9689753055573], [11953.828242778778, 10805.045553207397, 10899.351385593414, 10822.612243652344, 7008.1938145160675, 3983.2051054239273, 9059.874468803406], [12283.061059474945, 11344.11101436615, 10298.614200115204, 7291.486994981766, 5796.507942438126, 7595.408731460571, 10430.936759471893], [12274.87526512146, 10570.417810440063, 6749.168563842773, 5338.479141950607, 8466.172256231308, 11455.283442497253, 11277.689646244049], [12269.013486862183, 8212.359028816223, 4210.216871261597, 7545.678702354431, 11909.250575065613, 12076.66642999649, 11307.35184764862], [10188.178223133087, 3766.608996152878, 8970.694895744324, 11454.698942661285, 11855.31438446045, 11678.19135761261, 11693.289538383484]]}