{"name": "(07106) el campin", "estimation_time": 4.945321942999726, "simulation_time": 0.7839083200015011, "prediction": [[13237.384280085564, 11917.360252857208, 8451.016242355108, 6825.8773111999035, 9534.255725979805, 12381.729801774025, 12507.805493712425], [13102.23598754406, 9830.037265837193, 6095.280071288347, 8274.215660125017, 12583.82345622778, 13258.540561318398, 12417.698431909084], [11451.43793129921, 5946.511069685221, 9350.882920384407, 12236.913580715656, 12934.53654229641, 12768.659489274025, 12741.628649950027], [6325.531260043383, 9524.528756678104, 12030.442052066326, 12378.192274749279, 12544.14706480503, 12494.59216606617, 10273.401087522507], [10549.881210803986, 11262.500531733036, 11225.999550521374, 11724.218165397644, 11841.618798017502, 8527.748598366976, 4883.990719482303], [13338.532952666283, 12450.239744484425, 12387.1271135211, 12345.440383374691, 9173.988364905119, 6146.412342995405, 9958.095744132996], [13638.407986938953, 12895.22226768732, 11899.224891781807, 9293.991220116615, 7723.734142512083, 9001.704894721508, 11676.775942742825], [13703.975730538368, 12398.260237514973, 9008.831117451191, 7260.49128857255, 9818.077570855618, 12739.981412053108, 12906.474457263947], [13688.337794661522, 10415.71988338232, 6551.429174929857, 8667.094690710306, 13001.088298976421, 13722.1957167387, 12884.520141422749], [12070.380190968513, 6528.226146489382, 9934.165530025959, 12791.754276275635, 13506.219605743885, 13345.684759736061, 13255.998855531216]]}