{"name": "(07113) santa isabel", "estimation_time": 4.945321942999726, "simulation_time": 0.7839083200015011, "prediction": [[16239.793129384518, 14571.191327095032, 9959.3680151999, 8252.520794838667, 11796.46016728878, 15072.663433372974, 14887.314081013203], [16231.109423458576, 11745.344032615423, 6792.715353935957, 10432.44568195939, 15666.683583676815, 15809.72776633501, 14795.598549365997], [13809.847472727299, 6022.028616860509, 11606.825382232666, 14970.159092962742, 15476.003143012524, 14918.144622266293, 15448.303299665451], [6974.9142612963915, 12012.289628356695, 14496.875805675983, 15153.479823291302, 15109.710234224796, 15302.756564736366, 12347.304395109415], [14272.536287724972, 14225.767648041248, 14086.310540556908, 14952.089562237263, 15466.659946858883, 10859.522651553154, 6168.760804280639], [16110.131833970547, 14795.214891552925, 14812.250050723553, 15368.397156715393, 10786.40073221922, 6685.406200930476, 12256.189425855875], [16357.61369150877, 15425.135884404182, 14356.579916894436, 11130.482862710953, 8962.104069709778, 10615.75324755907, 13920.103957772255], [16768.06235474348, 15105.679319620132, 10585.122057914734, 8688.145434826612, 12116.535474330187, 15539.640188634396, 15383.32972061634], [16879.488619983196, 12382.155193805695, 7243.710128337145, 10830.086944669485, 16108.301309764385, 16308.669737100601, 15281.788286089897], [14528.102542579174, 6679.246675044298, 12268.872074902058, 15591.254702329636, 16135.083383440971, 15597.770616233349, 16062.416587591171]]}