{"name": "(07109) cad", "estimation_time": 4.945321942999726, "simulation_time": 0.7839083200015011, "prediction": [[15792.660950541496, 13298.569779098034, 8913.989801347256, 7916.356907457113, 11822.552432715893, 14847.93874156475, 14958.122195959091], [15083.500969529152, 10172.563753426075, 6724.187601566315, 10432.97875291109, 15373.946240246296, 15686.68403351307, 14715.726518571377], [11752.547496795654, 6728.735183417797, 11427.71180254221, 14850.755015432835, 15305.339296877384, 14763.644717991352, 14678.34012067318], [7463.230518728495, 11912.825845301151, 14751.1313803792, 15042.430711507797, 14981.15767377615, 14587.544996976852, 10544.025929033756], [13554.179239571095, 13879.149226129055, 13988.836088836193, 14522.737849533558, 13913.750266373158, 9182.327563732862, 6738.5810314416885], [16058.955827474594, 14899.457713782787, 15048.47386521101, 14009.605021715164, 9380.073465198278, 7457.706177741289, 12431.754497110844], [16387.873428106308, 15235.787476718426, 13372.498175799847, 9991.737716197968, 8683.878005295992, 10931.760660648346, 14196.542807996273], [16451.220750570297, 13959.60480850935, 9630.71362733841, 8471.96909636259, 12264.86877399683, 15424.427587032318, 15545.677113771439], [15764.844087004662, 10797.203636050224, 7197.284898400307, 10847.137186169624, 15843.49976605177, 16225.324670135975, 15237.9120002985], [12559.72733426094, 7467.2781274318695, 12149.205420672894, 15534.428442537785, 16036.02469187975, 15496.859445750713, 15336.328936874866]]}