{"name": "(07107) u. nacional", "estimation_time": 4.945321942999726, "simulation_time": 0.7839083200015011, "prediction": [[19375.53751707077, 14520.5959379673, 6679.096311211586, 6144.306632041931, 13210.348414897919, 18426.01156616211, 18208.03835296631], [17667.462401151657, 8848.744666576385, 3695.1709150075912, 11485.860435009003, 19614.233013629913, 19949.35358953476, 17832.978528261185], [11187.083953261375, 2882.1166967451572, 12646.802132368088, 18154.906058311462, 18602.278072834015, 17760.833154678345, 16216.41270852089], [4586.345606207848, 13763.802315235138, 17965.033437013626, 18398.2631418705, 18046.7800116539, 16208.140741586685, 9742.765825271606], [16520.475014209747, 17128.578442573547, 17396.931482553482, 18019.205023288727, 15339.262496471405, 7401.329184770584, 3799.211287856102], [20751.35044002533, 19183.602199792862, 19323.70532989502, 16106.773400306702, 7838.081889629364, 5404.746053099632, 15195.760816574097], [20922.511840343475, 18936.070738554, 15166.573271274567, 9040.258309483528, 7156.5382759571075, 11591.732476592064, 17489.961983919144], [20744.033032655716, 15853.918382883072, 7958.935617804527, 7052.033200740814, 13983.168311595917, 19593.5663356781, 19509.578333377838], [19003.892129421234, 9969.477031707764, 4492.898064255714, 12235.439917564392, 20550.28656768799, 21120.821920871735, 18974.435824632645], [12589.405432224274, 4029.548761487007, 13787.107602357864, 19293.998800754547, 19861.62413740158, 19098.413385391235, 17469.173503637314]]}