{"name": "(07201) guatoque -veraguas", "estimation_time": 4.945321942999726, "simulation_time": 0.7839083200015011, "prediction": [[3563.392562866211, 3008.915147781372, 1892.807149887085, 1576.0543537139893, 2507.602367401123, 3381.096878051758, 3339.3708896636963], [3490.5969429016113, 2306.9212913513184, 1280.0445795059204, 2204.632616043091, 3459.7446727752686, 3611.744546890259, 3327.444944381714], [2900.411911010742, 1264.4496011734009, 2616.6306591033936, 3393.3160495758057, 3588.313617706299, 3500.0024127960205, 3439.828577041626], [1240.0461912155151, 2558.554220199585, 3172.3377895355225, 3295.547857284546, 3261.789436340332, 3291.874589920044, 2398.837308883667], [2698.8700342178345, 2768.5585498809814, 2800.1553535461426, 2884.127621650696, 2824.501953125, 1797.4608087539673, 843.7902688980103], [3591.168956756592, 3294.033737182617, 3345.5607509613037, 3169.0653705596924, 2057.875175476074, 1504.1777563095093, 2881.159896850586], [3790.4160118103027, 3517.3458099365234, 3125.6827068328857, 2281.515760421753, 1899.5083045959473, 2514.850277900696, 3358.535394668579], [3645.0618934631348, 3086.619749069214, 1985.1561260223389, 1637.5734663009644, 2516.95508480072, 3415.751209259033, 3407.425489425659], [3656.56476020813, 2465.3499126434326, 1400.7031202316284, 2322.7518033981323, 3597.9586791992188, 3774.5574474334717, 3476.940927505493], [3014.802255630493, 1353.8174438476562, 2703.844118118286, 3473.107109069824, 3687.398681640625, 3605.959768295288, 3525.3853607177734]]}