{"name": "(07200) tygua-san jose", "estimation_time": 4.945321942999726, "simulation_time": 0.7839083200015011, "prediction": [[3843.099487900734, 3394.645656645298, 2345.7536341249943, 2046.9220305681229, 2866.9448350071907, 3684.280265033245, 3580.492990553379], [3780.425653398037, 2750.2034832835197, 1765.6242490112782, 2553.2174038290977, 3739.934314966202, 3925.031825363636, 3529.442434132099], [3398.6073545217514, 1720.117289274931, 2967.710804402828, 3738.3370663523674, 3910.8181952238083, 3768.71288305521, 3621.5001403689384], [1630.935354590416, 2921.113429248333, 3507.7198529839516, 3625.0103222727776, 3560.6827634572983, 3539.290637552738, 2833.4909479022026], [2984.1249594688416, 3033.9727283120155, 3050.9565638899803, 3125.002866446972, 3055.544707596302, 2203.581854403019, 1141.761241108179], [3908.632151246071, 3599.6866188645363, 3688.284826517105, 3529.3352751135826, 2558.3387360572815, 1943.0167363584042, 3163.9676232934], [4080.156089425087, 3814.793867588043, 3477.916033744812, 2751.467380464077, 2373.1486923992634, 2848.6432331204414, 3611.7851616740227], [3967.8618369698524, 3513.5070192217827, 2473.5154220461845, 2149.3166722357273, 2919.934100806713, 3753.5420622229576, 3691.2734046578407], [3951.6266664266586, 2916.239721238613, 1896.753581494093, 2678.5841876864433, 3879.9879663586617, 4087.0081846117973, 3685.322893321514], [3532.126333117485, 1828.3544144034386, 3081.9423181414604, 3844.6069546341896, 4030.126150250435, 3896.465547978878, 3729.2980583310127]]}