{"name": "(07504) terreros", "estimation_time": 4.945321942999726, "simulation_time": 0.7839083200015011, "prediction": [[55319.01039791107, 49420.55032682419, 33914.939799427986, 29042.88911730051, 41132.08617126942, 51736.05739343166, 50878.751502394676], [54860.23849737644, 39751.12693357468, 24535.005247592926, 36456.680055737495, 53546.26254618168, 54472.338984012604, 50620.39495360851], [47125.900198102, 21794.305616378784, 41130.01216983795, 51598.6387912035, 53221.94440019131, 51267.4806163311, 51872.06177723408], [23350.970357894897, 41735.49252867699, 49690.82751202583, 51245.485065579414, 51196.21570003033, 50854.06670951843, 40988.21450150013], [46961.65042030811, 46437.340074539185, 46621.12165641785, 48961.516740202904, 49187.74157822132, 34407.36341714859, 19918.20498391986], [54096.933589339256, 50091.74730014801, 51381.98219871521, 50785.75550532341, 35885.669879078865, 24080.535856068134, 43071.7479878664], [56025.0283241272, 52904.555367708206, 48946.14685845375, 38002.60453212261, 31774.1583057642, 37416.608651161194, 48609.67701280117], [57200.889699459076, 51352.27804398537, 36111.67200553417, 30699.050249636173, 42248.48912703991, 53327.501329422, 52714.27339208126], [57018.23281097412, 41859.24220871925, 26095.62033545971, 37878.47624242306, 55106.25404167175, 56250.40129041672, 52381.25000786781], [49407.92814898491, 23817.452254354954, 43213.18096601963, 53582.191489100456, 55335.84182429314, 53416.171154379845, 53766.774832606316]]}