{"name": "(07506) despensa", "estimation_time": 4.945321942999726, "simulation_time": 0.7839083200015011, "prediction": [[7003.025990605354, 6097.812964498997, 3756.046386986971, 3141.5718176960945, 5024.0442470908165, 6514.837669432163, 6360.809873223305], [6884.572470426559, 4619.040327310562, 2464.218608304858, 4299.6519523561, 6787.9404908418655, 6847.250749528408, 6284.326879858971], [5570.75992000103, 2037.1696600615978, 4959.5992550849915, 6411.061825335026, 6591.992525219917, 6262.487692654133, 6423.153196930885], [2323.1695714890957, 5144.300734400749, 6206.402029275894, 6354.689942538738, 6329.992865204811, 6348.484791636467, 4770.080681443214], [6133.6605477929115, 5955.541254281998, 5953.6057223677635, 6293.706268668175, 6315.087074398994, 4054.553010970354, 2083.0008133798838], [6873.448649585247, 6297.287669837475, 6463.325060665607, 6267.836337327957, 3966.31629884243, 2461.5256709456444, 5350.373120129108], [7096.652020692825, 6653.201300978661, 5983.779705107212, 4343.141809314489, 3491.934944152832, 4400.95339730382, 6070.304911196232], [7285.9571133852005, 6375.754830896854, 4064.7632969021797, 3369.1539154946804, 5182.2052238583565, 6750.679887473583, 6633.682427883148], [7173.63686645031, 4892.827492892742, 2655.9349381923676, 4470.188368111849, 6979.413534224033, 7078.384765744209, 6510.874498903751], [5910.376260519028, 2328.1397824436426, 5251.059716522694, 6686.061011791229, 6888.166783750057, 6573.522119045258, 6715.085812807083]]}