{"name": "(07503) san mateo", "estimation_time": 4.945321942999726, "simulation_time": 0.7839083200015011, "prediction": [[97600.59293794632, 89348.4718208313, 63687.58892703056, 55250.00280427933, 74982.75284099579, 93384.49180173874, 91782.35973525047], [97193.41882753372, 73962.72566127777, 48075.27745771408, 66981.89830708504, 95607.04608011246, 98193.29275655746, 91419.43312335014], [85646.22721362114, 43905.01609492302, 75173.54566383362, 92762.64074492455, 95928.34941196442, 93095.16004252434, 93924.18894457817], [45646.320459127426, 76693.07088184357, 89793.2208173275, 92524.18240237236, 92194.03050470352, 92140.34142303467, 76338.6659758091], [84582.89575982094, 84233.32838106155, 84438.5077111721, 87916.13882946968, 88585.23515748978, 64937.440677165985, 40215.20383942127], [96463.9608054161, 90422.07601594925, 91897.51716542244, 91495.60083079338, 67941.02680850029, 48306.13630640507, 79461.73809695244], [99564.13405227661, 95076.9072561264, 88516.9447748661, 70871.5737490654, 60624.82246685028, 70300.23189353943, 88741.18004012108], [100327.53881502151, 92426.8948726654, 67262.79241013527, 57869.32770776749, 76603.4925775528, 95781.1690454483, 94528.65105199814], [100689.41947507858, 77508.89464187622, 50719.73555672169, 69335.44871497154, 98118.41381120682, 101103.46698331833, 94299.64830088615], [89295.93608784676, 47229.016032099724, 78661.97249937057, 96076.86056542397, 99350.02210664749, 96499.20564699173, 96888.32774925232]]}