{"name": "(07505) leon xiii", "estimation_time": 4.945321942999726, "simulation_time": 0.7839083200015011, "prediction": [[25694.5465798378, 22456.034830331802, 13803.657779812813, 11643.247108578682, 18591.860546588898, 24100.831149339676, 23268.311329603195], [25323.1758351326, 17033.517864465714, 9185.160300254822, 15980.787264823914, 25073.281595230103, 25373.737706661224, 22988.164866685867], [20492.80418229103, 7771.394524097443, 18326.828587770462, 23631.056111574173, 24333.48507118225, 23039.61885046959, 23591.30902838707], [8791.75910872221, 19041.50667977333, 22807.56685566902, 23376.137521982193, 23261.477882385254, 23372.351848602295, 17640.763586878777], [22895.993752002716, 22190.130657672882, 22105.509333133698, 23345.571898937225, 23381.621193408966, 15329.780783176422, 8266.712493419647], [25099.826080322266, 23156.880207777023, 23912.744701623917, 23017.48518061638, 14494.867349982262, 9096.896736741066, 19498.904903650284], [25927.4376244545, 24480.638821840286, 21953.672822237015, 15925.397540450096, 12883.942278146744, 16220.718202710152, 22203.329939365387], [26588.545867919922, 23343.85400247574, 14749.781794071198, 12323.677541732788, 19073.83662891388, 24887.790232419968, 24171.958032369614], [26404.283232212067, 18044.8282558918, 9865.337857723236, 16586.565479159355, 25787.39589881897, 26258.71306371689, 23838.558437347412], [21706.39688205719, 8779.843274772167, 19317.16936659813, 24557.851303339005, 25368.073291301727, 24170.856986761093, 24658.679886579514]]}