{"name": "(08002) biblioteca", "estimation_time": 4.945321942999726, "simulation_time": 0.7839083200015011, "prediction": [[5941.107947587967, 5042.474314689636, 3425.820061802864, 3128.140447974205, 4561.392239391804, 5615.104189515114, 5510.889919638634], [5788.781650424004, 3939.696166932583, 2551.1807880699635, 4156.9168147444725, 5893.659891605377, 5799.591308355331, 5462.757896304131], [4641.719180226326, 2379.3433480262756, 4475.7807022333145, 5627.868845582008, 5649.586090803146, 5517.287629246712, 5504.2973767519], [2715.795297026634, 4517.256349146366, 5356.101545095444, 5462.374382376671, 5491.186635255814, 5335.5486850738525, 4048.6674451231956], [5085.609889864922, 4942.776075124741, 4888.52167236805, 5191.2120904922485, 5051.7017213106155, 3293.730276942253, 2202.0137885808945], [5984.275311350822, 5442.787997961044, 5489.395707249641, 5363.101699709892, 3669.9002715945244, 2641.2788741886616, 4701.599393904209], [6088.323460221291, 5636.392801523209, 5098.236624479294, 3898.2535904049873, 3363.5859544873238, 4136.525717616081, 5271.202943921089], [6188.1883335113525, 5287.896566867828, 3692.7349882125854, 3325.366330564022, 4723.487887322903, 5847.65103828907, 5749.756544709206], [6075.230663895607, 4204.915531098843, 2752.695694565773, 4346.665970265865, 6102.2719848155975, 6033.046182751656, 5692.909833908081], [4935.295502662659, 2648.305049300194, 4753.812918066978, 5897.487340092659, 5937.5804398059845, 5805.62550008297, 5765.26014649868]]}