{"name": "(08000) portal tunal", "estimation_time": 4.945321942999726, "simulation_time": 0.7839083200015011, "prediction": [[60495.499396026134, 53351.2052243948, 35410.9886752367, 31127.219836443663, 45914.42300200462, 57804.45976036787, 56642.97119355202], [59255.03531628847, 41491.41385370493, 25615.144250154495, 40445.7694786787, 59727.00577938557, 60515.61313158274, 56168.83848762512], [48672.69050645828, 23596.323149830103, 45196.79574149847, 57078.9118629694, 58594.5953142643, 56833.18028122187, 57940.79486089945], [25756.632967054844, 46810.82710087299, 55542.50664693117, 56828.358317136765, 56543.267412900925, 56934.30171281099, 43960.83497953415], [51530.93166548014, 50873.21641457081, 50778.555699527264, 53370.42154788971, 52798.812334001064, 35699.204264223576, 22449.411838904023], [60928.18857246637, 56860.39527744055, 58424.080519557, 56426.51930606365, 38229.42830872536, 28231.137802153826, 50176.82465469837], [62341.18662405014, 59382.87426567078, 53665.871708750725, 41060.86090815067, 34761.54197096825, 42660.02969312668, 55514.29994535446], [63032.70764744282, 55944.400933384895, 38188.88869428635, 33272.109448224306, 47567.94374358654, 60170.8768401742, 59251.08475232124], [61852.25962507725, 43984.52210587263, 27444.910542815924, 42113.55777144432, 61617.462814211845, 62766.27380990982, 58384.444820165634], [51468.434718966484, 26147.03485158086, 47770.91819268465, 59540.610692977905, 61227.7908898592, 59517.944535434246, 60434.8492975235]]}