{"name": "(08001) parque el tunal", "estimation_time": 4.945321942999726, "simulation_time": 0.7839083200015011, "prediction": [[6522.887007474899, 5497.570774435997, 3642.8104602098465, 3241.0006968975067, 4858.141543745995, 6207.930912017822, 6139.8070158958435], [6317.882847070694, 4219.710953116417, 2548.8549218177795, 4381.505899906158, 6397.324663877487, 6420.567456483841, 6063.131432056427], [5028.1394864320755, 2299.506981730461, 4741.836870908737, 6047.3961935043335, 6233.488330364227, 6079.0625150203705, 6121.4276003837585], [2708.888655900955, 4812.578036189079, 5767.182230949402, 6060.442316293716, 6008.581273555756, 5928.273968696594, 4450.64757668972], [5475.655063509941, 5362.017591834068, 5452.342643499374, 5759.537086486816, 5615.233042955399, 3575.9942277669907, 2126.042648434639], [6571.999016046524, 6014.2457818984985, 5977.116344451904, 5909.132257938385, 3975.5417939424515, 2784.8110986948013, 5152.640220165253], [6713.7837126255035, 6195.258724451065, 5580.68619966507, 4179.603903889656, 3529.654277563095, 4497.785606741905, 5837.382188796997], [6779.0503885746, 5745.110621213913, 3923.3045967817307, 3434.7360364198685, 4996.696749329567, 6429.833171844482, 6380.283980846405], [6605.136112451553, 4484.708415150642, 2738.8722689151764, 4561.986789226532, 6599.846648931503, 6658.089001655579, 6293.029469966888], [5325.35696041584, 2571.452481985092, 5019.046591281891, 6318.292289495468, 6525.6332676410675, 6371.049889087677, 6376.58235502243]]}