{"name": "(09000) cabecera usme", "estimation_time": 4.945321942999726, "simulation_time": 0.7839083200015011, "prediction": [[60598.23376464844, 53607.39278411865, 35637.12648773193, 31024.717332839966, 45438.44578552246, 57924.72319030762, 56881.482192993164], [59460.48211669922, 42245.02876663208, 26149.13236618042, 39900.89340209961, 59224.30055999756, 61263.03510284424, 56549.621185302734], [49894.581020355225, 24332.44612312317, 45172.28925323486, 57192.71862792969, 59344.8547668457, 57700.33029937744, 57549.85144805908], [25247.332988739014, 46594.59345626831, 55358.47101974487, 56850.28249359131, 56637.13860702515, 56695.87222290039, 43889.80209350586], [51103.29954147339, 51321.157775878906, 51486.59615325928, 53448.85536193848, 52532.20830535889, 36248.94593811035, 21597.324670791626], [60950.46768951416, 56730.846755981445, 57889.41870880127, 55123.575702667236, 38055.407974243164, 28706.116621017456, 49672.08113861084], [62715.17167663574, 59435.8310546875, 53386.3021736145, 40819.097927093506, 34893.12354660034, 42932.45114517212, 55469.21904754639], [62707.38153839111, 55840.67666244507, 38030.275970458984, 32800.75141334534, 46682.060546875, 59710.37610626221, 58949.688400268555], [61826.26265716553, 44563.43933868408, 27818.534385681152, 41363.80642700195, 60910.78999328613, 63350.25528717041, 58559.02946472168], [52250.57495498657, 26408.478818893433, 47325.53826904297, 59201.28246307373, 61510.736892700195, 59941.2001953125, 59533.73625946045]]}