{"name": "(09004) santa lucia", "estimation_time": 4.945321942999726, "simulation_time": 0.7839083200015011, "prediction": [[28371.04738986492, 25452.77708888054, 18114.148730754852, 15635.457903027534, 21462.021002292633, 26934.606184005737, 26285.740698218346], [28208.88665986061, 20977.38144981861, 13334.671314239502, 19291.117068231106, 27639.180399656296, 28067.873128652573, 26065.800859093666], [25027.321052789688, 12104.969985753298, 21541.147446870804, 26644.620238661766, 27457.275152802467, 26644.04053246975, 26820.65423500538], [13564.34366118908, 22153.879638671875, 25875.765923023224, 26814.70361995697, 26641.285202741623, 26566.848167181015, 22304.518708109856], [25181.383149266243, 24663.74865269661, 24536.22709298134, 25687.778937101364, 25867.549968004227, 19184.464931428432, 11566.397916287184], [28543.425441503525, 26234.41082048416, 26381.732107162476, 26560.9406850338, 19584.164586901665, 13346.119648873806, 22655.265108704567], [29044.484826803207, 27199.140267014503, 25352.472389817238, 20102.068232774734, 17040.36291950941, 19925.14742398262, 25191.505578517914], [29287.33168709278, 26401.2488822937, 19181.475821375847, 16446.074356257915, 22023.31117081642, 27737.568272590637, 27156.576720118523], [29301.394738197327, 22049.925896167755, 14112.395479679108, 20002.740062594414, 28408.716215133667, 28966.94567298889, 26938.54853117466], [26188.689945220947, 13160.437685191631, 22624.143857836723, 27693.631374120712, 28561.658581495285, 27777.693947911263, 27807.100234627724]]}