{"name": "(09001) molinos", "estimation_time": 4.945321942999726, "simulation_time": 0.7839083200015011, "prediction": [[30637.94864654541, 27847.160497665405, 19726.480185508728, 16900.46050453186, 23118.046444892883, 29249.32393360138, 28622.11446094513], [30282.00001144409, 22934.00692462921, 14969.35948753357, 20644.008153915405, 29499.31844997406, 30720.941381454468, 28435.127636909485], [26775.46168231964, 14308.887586593628, 23694.638153076172, 28970.97432231903, 29945.95475101471, 29416.587052345276, 29281.408529281616], [14550.81059217453, 24257.19931602478, 28362.89510154724, 29037.419325828552, 28913.668864250183, 29313.072081565857, 23852.69820690155], [25907.313755989075, 26010.541981697083, 26115.370898246765, 27184.574305534363, 27214.392163276672, 20238.098727226257, 12223.29449558258], [30746.058797836304, 28559.516922950745, 29119.704272270203, 28420.365710258484, 20979.23129081726, 15752.411276817322, 25084.870816230774], [31802.50749397278, 30124.914527893066, 27809.832822799683, 21954.431315422058, 18981.73064136505, 22579.455718040466, 28095.031648635864], [31779.393663406372, 28977.805388450623, 21007.03648853302, 17905.494720458984, 23903.132672309875, 30263.254506111145, 29820.001070976257], [31699.478900909424, 24338.315504074097, 16086.970181465149, 21639.63604259491, 30596.250831604004, 32001.820726394653, 29720.21197128296], [28271.826318740845, 15659.139275550842, 25091.075761795044, 30307.02668571472, 31382.44411277771, 30938.668003082275, 30623.16494178772]]}