{"name": "(09003) socorro", "estimation_time": 4.945321942999726, "simulation_time": 0.7839083200015011, "prediction": [[5836.842949688435, 5169.904811680317, 3457.930582910776, 2924.3235328793526, 4381.116953492165, 5509.5651061832905, 5269.1091829538345], [5790.673839151859, 4086.9885379076004, 2381.294577717781, 3817.3980464041233, 5737.143105566502, 5661.467958688736, 5159.503432661295], [4831.2777993083, 2039.9689590930939, 4272.3489183187485, 5338.174656480551, 5465.365322679281, 5197.348927110434, 5323.269227147102], [2519.8972345888615, 4499.112965613604, 5305.815144479275, 5375.376090854406, 5378.350566774607, 5447.719770073891, 4332.118130326271], [5531.828880906105, 5301.961436420679, 5219.785325229168, 5461.567061692476, 5640.207694023848, 3930.762179493904, 2399.855007007718], [5770.801936388016, 5221.0152669250965, 5278.015129864216, 5324.29322257638, 3657.4783121049404, 2327.8330164030194, 4493.700184226036], [5802.455385923386, 5410.007293969393, 4996.714380681515, 3754.791747033596, 3127.6845456659794, 3806.4798897504807, 4975.883762538433], [6079.258640110493, 5396.291928142309, 3706.95048391819, 3118.0303364247084, 4532.399782091379, 5734.762159138918, 5518.6696246266365], [6013.8982874155045, 4298.247617334127, 2524.5618902146816, 3949.218952804804, 5885.482322871685, 5841.598560363054, 5334.863401055336], [5125.853069126606, 2291.4962012693286, 4527.590636312962, 5578.866844326258, 5726.641757935286, 5470.2954687178135, 5585.70650011301]]}