{"name": "(09002) consuelo", "estimation_time": 4.945321942999726, "simulation_time": 0.7839083200015011, "prediction": [[5804.1873806118965, 4907.353500723839, 3372.222190797329, 3077.5922589302063, 4464.229172617197, 5527.664492964745, 5440.867568433285], [5638.934470713139, 3862.145077228546, 2501.694204851985, 4061.3112567961216, 5739.08302873373, 5688.7856278419495, 5367.920281410217], [4604.009001046419, 2325.3189958035946, 4406.11371165514, 5420.957960724831, 5599.044901549816, 5388.243468642235, 5425.798801004887], [2690.0932460576296, 4420.076417684555, 5153.51824426651, 5383.234784424305, 5318.424913227558, 5232.354642391205, 4050.4282860159874], [4998.763118386269, 4789.928072690964, 4859.087061733007, 5061.882992088795, 4985.878080993891, 3271.7324171066284, 2187.7600843906403], [5785.620021879673, 5331.156931221485, 5287.525547802448, 5244.407244205475, 3617.8723469376564, 2638.6688032746315, 4659.128648728132], [5934.292563855648, 5481.834052443504, 4953.53746882081, 3799.3892841637135, 3309.500569552183, 4094.752905100584, 5211.752050280571], [6028.313310563564, 5140.022888123989, 3623.7504024505615, 3254.0399574637413, 4600.065924823284, 5736.360338747501, 5656.260588347912], [5891.268735289574, 4097.783895254135, 2674.972969636321, 4226.195060789585, 5924.178710281849, 5901.537869632244, 5574.51154512167], [4863.698498547077, 2556.644124120474, 4648.640663981438, 5656.390240252018, 5847.50217217207, 5641.734047293663, 5658.9124220609665]]}