{"name": "(09106) narino", "estimation_time": 4.945321942999726, "simulation_time": 0.7839083200015011, "prediction": [[7605.262487411499, 6489.74319934845, 4139.309256076813, 3471.9046111106873, 5435.519588470459, 7063.480341911316, 6972.285776138306], [7504.7532749176025, 4983.182122707367, 2766.329110622406, 4841.720153331757, 7436.202715873718, 7463.396487236023, 6971.717817306519], [6095.733947753906, 2468.962746620178, 5474.1608991622925, 7104.6811237335205, 7353.191144943237, 7050.124777793884, 7163.258276939392], [2854.896562099457, 5525.839668273926, 6736.236113548279, 7036.942892074585, 6987.891237258911, 6912.530047416687, 5231.54741191864], [6380.62624168396, 6312.345036506653, 6296.854751586914, 6651.857053756714, 6622.491388320923, 4204.022131919861, 2209.9115130901337], [7560.051258087158, 6903.676105499268, 6952.115924835205, 6888.608742713928, 4427.754034996033, 2733.554168701172, 5726.01895236969], [7799.707337379456, 7251.274832725525, 6543.5767993927, 4788.649519443512, 3865.0536975860596, 4886.964594841003, 6620.239053726196], [7876.278791427612, 6772.643980979919, 4461.082919597626, 3698.529935359955, 5591.93435382843, 7298.901105880737, 7222.113315582275], [7897.7783489227295, 5353.98032283783, 3043.1916732788086, 5099.956774234772, 7715.330715179443, 7781.958623886108, 7288.535247802734], [6478.493104934692, 2808.537531852722, 5818.902159690857, 7435.511658668518, 7702.8142919540405, 7405.826668739319, 7482.836889266968]]}