{"name": "(09114) calle 26", "estimation_time": 4.945321942999726, "simulation_time": 0.7839083200015011, "prediction": [[21654.8462831378, 14321.763100206852, 4594.886143177748, 4971.832913279533, 14562.219488978386, 19797.016457498074, 19622.204073369503], [19302.42574375868, 6310.138257294893, 1257.1237992942333, 12387.222248524427, 21664.10663509369, 20748.64625698328, 19418.127535760403], [9056.324816137552, 1186.9101532697678, 13795.27786064148, 19768.64879256487, 20124.740673542023, 19242.391278386116, 19103.673368036747], [3537.1593743264675, 14441.862298250198, 18826.909193098545, 19536.074873030186, 19529.302204728127, 18209.570172071457, 6645.2653500288725], [18210.260554730892, 17704.394551753998, 18335.71706455946, 19815.832627892494, 16939.479391098022, 4114.074256628752, 2841.8593599051237], [21287.444521725178, 19200.590698242188, 20300.70465630293, 16597.875456869602, 4556.718359470367, 3566.4554165676236, 15539.384799063206], [22246.992822945118, 19997.411915123463, 15191.829737484455, 7477.413908809423, 5628.609503239393, 11777.130083471537, 18425.073335409164], [22544.61549025774, 15356.117749631405, 5600.062396466732, 5543.5901038348675, 15024.444371819496, 20687.853667855263, 20431.27778083086], [20437.11792808771, 7182.789865970612, 1799.3022726625204, 12912.932789385319, 22359.600144028664, 21613.106237590313, 20219.57676666975], [10134.355176895857, 2110.1348140239716, 14703.634071469307, 20677.84095734358, 21150.323571681976, 20287.996714949608, 19988.199126064777]]}