{"name": "(09109) tercer milenio", "estimation_time": 4.945321942999726, "simulation_time": 0.7839083200015011, "prediction": [[6053.643900036812, 5319.114344835281, 3630.675376445055, 3255.0846883803606, 4686.771997123957, 5829.240301430225, 5647.326980948448], [5874.586716353893, 4263.104475975037, 2750.309579193592, 4171.225481837988, 5979.04972910881, 6026.208875715733, 5526.194749236107], [5009.864130973816, 2618.4289401471615, 4701.901847958565, 5705.188060700893, 5872.409817695618, 5602.979165256023, 5604.055459797382], [2698.09999909997, 4738.968230783939, 5463.197675824165, 5587.739444673061, 5496.646698474884, 5438.652631044388, 4263.436230182648], [5315.535593986511, 5138.088562190533, 5141.475458055735, 5277.351447343826, 5228.349062919617, 3555.766372680664, 2322.2454806417227], [6066.886422157288, 5642.386893868446, 5595.078553199768, 5421.638311445713, 3820.8970901966095, 2847.2734453827143, 4920.252362251282], [6204.695499360561, 5799.407685637474, 5216.643048971891, 4027.593069642782, 3518.1380096673965, 4304.979864835739, 5468.003345251083], [6274.315740466118, 5524.224720299244, 3851.104597777128, 3415.4817703664303, 4812.91128641367, 6030.0354889035225, 5873.993753373623], [6105.656381905079, 4486.107652366161, 2907.230034381151, 4318.190689176321, 6148.717220067978, 6231.546617209911, 5728.6577642560005], [5248.021944433451, 2833.0436446666718, 4924.208864837885, 5920.638585627079, 6107.544425606728, 5851.574604809284, 5840.774956703186]]}