{"name": "(09123) calle 76", "estimation_time": 4.945321942999726, "simulation_time": 0.7839083200015011, "prediction": [[33590.70870554447, 24360.9903652668, 9989.797270268202, 8867.366062045097, 22440.24374449253, 31297.30415046215, 30721.536086797714], [30962.98653459549, 13501.067238867283, 3787.693950355053, 18948.50641566515, 33835.459297299385, 33006.818284749985, 30032.871913671494], [18718.29461044073, 2715.7893599644303, 21553.405694007874, 31299.733875632286, 31829.388362169266, 29957.994952082634, 29589.379577755928], [6192.196757912636, 22806.564378380775, 30120.279182076454, 30959.874903798103, 30544.759616732597, 28643.557854175568, 14924.615055441856], [28758.269275546074, 28330.221054792404, 28645.436003804207, 30417.76458477974, 27238.47618162632, 10614.211038440466, 4597.478119537234], [34294.9263780117, 30501.604067087173, 31435.104942917824, 27412.022327423096, 10967.700559020042, 6046.1904065310955, 24489.910093307495], [35126.590583086014, 31440.78128361702, 25211.168424487114, 14043.212467730045, 10375.406175017357, 18536.580724716187, 29078.04112291336], [35176.19514465332, 26072.110352396965, 11729.141284763813, 9992.235722899437, 23290.97105193138, 32781.079594254494, 32230.10217475891], [32834.973412036896, 15057.53545165062, 4802.1007179021835, 19885.777554690838, 35019.380123615265, 34475.317180633545, 31410.956639885902], [20578.082824587822, 4297.479789867997, 23115.360570669174, 32823.92793726921, 33549.268392920494, 31734.40333020687, 31126.334351181984]]}