{"name": "(09113) calle 22", "estimation_time": 4.945321942999726, "simulation_time": 0.7839083200015011, "prediction": [[7003.674461364746, 6020.046455383301, 3616.3556423187256, 3006.9860877990723, 4968.250171661377, 6402.22688293457, 6213.016494750977], [6789.016014099121, 4355.644020080566, 2237.3660020828247, 4184.398170471191, 6720.4451904296875, 6731.288116455078, 6126.6896896362305], [5245.7254638671875, 2010.1941270828247, 4817.641765594482, 6378.895576477051, 6588.838485717773, 6266.444435119629, 6342.431816101074], [2564.0214805603027, 5289.612937927246, 6451.023628234863, 6611.580924987793, 6677.876022338867, 6668.0360107421875, 4646.739421844482], [6515.661003112793, 6472.865386962891, 6472.039337158203, 6871.577033996582, 6846.051788330078, 4288.69641494751, 2580.5703353881836], [6923.660598754883, 6324.076232910156, 6645.211784362793, 6361.400802612305, 3872.818675994873, 2494.261932373047, 5155.119403839111], [6986.515525817871, 6581.12442779541, 5859.133895874023, 4126.063003540039, 3316.640390396118, 4243.075054168701, 5779.622512817383], [7341.332542419434, 6341.828125, 3955.434902191162, 3271.7765827178955, 5180.05143737793, 6707.289733886719, 6552.196838378906], [7071.595588684082, 4608.870456695557, 2407.3852367401123, 4339.639305114746, 6909.349899291992, 6965.045387268066, 6345.253982543945], [5613.205425262451, 2322.496542930603, 5125.034526824951, 6672.94783782959, 6924.0460205078125, 6619.571014404297, 6666.995780944824]]}