{"name": "(09101) quiroga", "estimation_time": 4.945321942999726, "simulation_time": 0.7839083200015011, "prediction": [[12279.662498354912, 10772.457846045494, 7409.132019340992, 6506.125392317772, 9278.611627101898, 11484.4098893404, 11230.335052967072], [12049.136612772942, 8547.827603340149, 5408.860032379627, 8192.802953720093, 11897.190333604813, 11968.09381043911, 11072.44519174099], [10134.695535302162, 4819.152646303177, 9060.596516370773, 11358.673211455345, 11640.461495041847, 11149.189201951027, 11282.335412502289], [5527.632613837719, 9414.906473517418, 11140.676051139832, 11385.060322403908, 11362.658203721046, 11300.053137540817, 8944.503200650215], [10797.568482995033, 10621.232907652855, 10588.991966724396, 11093.413936495781, 11095.967549324036, 7732.665324091911, 4868.508976101875], [12216.816098809242, 11174.401557922363, 11493.99142229557, 11248.802041649818, 7883.487042963505, 5531.8782195448875, 9627.287813067436], [12454.266191005707, 11620.263953328133, 10704.092690944672, 8299.439724564552, 7052.450612843037, 8323.787801265717, 10699.742706894875], [12821.629424452782, 11310.420499801636, 7982.500538229942, 6957.12891972065, 9618.36512684822, 11936.584847569466, 11734.052302718163], [12520.404829740524, 8991.460823059082, 5731.691608846188, 8490.909494757652, 12223.680470705032, 12342.956328630447, 11434.64468896389], [10688.917941451073, 5316.701268970966, 9566.359448671341, 11840.62524986267, 12157.093071579933, 11677.554366827011, 11762.73041856289]]}