{"name": "(09117) calle 45", "estimation_time": 4.945321942999726, "simulation_time": 0.7839083200015011, "prediction": [[32285.17253136635, 24725.032803952694, 11234.228135317564, 9549.667382329702, 21883.5380063653, 30132.407233417034, 29486.98028075695], [30427.57701897621, 14833.344906002283, 5241.793259605765, 18670.726132035255, 32417.626715183258, 32069.166275560856, 29430.265941262245], [18307.321729928255, 3776.9871320724487, 21016.069491267204, 29373.3139244318, 30206.774774074554, 29180.427448511124, 28906.10819017887], [7377.813623353839, 22917.9522138834, 29492.016776680946, 30090.352492451668, 30233.09188002348, 29148.256123423576, 16545.27958023548], [28251.881517112255, 28176.72454816103, 28683.916664659977, 30718.460124015808, 28140.447630047798, 12936.20865637064, 6578.743127971888], [33623.99198663235, 30706.963897645473, 31991.48539966345, 28192.957344293594, 12952.981885492802, 8216.33219011128, 24935.360269129276], [33613.0758061409, 31119.20957750082, 25798.22520059347, 15034.48925459385, 11468.16700462997, 18780.588236242533, 28232.9833394289], [34550.23188197613, 27015.976348221302, 13481.900257021189, 11101.1550001055, 23153.595144808292, 32081.9895337224, 31613.185136437416], [32843.26721060276, 16848.4539989233, 6649.30500176549, 19972.445286989212, 33966.20773720741, 33971.08861106634, 31282.37789797783], [20848.744646906853, 5872.557076871395, 23091.05771058798, 31426.00574606657, 32461.271630704403, 31540.577539861202, 31109.97694480419]]}