{"name": "(09104) restrepo", "estimation_time": 4.945321942999726, "simulation_time": 0.7839083200015011, "prediction": [[41647.2831056118, 37588.35034584999, 26202.86523503065, 22292.50228753686, 31128.026010930538, 39396.05008816719, 38626.122045755386], [41476.09776842594, 30757.09193879366, 19098.053439348936, 27753.32429623604, 40527.34797781706, 41401.650132119656, 38426.459495425224], [36476.43719184399, 17413.60677692294, 31220.85138362646, 39161.70049595833, 40405.03839272261, 39240.117160856724, 39512.21334898472], [18970.4899944067, 32086.503323614597, 37993.68795782328, 39165.64230835438, 39099.0964409709, 39066.36896520853, 32417.345670938492], [36247.6397036314, 35925.1300483346, 35679.866761505604, 37389.84901988506, 37629.52391445637, 27625.219929397106, 16254.310225576162], [42041.60496222973, 38688.42899060249, 39023.13603776693, 39051.091607153416, 28318.586544275284, 19303.695614755154, 33260.55785727501], [42963.44473898411, 40469.29583162069, 37355.44548004866, 29354.63908779621, 24708.846894413233, 29113.65554779768, 37266.34645819664], [43047.61762934923, 39027.81268745661, 27829.867579638958, 23525.47081360221, 31987.88997322321, 40607.99183475971, 39967.191034555435], [43219.567288041115, 32477.185014009476, 20360.052574545145, 28899.88593584299, 41772.10565280914, 42845.54190963507, 39847.090497374535], [38296.250409424305, 19018.89399909973, 32852.5575941205, 40703.194088578224, 42040.5503346324, 40938.8750063777, 41013.72181355953]]}