{"name": "(09121) las flores", "estimation_time": 4.945321942999726, "simulation_time": 0.7839083200015011, "prediction": [[24648.511701345444, 18459.791344881058, 8654.930057644844, 7771.820321440697, 17086.409101486206, 23487.54842233658, 22880.393106222153], [22621.22873044014, 10949.678434371948, 4224.953587114811, 14386.77402806282, 24849.17602801323, 24680.81767463684, 22146.626395702362], [14571.60269188881, 3318.9266454577446, 16273.775777101517, 22910.60875916481, 23779.073399305344, 22401.21809530258, 21643.975850105286], [5823.971532166004, 17567.20366883278, 22598.678656578064, 23431.051931619644, 23061.576161384583, 21757.916786193848, 12296.591855764389], [21846.76584458351, 21620.27859044075, 22032.415533542633, 22980.665821552277, 20813.122515916824, 9577.636181116104, 4928.002148389816], [25164.562148332596, 22809.810652017593, 23233.814702033997, 20435.108726978302, 9530.429646015167, 6063.7064526081085, 18564.844001054764], [25686.66986489296, 23221.9202811718, 18914.558933496475, 11319.239359855652, 8867.240569591522, 14452.530750393867, 21613.284613132477], [25812.436133623123, 19741.687930583954, 9953.137086868286, 8673.031171441078, 17780.776245832443, 24602.50697994232, 24009.860190153122], [23802.730491399765, 11975.68671131134, 4903.35452401638, 15018.045953273773, 25626.579180002213, 25636.84440422058, 23023.853992938995], [15881.015669822693, 4478.06350505352, 17439.286025047302, 24045.43901705742, 25054.795426130295, 23689.11892938614, 22753.16313123703]]}