{"name": "(09110) avenida jimenez", "estimation_time": 4.945321942999726, "simulation_time": 0.7839083200015011, "prediction": [[85713.23179602623, 80892.68635094166, 60198.48991858959, 46537.89628046751, 60311.57137179375, 83434.02379882336, 82548.99242949486], [82355.10598313808, 70937.96578150988, 40107.170809566975, 52294.796670496464, 82604.41435396671, 89898.50961470604, 77802.62552845478], [85970.2814924717, 35012.436404526234, 62064.34959894419, 77994.26651930809, 91102.96095502377, 80050.50706601143, 78291.60094368458], [38611.85839474201, 63311.30756896734, 74718.29611337185, 87679.91321361065, 79675.28831088543, 79114.5054270029, 76843.94164836407], [75598.46756327152, 75576.7196201086, 80140.61578214169, 75876.8490869999, 81774.7342479229, 69959.06102502346, 32544.08607456088], [86400.25481641293, 90028.83239758015, 76393.36666274071, 82874.40289890766, 70159.31482946873, 37216.78672516346, 63364.27597999573], [90669.069860816, 84614.9763687849, 79415.26299333572, 64821.35676693916, 51794.64108520746, 56827.98269546032, 75639.23906826973], [89318.04366457462, 83097.96704387665, 63473.42396044731, 49332.12619161606, 62432.88302063942, 86396.97299683094, 86481.53873538971], [85881.68806624413, 74746.78827428818, 42992.2984867692, 55063.47471123934, 85187.504712224, 93063.12584090233, 81163.16952419281], [90620.6590963602, 39067.132349312305, 66283.6547048688, 82245.07081222534, 95566.91079342365, 84789.0227240324, 83083.36373186111]]}