{"name": "(09119) calle 57", "estimation_time": 4.945321942999726, "simulation_time": 0.7839083200015011, "prediction": [[19516.277514457703, 15263.910706996918, 7283.780463695526, 5845.602095484734, 12884.59595298767, 17902.477599143982, 17507.36174440384], [18435.62082386017, 9685.083030223846, 3266.01994907856, 10484.660714626312, 19087.72159910202, 19009.601956367493, 17035.9316239357], [12882.381916999817, 2429.601814955473, 12209.721536397934, 17698.66592979431, 18293.519459724426, 17046.033338069916, 16997.211185455322], [4177.130746006966, 13152.066055297852, 17226.229556560516, 17704.892381191254, 17624.08706521988, 16925.847011566162, 10405.722354412079], [16914.317790031433, 16758.725081443787, 16703.565915584564, 17756.331630706787, 16886.939037799835, 8443.40210533142, 3497.1582386493683], [19567.530628204346, 17424.479545116425, 17867.530258655548, 16415.35497045517, 8043.752515077591, 3917.409769654274, 13699.001520633698], [20092.321535110474, 18156.169456005096, 15192.535336971283, 9325.151034355164, 6893.37503349781, 10541.022065639496, 16316.495884418488], [20484.390641212463, 16219.68289232254, 8288.623915672302, 6577.410615444183, 13441.64152956009, 18740.592385292053, 18421.540282726288], [19434.59470129013, 10555.644219875336, 3846.593156814575, 11014.426204919815, 19724.219158649445, 19769.21503162384, 17769.530476093292], [13980.519975185394, 3365.4888746738434, 13131.914409160614, 18582.484744548798, 19282.04454278946, 18070.03337955475, 17933.94713973999]]}