{"name": "(09120) calle 63", "estimation_time": 4.945321942999726, "simulation_time": 0.7839083200015011, "prediction": [[38867.538901627064, 32154.924953639507, 17705.566366434097, 14163.65027526021, 26508.667760670185, 36547.75195449591, 35832.253994345665], [37208.305423498154, 22242.49959284067, 9779.07614825666, 22049.300624847412, 38135.12452048063, 39137.4494279027, 35224.86404949427], [27523.27968108654, 7634.6667458713055, 25391.572804570198, 35372.988512694836, 37087.064159333706, 35512.363007605076, 34905.04219967127], [10909.84223844111, 27626.332404971123, 35553.56031405926, 36681.26916974783, 36649.79804486036, 35606.46388339996, 24566.45411336422], [33623.257574915886, 34099.68560498953, 34523.95674443245, 36281.38400387764, 34860.03130084276, 20364.523821145296, 9551.928879618645], [39911.53124654293, 36526.690083920956, 37409.15370005369, 34878.847604334354, 20278.97794753313, 11874.101050406694, 29345.61267876625], [40409.26727461815, 37477.848141372204, 32545.77254164219, 21647.59854078293, 16802.233080357313, 23349.29038274288, 33893.228941679], [41292.79006832838, 34600.106910943985, 20212.14467203617, 16108.66811594367, 28066.21189492941, 38697.48973912001, 38212.09603357315], [39609.08765232563, 24390.99844390154, 11330.761620119214, 23484.865112662315, 39753.97374230623, 41053.714607298374, 37109.824032604694], [30206.732345700264, 9945.54885801673, 27722.205951333046, 37653.61077874899, 39539.74055850506, 38032.439604997635, 37232.18531483412]]}