{"name": "(09111) calle 19", "estimation_time": 4.945321942999726, "simulation_time": 0.7839083200015011, "prediction": [[16304.108519136906, 13617.626654088497, 7825.495972365141, 6456.998285531998, 11405.017439603806, 15078.792743563652, 14701.166686594486], [15842.444588124752, 9762.384933710098, 4598.993989259005, 9603.305372774601, 16001.638177514076, 15892.99098956585, 14401.77072751522], [12530.209654152393, 3840.6269249618053, 11173.110975205898, 15098.142495036125, 15592.714599251747, 14599.761401891708, 14825.057505249977], [4811.584965541959, 11572.606373906136, 14477.877045452595, 14923.007947087288, 14838.712412595749, 14462.602714776993, 10284.265207976103], [14238.132221281528, 13910.681973278522, 13782.875812232494, 14632.524846673012, 14374.835891008377, 8470.767642587423, 4035.4360410124063], [16070.839195430279, 14459.51298224926, 14814.56250178814, 14305.486855387688, 8437.90223005414, 4593.723462551832, 11839.90880537033], [16543.58033287525, 15240.852394282818, 13442.845155775547, 9277.859942346811, 7273.221633017063, 9624.9137647748, 13819.618192195892], [16901.191106915474, 14217.977692067623, 8495.754675745964, 6921.537049293518, 11744.690660715103, 15628.564487278461, 15302.06045615673], [16534.717909872532, 10399.143941283226, 5027.117656648159, 9992.68019798398, 16466.870979845524, 16448.18675982952, 14937.112389683723], [13269.122806370258, 4477.698140248656, 11819.21812313795, 15715.788579463959, 16273.326318740845, 15304.586624979973, 15457.25756752491]]}