{"name": "(09107) hortua", "estimation_time": 4.945321942999726, "simulation_time": 0.7839083200015011, "prediction": [[11498.912590742111, 9228.795830011368, 5224.275744259357, 4669.935225844383, 8279.265932440758, 10788.903103470802, 10516.361601948738], [10938.93757045269, 6414.164107441902, 3313.459830582142, 7194.35703098774, 11459.750429391861, 11314.7427380085, 10308.77288877964], [8128.912428617477, 2848.0056996643543, 8106.501257717609, 10776.666095256805, 11019.346526563168, 10427.80475616455, 10272.913147807121], [3633.042925298214, 8420.19773364067, 10365.626032054424, 10623.335433006287, 10542.127328515053, 10066.913393735886, 6736.066833436489], [9934.878829717636, 9802.448971271515, 9826.288804709911, 10334.138652086258, 9746.046370267868, 5441.001361310482, 2960.9044728428125], [11479.803062081337, 10409.082740545273, 10625.650395452976, 9830.200507640839, 5545.526779145002, 3556.8117955327034, 8654.521734118462], [11853.40920984745, 10829.221578836441, 9305.95761358738, 6338.194043189287, 5162.003643512726, 7129.1178876161575, 10017.327287197113], [12002.785371541977, 9760.667595267296, 5788.649971336126, 5083.566101640463, 8597.004060447216, 11245.139793157578, 11000.493005514145], [11512.535463869572, 6924.470538496971, 3682.684279680252, 7547.421875, 11868.174390494823, 11783.814046382904, 10765.966688990593], [8727.553157806396, 3376.499954164028, 8646.822052299976, 11301.542394161224, 11588.39075267315, 11005.119039714336, 10779.56232726574]]}