{"name": "(09118) marly", "estimation_time": 4.945321942999726, "simulation_time": 0.7839083200015011, "prediction": [[40456.19800442457, 31552.792988181114, 14908.069864988327, 12390.71321874857, 28191.63255226612, 38823.28451138735, 37435.14528596401], [38156.93485605717, 19256.00277480483, 6523.271274723113, 23421.373454093933, 41518.99028611183, 40405.577798843384, 36341.16080111265], [24827.38770136237, 4580.743260398507, 26814.952566623688, 38312.65720677376, 38438.79834377766, 36534.80769979954, 36805.228521704674], [8899.975862771273, 28850.26868402958, 38033.79360681772, 38056.88114082813, 37985.19873982668, 36865.69366282225, 21991.776111245155], [36021.92302107811, 35846.358318805695, 35371.82248157263, 37878.67786324024, 35729.43893623352, 16868.54292616248, 7678.048650860786], [42199.53388553858, 37201.571704268456, 38709.70644026995, 35430.13300716877, 16893.816566228867, 9357.087490022182, 31071.65408307314], [42153.26268851757, 38373.76873254776, 32349.244958281517, 19366.837854623795, 14688.178091853857, 23720.67772576213, 35907.46321499348], [42856.47947281599, 34032.47701072693, 17474.6992534101, 14201.999043822289, 29625.187758088112, 41075.17263662815, 39815.329163730145], [40618.02620404959, 21379.257038623095, 7975.882811784744, 24756.71796965599, 43109.431335031986, 42329.71244055033, 38165.78203886747], [27513.052967756987, 6904.655624680221, 29135.47348320484, 40571.85445082188, 40924.1539773345, 39084.331098377705, 39116.51442468166]]}