{"name": "(09115) calle 34", "estimation_time": 4.945321942999726, "simulation_time": 0.7839083200015011, "prediction": [[25622.934884667397, 18022.209885060787, 7087.214224129915, 6724.059078559279, 17307.909927010536, 23512.84571224451, 23135.649727225304], [23414.22949695587, 9462.432538211346, 2806.8200625628233, 14512.163766860962, 25581.523145377636, 24747.558136224747, 22731.692605257034], [13101.58871883154, 2226.2725317440927, 16333.651388525963, 23401.50634819269, 23995.289134919643, 22570.918863356113, 22496.448769807816], [4927.924884721637, 17205.249806582928, 22451.920193076134, 23147.683685064316, 23061.031368017197, 21786.938933074474, 10000.156241893768], [21824.541385412216, 21349.0159406662, 21765.212311387062, 23208.47912275791, 20678.219734072685, 7153.882040992379, 3917.6105002462864], [25432.538967370987, 22741.419484257698, 23771.913069427013, 20260.426656246185, 7364.442495346069, 4801.036363258958, 18323.48733508587], [26370.884630322456, 23658.092292189598, 18687.282385468483, 10188.204348027706, 7724.229485034943, 14046.062967270613, 21734.591379404068], [26741.802949547768, 19243.835827946663, 8309.63852056861, 7491.319611757994, 17885.631143689156, 24543.057429730892, 24145.935191750526], [24718.954268932343, 10509.168544948101, 3478.9194998666644, 15143.17426854372, 26392.583554029465, 25731.836826443672, 23642.125221133232], [14390.287765204906, 3320.321475058794, 17420.88835978508, 24465.43628358841, 25195.835285425186, 23795.894632577896, 23548.857974648476]]}