{"name": "(09108) hospital", "estimation_time": 4.945321942999726, "simulation_time": 0.7839083200015011, "prediction": [[1785.6240586042404, 1457.3509421348572, 836.0245696902275, 725.3990092873573, 1276.8936398029327, 1678.8210546970367, 1611.2476119995117], [1690.0539684295654, 1008.963936150074, 495.7867384850979, 1068.7063997983932, 1744.3865048885345, 1742.7285157442093, 1546.8553014993668], [1279.4125775694847, 421.8225390315056, 1221.8704698085785, 1653.3891457915306, 1695.7846077680588, 1578.8587738275528, 1559.8648604154587], [595.998900026083, 1339.0721737146378, 1646.5287177562714, 1700.772208929062, 1668.9523658752441, 1634.5294393897057, 1091.4418129324913], [1726.7844033837318, 1688.6213618516922, 1682.399162709713, 1747.9843178987503, 1691.154146373272, 1013.9066951274872, 608.1963467597961], [1727.2400681376457, 1547.2376849651337, 1578.4287788271904, 1481.263435959816, 831.6463855206966, 520.9638138413429, 1265.373459160328], [1769.4066326022148, 1608.7658474445343, 1386.559407055378, 936.3649734854698, 740.6838030815125, 1030.5222685933113, 1459.09243786335], [1867.8859260082245, 1537.550495147705, 916.7672350406647, 784.6563571989536, 1324.5832487940788, 1747.7919545173645, 1688.33111256361], [1762.8059909939766, 1076.0271791815758, 541.4634553492069, 1111.1645982265472, 1794.6564034223557, 1800.4541462659836, 1602.2801339030266], [1382.2707474827766, 514.6093249320984, 1315.0103479623795, 1742.1279926300049, 1791.8555244207382, 1676.8296782970428, 1649.92351603508]]}