{"name": "(09105) rio fucha", "estimation_time": 4.945321942999726, "simulation_time": 0.7839083200015011, "prediction": [[14444.337986767292, 13638.506900787354, 9348.684550642967, 7319.2755089998245, 10294.099641084671, 13617.727347791195, 13228.040306687355], [14669.21472299099, 11320.691259503365, 6124.0775310993195, 8801.528287798166, 13822.161311328411, 14310.018773257732, 13042.382884860039], [13659.604524075985, 5446.75697787106, 10326.303738474846, 13480.711812913418, 13986.399921238422, 13472.16549283266, 13952.498409509659], [5865.499896109104, 10849.820414304733, 13166.485389530659, 13653.402153372765, 13559.858304023743, 13981.567539572716, 12090.157348155975], [12584.994685947895, 12614.175036668777, 12273.991582751274, 12956.6234421134, 13785.95742803812, 10447.415758728981, 4886.627916708589], [14480.129210233688, 13255.960849583149, 13119.515970230103, 13982.745231211185, 10386.170596301556, 5927.656652152538, 11010.235944032669], [14695.348459243774, 13959.692411124706, 13167.208843529224, 10406.900255918503, 8256.218079984188, 9528.284084677696, 12549.444613814354], [14917.07047867775, 14126.574330687523, 9957.483563780785, 7786.525965869427, 10605.604796409607, 14054.121867954731, 13712.582977235317], [15232.34882080555, 11935.765404522419, 6571.638813197613, 9196.638635277748, 14233.943843305111, 14774.066698849201, 13499.788754343987], [14301.720880627632, 6044.30009663105, 10954.160983026028, 14078.103952229023, 14607.579768538475, 14112.037686765194, 14509.776271939278]]}