{"name": "(09103) olaya", "estimation_time": 4.945321942999726, "simulation_time": 0.7839083200015011, "prediction": [[25648.099179446697, 21953.213804602623, 14057.559261143208, 12045.138293474913, 18655.59724932909, 24015.387222886086, 23598.800641834736], [25189.620952010155, 16802.42914354801, 9742.805710956454, 16415.5665897727, 25156.995792210102, 25430.545522868633, 23389.757246017456], [20619.93463164568, 8574.39838898182, 18574.83749973774, 24136.730184972286, 24820.59499078989, 23660.15966272354, 23839.7143317461], [9576.236432224512, 18893.67373228073, 23135.223330557346, 23782.67504686117, 23523.803713858128, 23128.912381231785, 17453.632066369057], [21900.796202003956, 21782.279565930367, 21717.09317189455, 22754.265050709248, 22271.58623677492, 14487.881677806377, 8096.5881188213825], [25676.464448451996, 23383.2205170393, 23846.162653028965, 22954.124927163124, 14925.05909115076, 9847.161814451218, 19745.933435738087], [26375.600663542747, 24504.390587329865, 21996.266992092133, 16209.734433472157, 13306.148255884647, 16728.92290532589, 22577.966505110264], [26483.47301310301, 22845.671807050705, 15046.825730115175, 12735.791450172663, 19090.77800887823, 24704.15933585167, 24372.820895075798], [26284.656347453594, 17825.602683901787, 10480.440417081118, 17082.458478212357, 25901.29881876707, 26307.362163841724, 24243.702136158943], [21677.676940977573, 9498.611415490508, 19531.967771470547, 25050.348909318447, 25776.619486272335, 24614.031090795994, 24681.6085729599]]}