{"name": "(09122) calle 72", "estimation_time": 4.945321942999726, "simulation_time": 0.7839083200015011, "prediction": [[41097.10196065903, 30677.30449640751, 14297.38291054964, 12641.900001257658, 28171.09450685978, 38250.030002474785, 37561.602633953094], [38296.23442411423, 18069.84975451231, 6645.5183160007, 24238.99412828684, 40902.89108669758, 39792.45495021343, 36991.021516919136], [23543.14373141527, 5634.373698346317, 27107.84612494707, 37385.626210808754, 38643.64263045788, 36982.82649362087, 37128.15017616749], [10405.863791316748, 28927.556986749172, 36750.16607940197, 38189.03890836239, 37927.44090974331, 36537.5670542717, 20195.84349900484], [35966.109146595, 34976.338265776634, 35556.955317139626, 37848.94194829464, 35094.879662036896, 15144.546937197447, 8266.01212619245], [41670.404272556305, 37288.54697275162, 38115.67493593693, 34922.56060862541, 15802.823711156845, 9815.494627296925, 30717.35566419363], [42284.9192378521, 38412.575110793114, 31595.6169398427, 18670.7569988966, 14563.56397420168, 23978.568094849586, 35497.44533550739], [42958.94418478012, 32718.546469688416, 16395.627628475428, 13970.890178203583, 29251.70753532648, 40125.59696936607, 39402.45078730583], [40545.78578543663, 19970.316178381443, 7889.981595829129, 25389.07971572876, 42344.52702879906, 41572.2910503149, 38668.95079064369], [25849.96768629551, 7658.070907473564, 29112.928343892097, 39365.10858821869, 40855.91117691994, 39242.78756058216, 39111.55191254616]]}