{"name": "(09100) calle 40 sur", "estimation_time": 4.945321942999726, "simulation_time": 0.7839083200015011, "prediction": [[19615.883212566376, 16789.302005767822, 10279.312722444534, 8723.385779857635, 14210.156125545502, 18644.954791545868, 18191.269826889038], [19030.246760845184, 12463.454927444458, 6846.736106157303, 12408.702548503876, 19410.57804250717, 19705.382072925568, 18075.157616615295], [15253.177664279938, 6456.654881000519, 14384.292576313019, 18732.118610858917, 19311.94932460785, 18662.582312107086, 18540.227180957794], [6993.088500022888, 14836.445488929749, 18037.343207359314, 18507.545528411865, 18465.8831448555, 18323.068363666534, 13106.07555770874], [16689.75940990448, 16754.50581550598, 16689.359189987183, 17593.76953125, 17257.72118139267, 10878.854267120361, 5847.584533452988], [19656.375526428223, 18101.52624607086, 18568.13423538208, 17728.326271533966, 11140.800752162933, 7592.095355987549, 15412.09428691864], [20322.314702510834, 19109.32843208313, 16902.212456703186, 12127.53531074524, 10022.594588041306, 13119.182122707367, 17605.019024848938], [20229.450935840607, 17459.40270423889, 11057.56775522232, 9261.14624261856, 14580.285623073578, 19224.080659389496, 18842.093690872192], [19985.385613918304, 13383.05195760727, 7542.432397842407, 13040.002308368683, 20124.53851032257, 20542.402517795563, 18897.45277261734], [16189.944638729095, 7273.327839374542, 15214.84194946289, 19524.497965335846, 20194.98868703842, 19592.400245189667, 19335.309931755066]]}