{"name": "(09116) avenida 39", "estimation_time": 4.945321942999726, "simulation_time": 0.7839083200015011, "prediction": [[18749.236326932907, 12934.558858275414, 4642.705709606409, 4679.313110947609, 12657.353416800499, 17383.734867572784, 17025.400829792023], [16795.617250323296, 6270.649816989899, 1563.2345893904567, 10719.853104293346, 18907.48809325695, 18335.420093536377, 16701.66291618347], [8576.302980720997, 1123.489818252623, 11954.147988796234, 17268.04567193985, 17550.01778638363, 16616.063264369965, 16061.4836384058], [3264.664931476116, 12912.363442540169, 16857.525636672974, 17339.4734480381, 17162.250145673752, 15946.65084528923, 6857.5887706279755], [16203.410469651222, 15963.310728907585, 16378.19651389122, 17394.158872127533, 14920.870942354202, 4821.3176527917385, 2777.1222741901875], [19102.959747314453, 17365.30254793167, 18077.915716171265, 14942.494154334068, 5095.778482794762, 3695.23652151227, 13959.628264307976], [19553.60128891468, 17653.13879930973, 13664.080584049225, 7158.545108556747, 5396.753534704447, 10431.178847193718, 16220.796075105667], [19859.933297157288, 14099.10514998436, 5771.139727503061, 5419.966166317463, 13291.885512948036, 18441.407200217247, 18090.603160858154], [17914.76786494255, 7165.359535098076, 2159.3912094831467, 11282.790584445, 19639.336696386337, 19245.18346476555, 17558.30903148651], [9734.76437395811, 2103.648921251297, 12913.521806240082, 18239.608317494392, 18642.63641667366, 17759.71840965748, 17081.187524080276]]}