{"name": "(10001) country sur", "estimation_time": 4.945321942999726, "simulation_time": 0.7839083200015011, "prediction": [[11439.158958792686, 9603.014305889606, 6017.212020516396, 5150.307065784931, 8150.325456082821, 10430.93000626564, 10386.919884800911], [11131.327696383, 7170.176478207111, 4076.837575137615, 7094.0029111504555, 10986.826191008091, 11062.83281493187, 10325.389814972878], [8752.802267432213, 3696.540070682764, 7996.326353311539, 10457.018537938595, 10875.680482387543, 10307.241908967495, 10540.223973274231], [4246.692782998085, 8139.606170237064, 10027.50878238678, 10426.672607123852, 10345.098185241222, 10194.437945127487, 7342.517671883106], [9563.167983651161, 9413.751085698605, 9489.7667902112, 9995.067331075668, 9822.700991153717, 5967.009286731482, 3448.217399328947], [11336.176699519157, 10387.441669404507, 10584.356333434582, 10174.357969224453, 6385.724666953087, 4206.476950645447, 8522.709227383137], [11681.289367079735, 10864.45547759533, 9679.270995259285, 7040.910105347633, 5737.961562156677, 7208.555237591267, 9818.206798195839], [11918.037081718445, 10084.530689120293, 6539.824703961611, 5528.127315759659, 8437.0618121624, 10847.824029922485, 10840.771904945374], [11676.031706154346, 7658.54451495409, 4442.448274940252, 7428.921570003033, 11353.690361320972, 11490.769533097744, 10748.412537574768], [9311.22774541378, 4184.703444927931, 8497.692205190659, 10950.284504592419, 11393.544367134571, 10828.257456541061, 11023.561363816261]]}