{"name": "(10004) policarpa", "estimation_time": 4.945321942999726, "simulation_time": 0.7839083200015011, "prediction": [[2656.0654410123825, 2369.0741386413574, 1572.1005464792252, 1345.0985276699066, 1974.0634105205536, 2546.6407210826874, 2458.126105904579], [2597.726050019264, 1870.0837755799294, 1114.1763419508934, 1705.4323702454567, 2599.5095162391663, 2692.5879933834076, 2392.6217019557953], [2233.279992580414, 950.3662213087082, 1930.811249434948, 2463.091071009636, 2598.7497324943542, 2416.1312378644943, 2391.5297994613647], [1060.9466208517551, 2043.1858641505241, 2429.3330537080765, 2541.348796725273, 2461.01943731308, 2454.4103124141693, 1960.0592928528786], [2474.264822244644, 2437.6037278175354, 2463.593453168869, 2500.090208053589, 2519.813819527626, 1828.4762520194054, 1053.9278891980648], [2633.933108687401, 2458.9961500167847, 2465.5124039649963, 2413.18076980114, 1664.135658621788, 1104.1523464620113, 2034.92264264822], [2698.2093611955643, 2542.0720818042755, 2293.72617828846, 1756.5995823144913, 1454.1062837839127, 1752.707219362259, 2312.287183046341], [2778.0543011426926, 2481.6245584487915, 1694.0497549176216, 1446.8585277795792, 2054.0809069871902, 2651.4624050855637, 2579.961900949478], [2711.308560371399, 1976.9589394927025, 1191.8064721524715, 1778.2037349939346, 2678.565817475319, 2787.754729270935, 2487.1123526096344], [2375.1946400403976, 1072.2720039784908, 2054.626953780651, 2581.263049721718, 2724.6764355897903, 2549.3966569900513, 2517.4394953250885]]}