{"name": "(10005) bicentenario", "estimation_time": 4.945321942999726, "simulation_time": 0.7839083200015011, "prediction": [[5428.346977591515, 4042.168121635914, 1909.4945298880339, 1836.9374907761812, 3794.38659876585, 5029.580032587051, 4976.396426558495], [4983.783149719238, 2492.9969152212143, 1130.582288712263, 3225.9382151067257, 5341.156819880009, 5313.795916855335, 4884.570449471474], [3160.804332315922, 1050.3872477337718, 3645.441833972931, 4951.448119401932, 5020.176673948765, 4775.2121149897575, 4702.822628378868], [1379.6550368145108, 3816.768570125103, 4738.254076957703, 4820.715931117535, 4786.553637683392, 4544.07253909111, 2426.4579535722733], [4677.160071134567, 4575.915921926498, 4596.112704396248, 4853.498969197273, 4368.420666337013, 1899.273827329278, 1265.7972570806742], [5377.935494661331, 4917.2966358065605, 5040.06437510252, 4275.500893712044, 1946.242276519537, 1531.0415740311146, 4077.812163710594], [5612.2447555065155, 5085.694306015968, 4108.882843255997, 2521.5082653462887, 2034.665656670928, 3252.177096903324, 4743.689424037933], [5640.1769785285, 4251.828547894955, 2118.0139176100492, 1964.0768089443445, 3890.7360930144787, 5226.249835193157, 5182.614519715309], [5236.72496932745, 2702.127259016037, 1267.277604445815, 3350.410305649042, 5498.303850114346, 5518.045017898083, 5079.467038154602], [3420.8922560811043, 1270.4022984430194, 3866.490825742483, 5166.240416526794, 5263.0120950341225, 5038.634273469448, 4941.254841804504]]}