{"name": "(10010) san bernardo", "estimation_time": 4.945321942999726, "simulation_time": 0.7839083200015011, "prediction": [[6621.381791591644, 5256.129370689392, 3023.589051127434, 2782.918109059334, 4829.814638853073, 6271.130280256271, 6174.484828472137], [6210.365113973618, 3605.540572166443, 2013.3491720855236, 4229.5244327783585, 6601.60889005661, 6600.892929792404, 6041.404996871948], [4497.778212785721, 1819.4009033441544, 4704.860630989075, 6235.4983422756195, 6438.233339548111, 6112.839157342911, 5929.593126535416], [2263.81343460083, 4954.051155805588, 6080.357674121857, 6287.981176137924, 6205.348034858704, 5879.579992055893, 3804.645448088646], [5903.455410957336, 5922.932897567749, 5997.522870063782, 6216.755949020386, 5778.5201535224915, 3314.217833042145, 2095.899514913559], [6604.560743331909, 6112.389912366867, 6186.350406169891, 5590.425797462463, 3176.415189266205, 2300.4971185922623, 5054.84925365448], [6818.264358997345, 6283.729803323746, 5314.30774307251, 3618.5085985660553, 3009.740137219429, 4212.707402467728, 5824.555901050568], [6817.9038915634155, 5479.371214866638, 3263.2371381521225, 2934.7694162130356, 4932.966106891632, 6447.626539230347, 6353.926435470581], [6476.173110961914, 3833.966910004616, 2165.931985139847, 4370.775816202164, 6771.658062696457, 6807.559394598007, 6239.107991218567], [4761.271871089935, 2054.0558276176453, 4947.734557151794, 6470.900031089783, 6693.656660079956, 6368.147296667099, 6139.85929107666]]}