{"name": "(10002) av. primero de mayo", "estimation_time": 4.945321942999726, "simulation_time": 0.7839083200015011, "prediction": [[20820.497911691666, 17428.477927327156, 10898.068877875805, 9443.125421464443, 14951.8893699646, 19193.540166139603, 19036.168957710266], [20255.5302233696, 13077.333013176918, 7599.425774037838, 13150.102083563805, 20168.29932963848, 20379.237852573395, 18937.76192331314], [15967.496400356293, 6778.803998947144, 14831.448564291, 19217.02923500538, 19882.106519699097, 18882.244782447815, 19145.97949028015], [7582.220992386341, 14996.916633605957, 18344.47093784809, 18943.829330325127, 18722.011174440384, 18330.05521464348, 13251.661738872528], [17291.058649778366, 17198.666635870934, 17380.166028738022, 18162.251754164696, 17618.26277256012, 10767.067997038364, 6254.883770167828], [20591.017703056335, 18914.538977980614, 19380.323263645172, 18319.457421183586, 11412.319602370262, 7749.106117129326, 15766.6674284935], [21359.23671603203, 19822.30101811886, 17578.92992389202, 12768.249388456345, 10480.249168157578, 13340.526044368744, 18157.529633045197], [21565.222617149353, 18203.56795656681, 11726.304510116577, 10030.712562382221, 15347.758602976799, 19802.170973062515, 19733.810752391815], [21195.864107608795, 13920.50561451912, 8211.22910875082, 13709.405741095543, 20800.86972951889, 21124.096667528152, 19669.57125556469], [16857.530841350555, 7535.192039728165, 15614.214266777039, 19970.227984309196, 20682.43427991867, 19692.892687559128, 19873.46483898163]]}