{"name": "(10000) portal 20 de julio", "estimation_time": 4.945321942999726, "simulation_time": 0.7839083200015011, "prediction": [[43314.732774972916, 38174.65342891216, 26608.654964625835, 23473.231397509575, 32825.20682322979, 40436.60559010506, 40152.05742383003], [42767.505996227264, 31004.560715079308, 20575.949365079403, 29626.7028734684, 42044.13977813721, 42604.98957192898, 39995.55731332302], [36232.80414533615, 19374.140050649643, 32835.12200295925, 40644.7184920311, 41556.882805109024, 39760.22369861603, 40777.733343958855], [20082.582864522934, 32940.51566827297, 38824.34166800976, 39641.89979195595, 39136.9114947319, 38976.73577094078, 31054.175740480423], [36840.57842481136, 36424.96023643017, 36395.69342458248, 37751.396317243576, 37654.387285113335, 26129.80448973179, 17392.192749142647], [43229.72644996643, 40174.88213074207, 40715.28244173527, 39507.39582180977, 27839.019904613495, 20728.48041164875, 34773.46368813515], [44518.046167850494, 41934.5756611824, 38205.72467458248, 29959.100758075714, 25690.0566021204, 30397.07873547077, 38989.71204376221], [44811.59809064865, 39620.40539467335, 28209.015147268772, 24658.739815831184, 33681.05622971058, 41720.0114480257, 41626.53993475437], [44606.33914017677, 32695.416476130486, 21852.750857114792, 30797.421378850937, 43334.57694387436, 44114.87028717995, 41488.89661800861], [38037.63153707981, 20924.870247662067, 34400.49596297741, 42157.37260365486, 43170.72790837288, 41421.000192284584, 42322.644011735916]]}