{"name": "(10006) san victorino", "estimation_time": 4.945321942999726, "simulation_time": 0.7839083200015011, "prediction": [[17479.10583257675, 15403.058461546898, 10280.880240797997, 8251.963469088078, 12273.366626501083, 16702.67689347267, 16588.82445216179], [16685.42816877365, 12055.415848195553, 6667.4253107607365, 10386.073189973831, 16850.740955471992, 17966.537994146347, 16005.224502682686], [15370.74544608593, 6137.909662127495, 12564.4935464859, 16310.676391124725, 18192.083991765976, 16490.1384973526, 16243.498660326004], [6427.4605321884155, 12645.403829813004, 15604.505426287651, 17254.939477443695, 16213.213591575623, 15926.513024568558, 13061.754862368107], [14032.795627713203, 14332.759285569191, 15172.273335456848, 14744.55861568451, 15028.675546646118, 10736.611762940884, 4914.575160294771], [17503.35496544838, 17026.04177892208, 16145.207117199898, 16047.062480449677, 11496.734892725945, 6668.572218418121, 12948.435755074024], [18412.191259860992, 17308.967490792274, 15600.040749907494, 11792.534074187279, 9538.245356976986, 11392.379469573498, 15587.87147283554], [18049.79877948761, 15931.796863675117, 10917.47347176075, 8732.852708101273, 12638.099229633808, 17281.66046977043, 17285.183029174805], [17565.183387994766, 12929.439323544502, 7356.826194226742, 11042.39259392023, 17532.6228672266, 18780.970973968506, 16868.786487579346], [16189.99280333519, 6892.516617178917, 13397.577248811722, 17145.481452941895, 19092.95700252056, 17430.267446637154, 17108.167233467102]]}