{"name": "(10007) las nieves", "estimation_time": 4.945321942999726, "simulation_time": 0.7839083200015011, "prediction": [[12239.988400816917, 10197.077293515205, 5513.5543892383575, 4518.67337346077, 8413.492748498917, 11305.726705789566, 10965.378188729286], [11671.425220012665, 6899.277092933655, 2841.9325110018253, 6896.888145208359, 11910.118635773659, 11869.306989908218, 10660.852043032646], [8885.686215400696, 2417.507292985916, 8205.710785627365, 11249.929925203323, 11745.410621285439, 10944.197461128235, 11026.67446911335], [3242.336823195219, 8895.340406894684, 11071.172492742538, 11540.153362512589, 11402.723267912865, 11199.505088090897, 7513.750072538853], [10836.58092391491, 10581.138451695442, 10636.963476896286, 11222.913495779037, 11089.002133488655, 6381.9004427194595, 2934.1712222397327], [12036.77750992775, 11079.726966500282, 11299.995782375336, 10858.523344993591, 6090.727621912956, 3194.966732263565, 8861.592648029327], [12396.204808592796, 11623.313707947731, 10066.412239670753, 6768.9518855810165, 5158.8712747097015, 7029.701611995697, 10272.383813858032], [12719.608379125595, 10725.309898018837, 6097.208849847317, 4936.423979043961, 8727.939131736755, 11795.18765449524, 11465.06186568737], [12188.514868497849, 7390.817209720612, 3172.471491187811, 7201.217489719391, 12253.74626147747, 12273.12844491005, 11053.849432826042], [9502.499397993088, 3005.457668364048, 8802.42655825615, 11832.423167705536, 12366.67734181881, 11568.55013358593, 11564.55762064457]]}