{"name": "(10009) museo nacional", "estimation_time": 4.945321942999726, "simulation_time": 0.7839083200015011, "prediction": [[21292.384640455246, 15594.03251862526, 7907.347026646137, 7974.233065009117, 15364.60696029663, 19616.28160059452, 19533.131489276886], [19509.908490896225, 9417.36269068718, 5109.216784596443, 13492.679942965508, 21022.362385749817, 20582.93492114544, 19386.565294742584], [11976.51993727684, 5222.551273286343, 14926.275012731552, 19763.48572218418, 20242.629053115845, 19504.01379954815, 19281.182198762894], [6695.146381616592, 15203.00408899784, 18805.855389118195, 19449.79490697384, 19300.543284893036, 18411.07177734375, 9566.629647552967], [17168.799618959427, 16773.76942384243, 17336.952283620834, 18339.168810725212, 16327.918524503708, 6634.350706458092, 5226.395397186279], [21050.74768614769, 19417.031218767166, 20144.130662202835, 17458.576757073402, 8150.607627987862, 6998.019426107407, 16334.435194730759], [22071.556106567383, 20190.617142796516, 16442.5540163517, 10508.584763407707, 8900.379244327545, 13494.843987822533, 18833.845665454865], [22156.253190994263, 16615.466598272324, 8940.834247291088, 8651.882120609283, 15911.348477005959, 20493.097616791725, 20369.208502292633], [20578.42772114277, 10314.612001180649, 5764.853676438332, 14113.841784596443, 21748.298839092255, 21444.41983270645, 20210.78422522545], [12967.494226813316, 6164.919814944267, 15883.769172906876, 20708.569747567177, 21242.972282886505, 20487.672783255577, 20130.481476783752]]}