{"name": "(10003) ciudad jardin", "estimation_time": 4.945321942999726, "simulation_time": 0.7839083200015011, "prediction": [[2939.22167301178, 2543.8935327529907, 1631.6525719165802, 1385.7833497524261, 2129.0060563087463, 2738.0125584602356, 2701.6383380889893], [2865.7414598464966, 1941.934463262558, 1096.152039527893, 1849.441401720047, 2849.558172225952, 2886.8820271492004, 2671.4121055603027], [2290.3938422203064, 952.3889435529709, 2074.0114448070526, 2685.532422065735, 2807.388208389282, 2660.0700402259827, 2715.7362575531006], [1124.6664254665375, 2161.581025838852, 2616.9679522514343, 2738.17117023468, 2705.6942386627197, 2694.5305352211, 2032.4628970623016], [2562.7589678764343, 2513.9266986846924, 2532.579158306122, 2653.265615463257, 2669.500416278839, 1727.5333895683289, 1001.2123557329178], [2937.523162841797, 2721.780608177185, 2746.35036611557, 2717.7118802070618, 1794.0454759597778, 1165.9196376800537, 2266.7655744552612], [2997.2943506240845, 2815.1888942718506, 2544.6513671875, 1895.372032403946, 1545.9083497524261, 1906.542047739029, 2560.0475006103516], [3073.039108276367, 2674.8160486221313, 1774.0703692436218, 1491.9160058498383, 2212.7172379493713, 2856.9274096488953, 2832.3047132492065], [2997.825364112854, 2067.9562010765076, 1187.3458181619644, 1931.6501491069794, 2937.7731952667236, 2992.1774411201477, 2774.6164503097534], [2444.755269050598, 1088.6846623420715, 2213.6993482112885, 2820.4204359054565, 2949.291382789612, 2803.0059218406677, 2852.8147020339966]]}