{"name": "(10008) san diego", "estimation_time": 4.945321942999726, "simulation_time": 0.7839083200015011, "prediction": [[8070.194211483002, 6283.501549243927, 3452.380866587162, 3159.754098534584, 5697.670968055725, 7455.809171676636, 7374.441045999527], [7514.637566685677, 4146.1806099414825, 2159.2315785884857, 4966.739777803421, 7901.112053871155, 7884.05716586113, 7245.775359153748], [5269.025030016899, 1986.5353383421898, 5561.440108895302, 7439.889297962189, 7729.369872093201, 7321.061461448669, 7081.50879907608], [2613.0025576353073, 5861.4410256147385, 7262.562655091286, 7574.629059910774, 7463.4034876823425, 7045.776514291763, 4405.137936651707], [6851.568255901337, 6783.375728011131, 6968.759806632996, 7247.101662039757, 6671.2928013801575, 3554.322053670883, 2206.407796025276], [8051.904690742493, 7467.66376543045, 7592.914871454239, 6838.6734973192215, 3693.9669637680054, 2543.827357470989, 6007.937352538109], [8323.780355930328, 7658.858036279678, 6427.079267978668, 4277.7786819934845, 3487.6312206983566, 4932.00261759758, 6950.019883394241], [8441.431317210197, 6688.559643507004, 3865.8291645646095, 3460.364648282528, 5941.117227554321, 7809.570130586624, 7733.293672680855], [7938.109704732895, 4514.56772762537, 2423.716403722763, 5218.552926063538, 8187.8965716362, 8221.58031988144, 7581.821192979813], [5701.548668622971, 2380.796357423067, 5962.760392308235, 7838.5357801914215, 8156.170219659805, 7751.509539365768, 7459.772183775902]]}