{"name": "(12000) puente aranda", "estimation_time": 4.945321942999726, "simulation_time": 0.7839083200015011, "prediction": [[3543.3121960163116, 2779.924330472946, 1490.288559794426, 1336.5124451518059, 2506.8017795681953, 3283.5223172307014, 3222.8600177168846], [3381.4973043203354, 1898.929978609085, 944.2485542446375, 2165.3381885886192, 3488.42701035738, 3438.7193306088448, 3178.1210680007935], [2413.030841231346, 816.5624613761902, 2458.4500108361244, 3258.1574066877365, 3283.6423293948174, 3139.9404433965683, 3189.6481231451035], [1028.8186354786158, 2505.677288234234, 3086.6557218432426, 3109.2540123462677, 3086.0441126823425, 3011.386130452156, 1904.2501404881477], [2992.27385365963, 2852.0126937627792, 2829.8799598813057, 3008.7284271121025, 2822.4360355734825, 1416.440093576908, 777.2974249720573], [3557.4700083732605, 3164.973169326782, 3252.604466497898, 2943.868871986866, 1568.3938348293304, 1082.2106886655092, 2709.800996541977], [3682.236918568611, 3322.1574029922485, 2818.897714674473, 1860.3915818929672, 1524.869272351265, 2200.8789984583855, 3123.0714883208275], [3683.5987169742584, 2925.7264293432236, 1643.6832395493984, 1440.3768593668938, 2582.5991980433464, 3406.8753482699394, 3350.6673115491867], [3551.3860709667206, 2049.126107752323, 1049.9677790999413, 2260.776616692543, 3600.3313338160515, 3569.8763224482536, 3302.615799665451], [2582.773328900337, 961.7307601571083, 2605.617531120777, 3397.6930590867996, 3433.687877237797, 3295.137683212757, 3325.4946469068527]]}