{"name": "(12007) zona industrial", "estimation_time": 4.945321942999726, "simulation_time": 0.7839083200015011, "prediction": [[9165.01464676857, 7445.566694974899, 3996.725539445877, 3385.1710947752, 6390.567401409149, 8544.526894330978, 8364.043249130249], [8771.682890415192, 5071.748115539551, 2212.879616379738, 5399.700193166733, 9049.177768468857, 8931.873751878738, 8204.158041477203], [6572.102101325989, 1780.6269555091858, 6403.688166379929, 8552.897864818573, 8747.168797492981, 8274.70359826088, 8459.204126119614], [2211.090391278267, 6416.458579778671, 8019.253919124603, 8309.787397146225, 8205.351734638214, 7986.66464972496, 5351.12720143795], [7704.039388895035, 7305.023128986359, 7352.724185705185, 7844.873490333557, 7598.5907962322235, 3979.8048074245453, 1715.8145439624786], [9071.75342464447, 8175.691483259201, 8339.023677110672, 7890.838564872742, 4314.697527170181, 2344.5779554843903, 6857.796389341354], [9423.62340593338, 8631.194539308548, 7495.2587740421295, 4962.9734835624695, 3859.649336576462, 5456.668804883957, 7986.251195430756], [9481.174403190613, 7777.6579167842865, 4379.52308511734, 3632.0019937753677, 6548.521402835846, 8833.317816972733, 8660.305928468704], [9159.674578905106, 5438.17412006855, 2467.7377074956894, 5631.166236639023, 9304.4460272789, 9236.586280107498, 8489.296236753464], [6967.898150444031, 2140.0870110988617, 6779.7186024188995, 8911.85178399086, 9124.636135101318, 8640.811131238937, 8782.208555936813]]}