{"name": "(12001) carrera 43", "estimation_time": 4.945321942999726, "simulation_time": 0.7839083200015011, "prediction": [[8059.251753568649, 6624.129679203033, 3860.2638754844666, 3132.3565482497215, 5532.6859629154205, 7631.481301546097, 7586.935378551483], [7761.5797345638275, 4751.375213742256, 2357.727759361267, 4787.555172324181, 7785.434154987335, 8066.849796295166, 7557.1530911922455], [5971.93824493885, 2129.8338890075684, 5676.608063817024, 7400.585424900055, 7767.188651800156, 7713.088604927063, 7682.085113763809], [2539.092507660389, 5793.463619112968, 7184.1327974796295, 7437.506007671356, 7436.368851423264, 7428.1142320632935, 5223.63771212101], [6496.857973814011, 6442.571154594421, 6527.31623339653, 6793.325311183929, 6626.711447715759, 3933.3924326896667, 1824.877030134201], [8104.902506828308, 7353.897366762161, 7373.038658857346, 6968.826664924622, 4226.780540585518, 2973.34270298481, 6434.5607759952545], [8409.844998598099, 7709.279167413712, 6679.413575410843, 4515.01552760601, 3713.080442070961, 5334.764384865761, 7362.514755487442], [8333.676362276077, 6903.1223084926605, 4159.7245988845825, 3328.421716928482, 5650.35685133934, 7858.279680252075, 7855.35884809494], [8138.09267115593, 5112.143600702286, 2599.056847035885, 5000.206623315811, 8048.635900735855, 8402.43947505951, 7872.661150932312], [6329.550179243088, 2444.3294271230698, 5992.675722241402, 7690.956081867218, 8101.892598628998, 8063.312615394592, 7980.29949092865]]}