{"name": "(12003) ricaurte", "estimation_time": 4.945321942999726, "simulation_time": 0.7839083200015011, "prediction": [[27583.393787384033, 24229.954271793365, 14990.545044243336, 12024.32175707817, 19282.22613108158, 25780.602675676346, 25407.837176442146], [27216.4513835907, 18592.755579471588, 9239.482096552849, 16314.437831282616, 26830.89647626877, 27384.172583699226, 25064.071227550507], [23315.961924791336, 7634.785914480686, 19125.091728687286, 25578.501135349274, 26786.380561351776, 25444.762557148933, 25865.388015389442], [8706.763388693333, 19570.892934322357, 24412.326843738556, 25565.055402874947, 25401.51292026043, 24981.91475236416, 19892.704119086266], [22820.568991184235, 22827.6102104187, 22802.240062594414, 24057.74581038952, 24168.88935148716, 15755.715836584568, 6606.526243329048], [27516.53787446022, 25184.688668489456, 25286.52417433262, 25268.746344208717, 16752.88213992119, 9034.143521547318, 20618.3170992136], [28379.472464561462, 26472.967831850052, 23999.828750252724, 17627.82853639126, 13856.255098342896, 17118.873943448067, 24012.673446536064], [28584.47039294243, 25291.355649232864, 16216.850599050522, 12918.0527638793, 19857.29292154312, 26662.278180599213, 26392.013429045677], [28428.668257713318, 19804.53728199005, 10124.081633627415, 17117.992899298668, 27688.01332139969, 28374.195117115974, 26040.8941501379], [24556.272336244583, 8779.470932900906, 20327.743744969368, 26733.220069527626, 27998.67590904236, 26663.59617984295, 26968.06292259693]]}