{"name": "(12004) carrera 22", "estimation_time": 4.945321942999726, "simulation_time": 0.7839083200015011, "prediction": [[8982.910006403923, 8683.206416606903, 6505.123153328896, 5254.324466884136, 6618.314375400543, 8545.753947734833, 8367.010841965675], [9092.673584580421, 7605.036647319794, 4600.664878726006, 5751.768149197102, 8511.313783168793, 8958.324197649956, 8173.778982400894], [9358.10458779335, 4151.836146831512, 6796.156027197838, 8517.739531993866, 8928.01569712162, 8587.598362445831, 8582.92833006382], [4054.8590576052666, 6596.379476964474, 7903.479549884796, 8412.965732693672, 8287.406485080719, 8310.574141085148, 7972.571759223938], [7229.954747676849, 7176.242152094841, 7169.258773088455, 7422.752734363079, 7938.2500549554825, 6659.637275874615, 3064.130323588848], [8847.245036005974, 8370.59643292427, 8084.133429884911, 8631.553874492645, 7235.715963125229, 4252.8717051148415, 6874.747211456299], [9189.343929052353, 8713.294369101524, 8442.945818901062, 7079.527986943722, 5820.817500948906, 6272.0934492349625, 7909.566290378571], [9292.811775803566, 8981.394099831581, 6884.1691390275955, 5556.237870931625, 6816.850944876671, 8813.03312420845, 8710.510070562363], [9434.108907341957, 7990.803087949753, 4914.245658993721, 6037.83195066452, 8788.314408779144, 9258.340792298317, 8495.707842826843], [9702.88087618351, 4473.666771888733, 7167.300807356834, 8876.063633441925, 9289.046086668968, 8965.84979736805, 8947.39599442482]]}