{"name": "(12002) cds - carrera 32", "estimation_time": 4.945321942999726, "simulation_time": 0.7839083200015011, "prediction": [[6400.392978668213, 4828.832985639572, 2375.067684531212, 2215.1663868427277, 4474.886103153229, 5944.120498180389, 5887.09015417099], [5975.749118804932, 3054.5788501501083, 1386.3179551362991, 3878.190260410309, 6347.526219367981, 6258.2694725990295, 5816.664348125458], [3933.8281898498535, 1225.4667543172836, 4366.2319688797, 5891.999761343002, 6027.668184518814, 5751.684064149857, 5743.896023511887], [1677.4813427329063, 4466.565763235092, 5564.2588763237, 5739.782655715942, 5683.737366676331, 5391.13064455986, 3163.1108568906784], [5263.123715400696, 5066.092634677887, 5142.111399650574, 5438.215227603912, 4918.91851234436, 2132.349657893181, 1228.2399331331253], [6465.037813663483, 5837.40554022789, 5966.651421070099, 5269.99901342392, 2540.3723220825195, 1735.3853605985641, 4877.871609210968], [6673.685472488403, 6034.973339319229, 4974.737222671509, 3125.813550233841, 2510.7590066194534, 3846.633952140808, 5641.712639808655], [6701.24853181839, 5140.228064537048, 2687.3919771909714, 2419.2185955047607, 4625.895994186401, 6197.701849222183, 6151.836934566498], [6310.503900527954, 3343.903595685959, 1587.357751607895, 4061.477976322174, 6559.444003582001, 6512.146902561188, 6062.335129261017], [4262.983584880829, 1512.988310933113, 4650.365289926529, 6165.359344959259, 6321.497788906097, 6047.8646235466, 6012.446032047272]]}