{"name": "(14005) las aguas", "estimation_time": 4.945321942999726, "simulation_time": 0.7839083200015011, "prediction": [[22500.361325263977, 17107.303411513567, 4838.023554265499, 3180.553020723164, 13267.624955236912, 19898.85812240839, 19354.554821670055], [20791.509146928787, 8081.52670019865, -1004.1776233687997, 9954.432573378086, 21898.354146957397, 21694.31643897295, 19281.898782908916], [10382.584230363369, -1792.0839343965054, 12284.109030157328, 19820.80232745409, 20622.031628906727, 19249.874377965927, 19616.2176425457], [1015.1794067770243, 15018.401820838451, 20344.027325451374, 21058.440449535847, 21246.58519601822, 20959.286660671234, 9195.941313877702], [20199.09594386816, 20337.70864802599, 20607.72708839178, 22603.801225304604, 21149.304256141186, 8051.520640105009, 2150.0279160086066], [22807.00096464157, 21352.27864098549, 22859.438548386097, 19890.43248987198, 6436.150099933147, 1995.3329279609025, 15664.461426645517], [22739.976600289345, 21847.3496427536, 17266.15973162651, 8280.244510620832, 4545.156793832779, 10000.560778304935, 18015.38684296608], [24386.99194341898, 18936.855893701315, 6671.285633951426, 4491.231159366667, 14357.084840714931, 21643.40601480007, 21254.69576984644], [22355.569969773293, 9405.009568631649, -156.09537256509066, 10692.46306708455, 22824.32044196129, 22940.307992637157, 20482.071173608303], [12403.007592022419, -132.98669148236513, 13871.478727638721, 21383.915786266327, 22327.07028412819, 21036.6882712245, 21353.026905417442]]}