{"name": "(14004) museo del oro", "estimation_time": 4.945321942999726, "simulation_time": 0.7839083200015011, "prediction": [[21721.5409719944, 16479.521389126778, 8779.196726739407, 8815.286351144314, 15819.118282556534, 20475.643007040024, 20437.90058529377], [20485.579447746277, 10958.178236544132, 6394.717960178852, 14040.637906908989, 22600.47533774376, 23205.41882133484, 20918.36336684227], [13522.19190955162, 5129.608478456736, 15013.503251791, 21368.23547410965, 22617.178583025932, 21382.312917470932, 20285.658129692078], [4736.493743121624, 14677.457937836647, 19462.30624103546, 20475.73310005665, 20266.026042342186, 19011.713389635086, 10000.679484188557], [17979.222848296165, 18900.494379639626, 19481.89082479477, 20016.791083097458, 17843.110318779945, 8122.493167042732, 4806.136463999748], [21222.052183389664, 20300.572619080544, 20924.597803592682, 17004.50977754593, 8807.69724303484, 8351.992841482162, 16775.036311984062], [22693.241659879684, 21081.06971681118, 17423.58972978592, 11663.626213371754, 9639.336870193481, 14064.08830010891, 19609.840927004814], [22028.099660634995, 17018.850947737694, 9227.283354222775, 8836.65150052309, 15580.363598227501, 20538.688462018967, 20566.29787647724], [21481.638011217117, 11856.176284611225, 7034.90009868145, 14629.62837433815, 23339.10539162159, 24157.93461084366, 21772.047117114067], [14316.91715168953, 5745.606784701347, 15624.939984798431, 21964.572617530823, 23248.72407734394, 22004.793416261673, 20871.19557750225]]}