{"name": "(14001) la sabana", "estimation_time": 4.945321942999726, "simulation_time": 0.7839083200015011, "prediction": [[6374.265845656395, 5879.631162524223, 4091.5844833254814, 3210.275767982006, 4518.596994519234, 6052.754938840866, 5897.67976307869], [6394.799512863159, 4912.3520048856735, 2717.996050953865, 3992.790804743767, 6199.77440559864, 6396.456613779068, 5805.370939016342], [6099.956002473831, 2396.810541689396, 4799.504251122475, 6072.882224559784, 6388.858157038689, 6040.482802629471, 6118.382917881012], [2460.3558886945248, 4680.433890461922, 5702.636529445648, 6044.959430932999, 5852.75618994236, 5885.963112354279, 5178.074334800243], [5283.257265925407, 5193.1513803601265, 5232.002327680588, 5365.427602767944, 5601.93227314949, 4187.972617387772, 1755.030238121748], [6428.578292965889, 5978.453784823418, 5775.389925479889, 6048.1157579422, 4523.187351167202, 2513.188990443945, 4884.007334649563], [6648.976223111153, 6211.992747426033, 5856.306034564972, 4552.194510936737, 3632.4339207410812, 4281.775405049324, 5682.499888181686], [6537.463973402977, 6021.90210545063, 4282.555423617363, 3344.2901500463486, 4593.118003845215, 6194.624762773514, 6070.753838062286], [6668.555624723434, 5198.83341217041, 2933.9655923247337, 4192.762948811054, 6411.678670287132, 6648.385654330254, 6060.06863617897], [6331.220398187637, 2589.279830992222, 5022.254223763943, 6285.304552555084, 6613.564315676689, 6285.220352649689, 6338.964450597763]]}