{"name": "(02000) cabecera autopista norte", "estimation_time": 18.769972678999693, "simulation_time": 2.936845918000472, "prediction": [[89054.33294212818, 89018.22554969788, 59327.81765848398, 38231.49010801315, 73436.97575831413, 88680.80376029015, 86947.62186169624], [89425.35212910175, 59487.83490520716, 38805.83071860671, 69889.0675727129, 96075.08625936508, 89774.18052589893, 87068.81875658035], [62113.9085752964, 28636.763273522258, 70027.97650682926, 94988.02169108391, 88248.24572348595, 88358.9222894907, 91173.93903660774], [32274.49849231541, 78587.83702540398, 94728.91038835049, 93452.93995320797, 93412.62442922592, 96181.629114151, 65993.72806292772], [94122.99356877804, 99610.35651934147, 96773.52784919739, 98330.62447464466, 99819.89711487293, 65376.94925749302, 37554.68453860283], [98034.1473993063, 92636.02119338512, 89501.9780100584, 93238.06815564632, 65093.015390992165, 31946.202496230602, 80057.88215780258], [92181.42120707035, 89691.72956252098, 90433.4770206213, 58059.73577862978, 32938.22807095945, 73004.53950023651, 89740.657548666], [89495.40872430801, 89181.17901682854, 59842.88078254461, 39378.217795461416, 72617.85821592808, 88302.79582750797, 86875.05527162552], [92064.67600119114, 60348.928898096085, 40491.69312506914, 71405.61864769459, 97154.49229884148, 91111.86571347713, 89141.77683329582], [64861.11825090647, 30865.3537171185, 71134.90115576982, 96121.12538349628, 92007.35881388187, 91136.64768433571, 94110.79539966583]]}