{"name": "(02001) centro comercial santa fe", "estimation_time": 18.769972678999693, "simulation_time": 2.936845918000472, "prediction": [[12771.90611076355, 12868.889006018639, 8468.786600649357, 5163.036345303059, 10001.207352340221, 12043.86557585001, 12052.142474710941], [13032.015502870083, 8618.477846980095, 5171.975690275431, 9460.88472610712, 12910.465712666512, 12305.261613845825, 12085.844359338284], [8960.913943171501, 3969.9306909143925, 9378.44230234623, 12443.18769955635, 11981.757452785969, 12205.268045663834, 12893.731470704079], [4621.838466435671, 10363.038262367249, 12283.898584842682, 12529.931364834309, 12674.187709093094, 13467.783440470695, 8996.125086963177], [12217.94229221344, 12844.060270786285, 12812.77575057745, 12946.736966371536, 13705.062713444233, 8572.534193575382, 4713.15207824111], [13043.913054645061, 12747.80699789524, 11994.212028086185, 13012.0146317482, 8922.532276391983, 4131.805846184492, 10489.129559516907], [13167.253557801247, 12667.998667776585, 13194.10640668869, 8441.429684698582, 4928.466187626123, 10127.58108395338, 12207.941366314888], [12784.032159864902, 12817.989020049572, 8483.869385540485, 5284.1163920760155, 9827.524867415428, 11936.22372162342, 11952.58922970295], [13396.63054984808, 8745.335051476955, 5436.58442029357, 9672.177086412907, 13067.901351213455, 12481.745887875557, 12384.897345125675], [9230.922270953655, 4233.327796697617, 9481.046427965164, 12526.895194351673, 12420.071223258972, 12501.614367842674, 13256.158631265163]]}