{"name": "(02105) calle 142", "estimation_time": 18.769972678999693, "simulation_time": 2.936845918000472, "prediction": [[28912.713197231293, 28349.92280435562, 16343.926120996475, 6700.010840833187, 21790.722228050232, 27331.119260787964, 27526.927909374237], [28636.857055187225, 16222.888020277023, 7200.292630434036, 20373.328758239746, 30207.873029232025, 28245.98864030838, 27375.174936294556], [17250.49627995491, 3697.0565315186977, 20326.155860185623, 29123.87928199768, 27748.35368156433, 28173.558349609375, 28422.74625825882], [5119.502449393272, 22625.775465250015, 28207.624470233917, 29137.319044589996, 28982.64008140564, 29439.158727645874, 17384.498068094254], [27904.915548801422, 29555.754351615906, 29641.923957824707, 29357.423574447632, 29889.806671619415, 16142.11304116249, 5507.57726585865], [30254.862718582153, 29793.797286987305, 27093.215403556824, 28307.388964653015, 17529.610059976578, 4263.096538633108, 23293.799867868423], [30857.80657529831, 28608.434297561646, 28669.89346265793, 15708.835154533386, 6070.971779406071, 22225.927149295807, 28383.488778591156], [28973.704310894012, 28251.051619529724, 16366.292293071747, 7096.993010401726, 21294.10895872116, 27054.680060386658, 27281.816060066223], [29529.42578983307, 16397.959315776825, 7782.444305181503, 20794.24206328392, 30498.615881443024, 28628.694238185883, 28052.704794883728], [17820.90387558937, 4197.870896786451, 20451.90389561653, 29138.354106903076, 28882.584057807922, 28833.48145055771, 29210.17459344864]]}