{"name": "(02102) calle 161", "estimation_time": 18.769972678999693, "simulation_time": 2.936845918000472, "prediction": [[6120.558515191078, 5984.256018638611, 3242.521722137928, 1620.0113494098186, 4608.490962326527, 6064.5662961006165, 5913.596291899681], [5920.66587471962, 3240.4716749191284, 1610.3128066658974, 4250.689101219177, 6542.366260051727, 6110.222609758377, 5850.100699424744], [3403.854851126671, 729.201079428196, 4238.958991765976, 6403.690808773041, 5884.265860915184, 5922.83310842514, 6102.7541917562485], [954.1018605530262, 4850.454124569893, 6309.664268493652, 6207.46046090126, 6238.4469747543335, 6459.995334148407, 3660.801265537739], [6152.771905660629, 6715.812002062798, 6478.588159322739, 6612.670129537582, 6670.770559310913, 3524.196490883827, 1383.916823387146], [6706.370037555695, 6211.64651119709, 5981.587948799133, 6214.174186468124, 3538.1290759444237, 993.0738168954849, 5078.500746846199], [6233.465546250343, 6033.819312572479, 5947.423933386803, 2974.3769785165787, 1029.7571985125542, 4492.357434868813, 6021.76944732666], [6136.288437247276, 5977.656327843666, 3278.4879453778267, 1692.0195803046227, 4523.762840270996, 6010.225575566292, 5888.148773550987], [6118.127683520317, 3298.3901647925377, 1732.1071004271507, 4361.313717722893, 6615.055118083954, 6203.792437911034, 6012.7291831970215], [3601.3180925250053, 882.2003581821918, 4287.245554685593, 6476.969897031784, 6165.985040187836, 6127.324387311935, 6318.035223007202]]}