{"name": "(02103) mazuren", "estimation_time": 18.769972678999693, "simulation_time": 2.936845918000472, "prediction": [[8258.024818181992, 8217.441988825798, 3653.1794288158417, 793.6842796355486, 5777.850074052811, 8052.1577652692795, 7880.135559558868], [8200.235631942749, 3776.9725870490074, 932.951757915318, 5396.8550760746, 9173.669691324234, 8439.52969443798, 8084.655156254768], [4050.51741617918, -501.2774055749178, 5402.694286704063, 9037.193128228188, 8230.377428293228, 8311.919561505318, 8558.867203354836], [65.40005615353584, 6532.171067118645, 8994.87164568901, 8983.55217218399, 9046.44234251976, 9298.418758273125, 4694.02871376276], [8793.004196166992, 9807.07366514206, 9528.699165940285, 9744.262014627457, 9851.916194796562, 4688.7317806482315, 1008.1428118869662], [9666.057674884796, 9055.735023140907, 8613.94885790348, 9049.33285343647, 4721.060914874077, 300.88091219961643, 7015.009778499603], [8565.467074751854, 8271.530928492546, 8273.801693677902, 3372.8605124354362, 2.6268768459558487, 5682.24167573452, 8183.621679067612], [8349.407868623734, 8257.943494081497, 3761.1865976452827, 982.0030945800245, 5694.926132202148, 8023.209890842438, 7893.269401788712], [8501.437665939331, 3841.003047466278, 1105.6584706827998, 5545.905326604843, 9261.863575100899, 8565.368223905563, 8320.84628367424], [4434.597822487354, -188.07761301100254, 5540.115891933441, 9197.320282101631, 8750.021604776382, 8706.234886288643, 8972.480877399445]]}