{"name": "(02104) calle 146", "estimation_time": 18.769972678999693, "simulation_time": 2.936845918000472, "prediction": [[17455.86670732498, 16647.030131578445, 10686.830114006996, 8213.165142774582, 13884.854608297348, 17235.69023323059, 17048.978359222412], [16414.296986103058, 10761.558832526207, 7862.9520181417465, 12898.989248514175, 17545.3633081913, 17140.689007759094, 16794.945819854736], [11149.520689845085, 6187.557608485222, 12943.183682441711, 17179.351868391037, 16396.160517454147, 16718.035675764084, 17145.379498243332], [6148.821702718735, 13466.012388467789, 16417.798897504807, 16266.266411304474, 16632.143107652664, 17257.12578892708, 11176.097062826157], [15184.208410263062, 16438.5380423069, 16058.846596240997, 16558.353338241577, 16617.763853788376, 9711.389642357826, 6159.959312796593], [17191.019232988358, 16045.566565275192, 15932.658644199371, 16120.186070680618, 9900.514842510223, 5925.6060546040535, 13906.100104808807], [18071.22161436081, 17939.14750099182, 17598.273515939713, 11155.630241632462, 7842.864606142044, 14472.441017389297, 17805.786942243576], [17291.621531009674, 16464.67118024826, 10624.267310857773, 8160.856316328049, 13555.38559269905, 16923.964802742004, 16805.970670938492], [16866.747059583664, 10965.165407896042, 8178.794924855232, 13194.56674003601, 17759.40966439247, 17382.47265815735, 17196.499745607376], [11322.697229504585, 6254.839269161224, 12780.532733917236, 17134.432656526566, 16691.946506738663, 16886.03523015976, 17330.911303281784]]}