{"name": "(02101) toberin", "estimation_time": 18.769972678999693, "simulation_time": 2.936845918000472, "prediction": [[27755.59690195322, 26460.64025080204, 15206.59386792779, 9938.387361615896, 21495.22208881378, 27379.60441929102, 27049.035665094852], [26605.25611448288, 15824.675624579191, 9951.324600309134, 20060.20429456234, 28864.73808091879, 27735.181317925453, 27003.34108310938], [16588.37998354435, 6781.593077793717, 20218.434530735016, 28170.319446325302, 26582.3331438303, 27147.14836937189, 27588.79295694828], [7252.173683732748, 21803.226354956627, 27075.41201812029, 26789.305064082146, 27311.41505420208, 28081.551188468933, 16989.512054264545], [25586.472466230392, 27542.694086253643, 26774.392187952995, 27361.49507331848, 27266.75808018446, 14863.967153191566, 7676.119188755751], [28813.38943171501, 26823.952407300472, 25950.34226232767, 26350.73745214939, 15485.246375471354, 7149.227439075708, 22917.099504232407], [29384.972012102604, 28585.57971459627, 27828.928500771523, 15958.401583522558, 9501.277578920126, 22880.7991579175, 28758.00586169958], [27623.57971006632, 26272.164041101933, 15223.906585901976, 10028.148417115211, 21005.98694461584, 26979.997891187668, 26759.949322342873], [27378.427401423454, 16091.254239022732, 10475.156302690506, 20532.270113825798, 29185.48242032528, 28126.75186109543, 27672.273596465588], [17040.356836259365, 7063.0158592015505, 20103.16046780348, 28222.337263047695, 27347.062165558338, 27597.11771953106, 28092.34151470661]]}