{"name": "(02205) calle 106", "estimation_time": 18.769972678999693, "simulation_time": 2.936845918000472, "prediction": [[15361.999979704618, 14425.108510196209, 6716.570062756538, 1384.6766028366983, 11302.070624351501, 14770.654382646084, 14576.13290426135], [14433.775271266699, 6139.038839504123, 1605.6723870635033, 10580.189440310001, 16087.125116735697, 14699.981622815132, 14016.204991906881], [6545.940298140049, -470.438603207469, 10450.595681011677, 15352.514661163092, 14296.892349600792, 14576.114521861076, 14321.712915241718], [502.71512446552515, 11414.144874870777, 14907.266974896193, 15186.610254734755, 14949.33347594738, 14842.847475111485, 6655.383162125945], [14826.293583005667, 15690.514017641544, 15520.211892277002, 15224.174149036407, 15074.880944550037, 5962.492645293474, 1060.8886664938182], [15862.700879693031, 15265.750813186169, 13679.555119872093, 14000.031723618507, 6552.336292117834, -64.40692946687341, 11957.429145753384], [15990.82945355773, 14410.547486543655, 13987.47113764286, 5442.386418521404, 739.3673071376979, 11198.662053585052, 14913.555918425322], [15394.77471807599, 14336.674026429653, 6743.7284371852875, 1617.6268944889307, 10971.822152882814, 14578.082520008087, 14412.65929993987], [14855.440500617027, 6151.486427783966, 1886.989071637392, 10730.075206875801, 16166.27216309309, 14847.401985108852, 14345.640312492847], [6792.130378425121, -260.1705715171993, 10444.24293974042, 15317.676768690348, 14936.868045926094, 14925.049243867397, 14723.698163121939]]}