{"name": "(02204) pepe sierra", "estimation_time": 18.769972678999693, "simulation_time": 2.936845918000472, "prediction": [[18958.014762699604, 18567.150036633015, 10385.448408156633, 3176.871583648026, 14488.884620025754, 18248.79510781169, 18326.221807688475], [18725.87139979005, 9611.244158431888, 4037.3939321748912, 13960.536740511656, 18912.650014191866, 18532.88343977928, 17912.88917797804], [9809.83364123106, 2077.6144130267203, 13734.283358678222, 18145.44462415576, 17570.02278712392, 18638.592163592577, 18836.440833061934], [2837.375495409593, 14332.385696858168, 17681.684241056442, 18552.551050305367, 18190.55837649107, 19490.666102707386, 10324.80286282301], [17596.847534775734, 18360.26737806201, 18612.10457497835, 18161.180585682392, 18934.889398932457, 9365.87011295557, 3521.1250093206763], [18582.082435786724, 18828.892216831446, 17211.146961301565, 17887.02346047759, 9968.503493979573, 2887.068523062393, 15649.917989447713], [19713.363393247128, 18247.905382573605, 18271.611409127712, 9202.58399105072, 3573.2263827100396, 15221.032962575555, 18736.598676502705], [19048.154231399298, 18428.91295811534, 10387.55096937716, 3491.708117429167, 14067.142681986094, 18040.889733493328, 18095.23977035284], [19289.6631231308, 9729.129942819476, 4464.10685877502, 14161.173527911305, 19065.487952142954, 18737.3984926641, 18345.267547100782], [9986.069479838014, 2322.5151480901986, 13769.419076606631, 17994.13326740265, 18261.665217518806, 18986.37545707822, 19279.121283888817]]}