{"name": "(02202) calle 127", "estimation_time": 18.769972678999693, "simulation_time": 2.936845918000472, "prediction": [[23300.32380336523, 22452.85138219595, 13875.720324337482, 6098.6591925174, 17834.110289156437, 22260.761254549026, 22170.867877960205], [22763.576921999454, 13511.102827310562, 6433.640895724297, 16571.624874591827, 24079.267641484737, 22406.312753736973, 21757.299928963184], [14289.272046476603, 3666.688329219818, 16465.53196954727, 23167.167915523052, 21844.692661345005, 22341.60858488083, 22468.769075751305], [4582.188649468124, 18053.43933290243, 22331.744363367558, 22777.188693642616, 22868.566400706768, 23092.27669608593, 14258.130998075008], [21945.592971861362, 23158.215814232826, 22942.5625808239, 22946.750818252563, 23183.396481513977, 13235.770626723766, 4731.480225890875], [23737.08078634739, 23007.357278466225, 21360.923908889294, 21982.32887005806, 14316.81414860487, 3778.626959823072, 18507.210603415966], [24280.569500148296, 22632.940467357635, 22593.471624672413, 13036.849845945835, 5566.069375932217, 18088.658446907997, 22645.452228844166], [23286.11590820551, 22350.962087392807, 13814.567275226116, 6359.484155118465, 17396.634200155735, 21978.89219236374, 21932.502167761326], [23422.044026613235, 13607.380191415548, 6875.458950281143, 16891.881558299065, 24265.915793418884, 22680.235779821873, 22228.406607985497], [14641.28725323081, 3946.1556029245257, 16537.387912511826, 23108.848588228226, 22632.63130301237, 22758.74473452568, 22969.792956471443]]}