{"name": "(02200) alcala", "estimation_time": 18.769972678999693, "simulation_time": 2.936845918000472, "prediction": [[57875.85294044018, 56452.27925544977, 32140.920586943626, 15596.24036064744, 43992.92511469126, 55372.59948736429, 54836.27726352215], [56649.2047739625, 32028.619185894728, 15618.193019092083, 41378.986322045326, 60224.916282355785, 56145.136361181736, 54539.7666657567], [33165.47382107377, 8719.588444665074, 41247.90093278885, 58422.36725753546, 54960.073521494865, 56107.461308300495, 56928.93609291315], [10961.69875586778, 45463.267420589924, 56660.071052372456, 57351.26946991682, 57825.697530567646, 58857.664818525314, 33773.432183623314], [55402.69590592384, 58967.98927074671, 58277.88541263342, 58920.538533091545, 59549.78726631403, 31301.651279985905, 12598.731854617596], [60130.0386018157, 57941.637548565865, 54226.33798635006, 56740.66393917799, 33503.00461983681, 9760.323609732091, 46846.889686346054], [60224.42055797577, 57358.721198797226, 57097.4427241683, 30264.04661437869, 13462.524646654725, 44664.750623464584, 56667.332423090935], [57910.946260750294, 56200.42747563124, 32184.833835422993, 16184.803011104465, 43002.80093020201, 54751.32993376255, 54337.15816295147], [58372.54894024134, 32417.31667226553, 16779.235038220882, 42282.48961126804, 60830.370245337486, 56958.61213719845, 55944.59403759241], [34316.978103131056, 9634.197447173297, 41394.29429090023, 58603.211477160454, 57094.555625379086, 57420.72640424967, 58456.33825784922]]}