{"name": "(02201) prado", "estimation_time": 18.769972678999693, "simulation_time": 2.936845918000472, "prediction": [[14489.843518733978, 13941.394477844238, 9152.81916809082, 4431.953217923641, 11122.85193514824, 13733.327761411667, 13683.675697565079], [14201.423878908157, 8891.628742933273, 4675.129200100899, 10414.245562791824, 14828.143770456314, 13860.75701212883, 13490.727434635162], [9356.00809776783, 3024.13008415699, 10303.155212163925, 14329.232519388199, 13534.681795597076, 13818.658461332321, 13886.337252616882], [3648.5976346731186, 11407.905062198639, 13975.685827255249, 14222.717700719833, 14291.28440117836, 14373.028039455414, 9418.754822134972], [13778.707119464874, 14547.435341835022, 14406.64974308014, 14428.14697265625, 14521.099750041962, 8917.093566656113, 3770.1212037801743], [14873.84081029892, 14378.181797981262, 13419.125616073608, 13729.251606941223, 9485.028042912483, 3162.428508758545, 11629.91892337799], [15031.932067394257, 14086.632192611694, 14056.12559890747, 8640.165894150734, 4115.412168979645, 11292.015202522278, 14001.352916002274], [14483.517308712006, 13890.784797668457, 9112.168469190598, 4586.1754422187805, 10877.05422115326, 13571.545453310013, 13551.74062204361], [14634.68927359581, 8986.78358078003, 4968.998568177223, 10643.708947658539, 14976.758282661438, 14065.213812112808, 13803.878258943558], [9632.891203403473, 3244.9589236974716, 10413.238808631897, 14354.811617136002, 14058.357370615005, 14135.562044620514, 14246.894656181335]]}