{"name": "(02302) virrey", "estimation_time": 18.769972678999693, "simulation_time": 2.936845918000472, "prediction": [[18715.176712691784, 17349.35079628229, 7626.690939754248, 3381.218360684812, 14039.688720464706, 17988.694343447685, 17578.790472388268], [17348.30294048786, 7722.518816351891, 3160.8427008613944, 13222.302632927895, 19460.608338057995, 17824.742471456528, 17281.594123363495], [7931.483924984932, 974.7578468322754, 13148.72864151001, 18591.4125931859, 17340.307151436806, 17943.688746094704, 17598.820687890053], [1840.97625843063, 14179.056087553501, 17752.383126974106, 17910.559696555138, 18325.29032498598, 17952.787139177322, 7981.646678954363], [17633.422846972942, 18533.459674358368, 18083.83150100708, 18415.486135840416, 17874.497160077095, 6698.491873830557, 2345.9467032030225], [19119.554831445217, 18069.742105841637, 16812.310059666634, 17167.904952704906, 7578.544321447611, 1218.5693330653012, 14815.772992551327], [19271.37041980028, 18222.578812479973, 17218.610732793808, 6790.410344332457, 2735.0744140297174, 14219.133070349693, 18299.823482215405], [18717.179479599, 17245.991217434406, 7692.427657365799, 3544.3224307596684, 13660.601740837097, 17735.31568235159, 17385.175241589546], [17811.635998129845, 7779.030456006527, 3496.627485409379, 13441.995849609375, 19569.87563365698, 18014.602991759777, 17699.35118341446], [8197.545715481043, 1170.6760049313307, 13055.978761732578, 18616.264473199844, 17973.56600499153, 18272.951010286808, 17997.99772411585]]}