{"name": "(02303) calle 85", "estimation_time": 18.769972678999693, "simulation_time": 2.936845918000472, "prediction": [[21432.833085656166, 20364.12810254097, 10059.354578197002, 4123.248000323772, 16052.659410357475, 20609.686318457127, 20187.122629106045], [20445.714574456215, 9885.45866253972, 4009.223678201437, 15076.280679404736, 22315.667354166508, 20551.67805838585, 19824.377706825733], [10235.032186418772, 1334.1029380336404, 14837.164090514183, 21356.10024523735, 19980.64959347248, 20445.921077907085, 20411.332550287247], [2497.106961607933, 16297.465249359608, 20657.9248842597, 20914.147642731667, 21090.98343116045, 21048.153975129128, 10359.513747245073], [20266.245466828346, 21511.840665638447, 21106.16703760624, 21280.361502826214, 21207.24487400055, 9195.755545854568, 3010.7782926410437], [21995.161191999912, 21010.682403206825, 19395.114661335945, 20192.879112899303, 10206.10489487648, 1779.2305310964584, 16821.56300365925], [22205.303265690804, 20732.062824726105, 20228.994805574417, 9007.701337397099, 3326.016215607524, 16111.213543891907, 20864.60602414608], [21444.539750277996, 20239.702569782734, 10097.08868163824, 4345.292836874723, 15634.574764847755, 20337.89416027069, 19971.007963359356], [21021.838391959667, 9965.797309339046, 4408.160331249237, 15347.245222985744, 22468.471903800964, 20791.390145599842, 20313.237007915974], [10591.080954164267, 1638.4438019618392, 14816.981179594994, 21384.754600048065, 20768.068062067032, 20893.23156452179, 20935.366272509098]]}