{"name": "(02304) heroes", "estimation_time": 18.769972678999693, "simulation_time": 2.936845918000472, "prediction": [[22734.335938811302, 21578.236563503742, 11011.758219867945, 4554.836268007755, 17065.10314655304, 21839.648520827293, 21547.24512755871], [21745.29443103075, 10980.543719172478, 4570.982783138752, 16075.210773229599, 23936.589020729065, 22021.299882233143, 21261.966008484364], [11533.734335154295, 1752.6912197954953, 16026.591856181622, 23131.34366875887, 21576.12396401167, 22004.77929288149, 21845.817679286003], [2758.2976807504892, 17753.00110888481, 22308.944560825825, 22572.535040557384, 22680.94297617674, 22504.444333851337, 11676.542534708977], [21977.717169344425, 23200.066008985043, 22814.501270771027, 22968.76549333334, 22659.050435721874, 10493.31357985735, 3335.6157006919384], [23841.348804295063, 22780.009787917137, 21084.147374749184, 21698.237733781338, 11629.416848361492, 2205.996449224651, 18444.791589438915], [23896.28712272644, 22409.443279623985, 21708.146101355553, 10150.299784243107, 3723.0897121950984, 17390.716358542442, 22447.2769010067], [22771.49193394184, 21497.7048227787, 11060.744312226772, 4814.235276758671, 16648.028787612915, 21585.205995500088, 21347.93562322855], [22425.657250761986, 11096.34805265069, 5023.804993063211, 16408.32080054283, 24145.109336197376, 22336.16612583399, 21817.933818936348], [11968.911433428526, 2080.541882380843, 16045.52399778366, 23190.49952071905, 22459.18748551607, 22527.08962202072, 22443.862707197666]]}