{"name": "(02300) calle 100", "estimation_time": 18.769972678999693, "simulation_time": 2.936845918000472, "prediction": [[43495.551995038986, 40669.49541777372, 18530.33134430647, 7734.812936410308, 32718.292376101017, 42116.71185016632, 41144.9464866519], [40898.7906190753, 18509.884088933468, 7448.254789710045, 31105.787800252438, 45724.38602477312, 41916.16482436657, 40287.32339680195], [19149.587997198105, 2093.1057817675173, 30704.20074671507, 43815.64274698496, 40857.77285784483, 41725.13889849186, 41196.86267197132], [4464.480344839394, 33668.24240386486, 42337.86327570677, 42761.05613917112, 43006.41704112291, 42416.11192703247, 19505.35052061081], [42051.567806601524, 44117.871422469616, 43224.82306212187, 43385.53245007992, 42601.39129906893, 16978.70326399803, 5956.223710849881], [45236.88413977623, 42964.35473203659, 39429.09021705389, 40751.12421363592, 18916.934220194817, 3276.1180463433266, 35021.600511074066], [45440.17348885536, 42246.45455390215, 40395.4356405139, 16359.243247807026, 6270.178129300475, 33213.70077967644, 43008.0778414011], [43577.11916565895, 40460.38864582777, 18682.448632866144, 8177.107314020395, 31875.456263124943, 41585.80422580242, 40734.463829398155], [42083.683801591396, 18682.981691211462, 8283.407775610685, 31665.135473906994, 46050.33733725548, 42425.55291414261, 41319.743404984474], [19883.068577200174, 2694.2742705903947, 30628.29077333212, 43963.27833980322, 42504.846113324165, 42666.316573023796, 42274.88535940647]]}