{"name": "(02502) terminal", "estimation_time": 18.769972678999693, "simulation_time": 2.936845918000472, "prediction": [[12692.562770485878, 12036.610238671303, 6312.280440509319, 3998.864423573017, 9853.779550552368, 12344.121470212936, 11941.993930101395], [12256.527354955673, 6726.5858734846115, 4070.63335031271, 9569.753566145897, 13447.155156254768, 12508.749738454819, 12082.873633146286], [6952.74090385437, 2759.254639059305, 9621.365041255951, 13149.915599107742, 12197.298950910568, 12442.86460840702, 12490.458213090897], [3414.69557338953, 10486.47496855259, 12860.266866087914, 12634.385368704796, 12825.113904833794, 12996.409114003181, 7153.866530954838], [12524.319553852081, 13308.170889258385, 12807.81209218502, 13029.838022947311, 12908.832023620605, 6371.646178543568, 3687.0717197954655], [13724.787732720375, 12773.25840651989, 12082.404881596565, 12441.03500187397, 6783.842797040939, 3155.8791721761227, 10864.37157201767], [13597.838917136192, 13074.414819836617, 12734.639180779457, 6617.678885102272, 3941.673613280058, 10541.64918243885, 13145.251918435097], [12704.674266338348, 11989.35713148117, 6384.063554644585, 4098.76128077507, 9662.3654794693, 12216.617643713951, 11863.545577526093], [12678.633018016815, 6905.319817900658, 4377.831040412188, 9833.601669073105, 13647.475506782532, 12752.914816260338, 12470.501654982567], [7255.916467308998, 3001.3650982379913, 9653.45239007473, 13280.06736111641, 12682.908531546593, 12777.994726657867, 12855.940277934074]]}