{"name": "(03010) puente largo", "estimation_time": 18.769972678999693, "simulation_time": 2.936845918000472, "prediction": [[7885.159546077251, 7426.156097829342, 3905.270574390888, 1855.3175344765186, 5944.076843440533, 7576.207609415054, 7454.478921294212], [7490.237092196941, 3876.490729570389, 1839.0927763283253, 5625.041435599327, 8207.53861016035, 7601.206777572632, 7370.780510246754], [4019.0278900265694, 911.76450676471, 5581.184886276722, 7936.447442650795, 7420.0263113975525, 7616.514492869377, 7531.919539928436], [1251.6672646924853, 6111.481165885925, 7654.899786531925, 7707.321736097336, 7821.539573252201, 7728.1807107925415, 4093.2746094167233], [7473.326802015305, 7939.443582653999, 7782.541750967503, 7902.679864764214, 7737.016623675823, 3671.2478890120983, 1451.9279974475503], [8152.243026316166, 7762.784327745438, 7280.227778911591, 7432.067874073982, 4014.384923070669, 1066.1387828439474, 6335.260122597218], [8194.598005473614, 7764.118890106678, 7475.3248953819275, 3614.309978425503, 1609.812500052154, 6069.787217617035, 7769.608146607876], [7886.936629116535, 7391.393973469734, 3917.4691444039345, 1929.0363541990519, 5801.638687610626, 7481.755195856094, 7382.13354074955], [7710.371378600597, 3917.747657418251, 1987.959482550621, 5736.531645298004, 8274.364732801914, 7702.283500671387, 7552.799515604973], [4156.858580559492, 1012.9472973197699, 5578.955782115459, 7954.443283557892, 7696.4667288661, 7779.583112716675, 7716.267654120922]]}