{"name": "(03009) av. suba- calle 116", "estimation_time": 18.769972678999693, "simulation_time": 2.936845918000472, "prediction": [[10332.120473504066, 9623.965341508389, 5030.268678426743, 2174.514471143484, 7884.4870601296425, 9819.111931622028, 9807.528819799423], [9704.283892512321, 4868.346743524075, 2283.6271883547306, 7457.608240932226, 10632.814168930054, 9867.62351256609, 9539.276040434837], [5098.35501396656, 1094.863527201116, 7395.990651160479, 10168.318099617958, 9650.528659760952, 9887.782282114029, 9656.895760178566], [1586.0344237275422, 7909.5145528018475, 9796.105309009552, 10036.325370669365, 10030.958674490452, 9852.025409400463, 5102.590236902237], [9741.605568647385, 10136.14021319151, 10107.672382056713, 10028.253481566906, 9838.848070502281, 4495.200197711587, 1738.1512045413256], [10453.225558817387, 10164.788152754307, 9339.071256697178, 9409.084395766258, 5054.420594483614, 1261.8192753326148, 8297.577330887318], [10762.438739538193, 9900.655576586723, 9538.504784047604, 4536.099968507886, 1998.2502881288528, 8013.800899118185, 10050.08761614561], [10344.346447587013, 9575.446627557278, 5047.1212992072105, 2290.8192656189203, 7683.307283490896, 9698.159314334393, 9699.531526565552], [9970.563503801823, 4904.03585267067, 2478.557893551886, 7576.618005424738, 10703.136702179909, 9981.616989850998, 9755.239419996738], [5223.073858976364, 1205.8104860298336, 7387.839853167534, 10155.427864253521, 10003.513538241386, 10062.236910402775, 9873.072238326073]]}