{"name": "(03012) suba - calle 95", "estimation_time": 18.769972678999693, "simulation_time": 2.936845918000472, "prediction": [[8000.269510149956, 7362.182773888111, 5708.241967976093, 4274.1913857162, 5900.887969255447, 7774.619731068611, 8259.061405181885], [7597.1799285411835, 5671.182972311974, 4212.645958930254, 5632.23007529974, 7939.912402272224, 8439.388944208622, 7814.062310397625], [6007.724379777908, 3701.001737535, 5328.868985950947, 7723.1469421982765, 8349.685047745705, 7863.721075177193, 7561.085826992989], [3767.141264259815, 5725.5654928684235, 7650.811139822006, 8350.005135595798, 7898.890800058842, 7774.121945261955, 6125.465772390366], [6550.733448147774, 7911.050665438175, 8366.999890327454, 7759.479517877102, 7614.675942003727, 5806.877067923546, 3888.820952951908], [8003.659084200859, 8410.537047326565, 7461.616646409035, 7256.845508992672, 5833.968192219734, 3844.608312189579, 5883.1424840688705], [8876.179203748703, 8053.971916377544, 7746.065348029137, 5964.351029038429, 4309.164600968361, 6134.348354935646, 8077.873738586903], [7970.011078953743, 7318.5848407149315, 5681.634737789631, 4272.1585673987865, 5805.516839265823, 7662.763787388802, 8160.264235436916], [7822.011255145073, 5800.648957133293, 4350.765602707863, 5762.367492139339, 8059.699347257614, 8557.289512515068, 7977.305377483368], [6118.1656856536865, 3809.4906811714172, 5364.5781717300415, 7745.474372088909, 8503.35094743967, 8015.28411924839, 7710.599845767021]]}