{"name": "(03002) suba - tv- 91", "estimation_time": 18.769972678999693, "simulation_time": 2.936845918000472, "prediction": [[9914.11226451397, 9885.376548528671, 6701.862763106823, 3798.4809944033623, 7809.779945135117, 9696.419506907463, 9599.791756987572], [9894.791974544525, 6613.98331540823, 3879.0244858562946, 7277.76283121109, 10333.634345650673, 9754.62477505207, 9433.940932869911], [6912.052623152733, 2762.616229146719, 7211.471252918243, 10087.413065314293, 9457.686049699783, 9551.391284227371, 9854.40211904049], [2962.9262423813343, 8021.4647397994995, 9854.507960796356, 9823.035112857819, 9822.391081809998, 10167.156810045242, 7053.495055437088], [9534.578481674194, 10274.784404993057, 9993.517957091331, 10063.859746575356, 10306.72295665741, 6811.715280056, 3251.9863319396973], [10401.423103690147, 9946.710242390633, 9366.923857450485, 9777.219103336334, 7037.189010381699, 2889.994938120246, 8194.000272631645], [10197.843221664429, 9732.56029701233, 9842.80763578415, 6389.785138607025, 3311.003695011139, 7848.088246107101, 9787.67947614193], [9912.905668497086, 9855.410502314568, 6692.345985591412, 3892.6785534620285, 7669.907178163528, 9599.26383113861, 9529.061239600182], [10162.909669041634, 6671.4800852537155, 4041.5794618427753, 7422.577445983887, 10423.853858351707, 9875.156083703041, 9628.088069319725], [7101.688976407051, 2913.2628850340843, 7262.311859250069, 10108.44863319397, 9785.424084544182, 9763.48469221592, 10081.992043018341]]}