{"name": "(03000) portal suba", "estimation_time": 18.769972678999693, "simulation_time": 2.936845918000472, "prediction": [[67813.80699110031, 66897.8981449008, 44500.75627231598, 24807.44403219223, 53744.271511375904, 65675.55898696184, 65206.075855374336], [66947.07893788815, 43445.348798930645, 25257.1238784492, 50565.91572141647, 70581.8812611103, 66228.5656670928, 64292.26450651884], [44923.56757903099, 17588.789001256227, 50136.039160490036, 68690.31500202417, 64653.00394207239, 65461.55404263735, 66498.79658687115], [19787.8405931741, 55471.14910340309, 67197.21804100275, 67723.18808072805, 67614.82574784756, 68873.17863410711, 46013.34289765358], [66056.30493426323, 70021.1469591856, 68983.18183213472, 69190.81399744749, 70032.8538044095, 44329.16794294119, 21613.24159961939], [70677.64355611801, 68276.43060386181, 64095.335599184036, 66358.80118399858, 46164.17704278231, 18621.283323332667, 56491.53639984131], [70274.9842813015, 66719.64599621296, 66955.81014692783, 41999.947321772575, 21943.219831600785, 54018.356206178665, 66555.12793898582], [67838.50527322292, 66687.4559352994, 44427.35891908407, 25480.133509337902, 52723.46270829439, 65028.897545039654, 64701.34172177315], [68892.9743925333, 43907.81183773279, 26521.89470514655, 51616.86726742983, 71307.01820772886, 67199.39582532644, 65781.11629348993], [46308.502924621105, 18691.11417838931, 50569.52863550186, 68926.73506748676, 67074.20835226774, 67037.64265096188, 68248.75668555498]]}