{"name": "(03011) suba - calle 100", "estimation_time": 18.769972678999693, "simulation_time": 2.936845918000472, "prediction": [[10181.103937983513, 9627.504627168179, 5922.571842938662, 3335.192137926817, 7825.099707245827, 9933.729929506779, 10089.821834266186], [9730.806742846966, 5916.699380338192, 3332.1092469990253, 7330.866038560867, 10570.208403110504, 10169.171569943428, 9619.042830467224], [6215.9854592084885, 2273.5466043651104, 7220.201193749905, 10170.731247901917, 9989.811163663864, 9834.302698731422, 9719.260775744915], [2596.6700705736876, 7899.509396493435, 9849.739544153214, 10251.455777645111, 10022.95464015007, 10003.227720737457, 6272.030228376389], [9455.757087051868, 10209.76158106327, 10328.208182513714, 9974.674354732037, 9944.471747636795, 5776.044960737228, 2757.9939016103745], [10423.892314136028, 10380.07803028822, 9342.047735512257, 9482.99579423666, 6142.040218770504, 2390.0119414031506, 8147.221185922623], [10888.264355361462, 9971.033613443375, 9728.613085865974, 5711.611964583397, 3122.3715855181217, 7995.33107149601, 10132.851800978184], [10176.335340976715, 9579.991385996342, 5911.069697797298, 3408.314677029848, 7646.982309281826, 9806.437689363956, 9975.013415157795], [10011.882078170776, 5983.416556209326, 3517.1636293530464, 7470.541661083698, 10666.035196006298, 10288.364744067192, 9826.4556889534], [6363.58294069767, 2400.7014610618353, 7240.214075446129, 10179.956250429153, 10297.572473704815, 10012.752759754658, 9934.424043774605]]}