{"name": "(03001) la campina", "estimation_time": 18.769972678999693, "simulation_time": 2.936845918000472, "prediction": [[11291.766011178493, 11077.913478910923, 6951.506446331739, 3450.4078731387854, 8664.106283903122, 10886.881134450436, 10843.391038239002], [11203.58479475975, 6922.6968740820885, 3563.945809304714, 8092.97802233696, 11794.77110850811, 11053.59146219492, 10724.949286699295], [7288.010535150766, 2257.0506516322494, 8051.853379845619, 11458.293367564678, 10825.696976006031, 10965.416832745075, 11200.9931884408], [2603.898568764329, 8938.384009420872, 11103.493606686592, 11237.26689428091, 11292.585722863674, 11559.825638055801, 7384.069400429726], [10806.417649924755, 11576.2989153862, 11412.175070762634, 11475.849103450775, 11673.90901184082, 6937.655880451202, 2827.712610691786], [11810.66766011715, 11404.542969465256, 10650.569233894348, 11086.2708786726, 7356.629551768303, 2378.274574160576, 9183.891318559647], [11833.82378333807, 11212.883399188519, 11269.051946759224, 6709.2585889697075, 3114.526435852051, 8822.32893627882, 11153.444787502289], [11302.660125851631, 11048.5026627779, 6949.080246120691, 3574.8609656840563, 8483.255929589272, 10768.593810737133, 10752.187866866589], [11549.335524141788, 7003.791975736618, 3788.6307948976755, 8279.092828571796, 11917.637839376926, 11212.563565254211, 10982.238487541676], [7512.074698925018, 2431.8436476439238, 8105.506437182426, 11479.630755484104, 11226.804592013359, 11212.116383254528, 11481.22992515564]]}