{"name": "(03005) suba - av. boyaca", "estimation_time": 18.769972678999693, "simulation_time": 2.936845918000472, "prediction": [[7453.723327457905, 7341.256886959076, 4647.270896106958, 2238.1605056226254, 5797.778124511242, 7201.357092440128, 7169.6403839588165], [7369.628663241863, 4583.257179439068, 2346.3917709589005, 5382.369767278433, 7848.861702442169, 7299.437255740166, 7060.367893397808], [4843.384884655476, 1490.1004057750106, 5376.7315618395805, 7635.158587396145, 7157.968104958534, 7222.72108232975, 7342.473951280117], [1754.3759036362171, 6028.7337247133255, 7433.608930587769, 7512.658577799797, 7498.840632200241, 7620.1861798763275, 4945.501061558723], [7304.4184428453445, 7811.30578571558, 7661.100531280041, 7664.211625099182, 7768.726946949959, 4725.021543502808, 1914.624854028225], [7857.715645909309, 7575.7802102565765, 7028.316691696644, 7267.505735099316, 4947.971708267927, 1518.438809454441, 6107.130342960358], [7812.79105836153, 7371.220728218555, 7374.646675288677, 4461.9665623009205, 1964.7517317682505, 5843.0715752244, 7365.336716294289], [7462.849775493145, 7325.344215929508, 4646.994402170181, 2333.2443461716175, 5681.675834774971, 7132.19555580616, 7117.738083720207], [7597.087121486664, 4633.619890242815, 2492.3130571842194, 5501.551849633455, 7926.968631148338, 7403.44377964735, 7227.057219207287], [5009.348759114742, 1620.66085806489, 5431.175089925528, 7656.301013886929, 7448.19406247139, 7402.571028530598, 7545.706507921219]]}