{"name": "(03006) niza - calle 127", "estimation_time": 18.769972678999693, "simulation_time": 2.936845918000472, "prediction": [[10004.365009903908, 9856.592570483685, 6407.375906646252, 3159.8290676027536, 7880.059606671333, 9797.928471803665, 9672.05027127266], [9930.773367226124, 6295.191903501749, 3249.744812488556, 7231.292981445789, 10462.365487456322, 9757.935226202011, 9398.95555460453], [6635.8929144740105, 2075.5076269954443, 7151.831951975822, 10059.101645588875, 9453.566190242767, 9586.195085585117, 9835.011254787445], [2352.0750468745828, 7858.193752408028, 9646.842646539211, 9763.22238200903, 9768.845999479294, 10089.191425979137, 6614.253098756075], [9415.7696377635, 9999.760469734669, 9802.17231953144, 9777.097617924213, 10112.79428088665, 6218.346413463354, 2412.2431845739484], [10274.419802367687, 9916.71951586008, 9139.378842949867, 9607.508478105068, 6664.351963490248, 2103.553108550608, 8063.043520689011], [10387.319998085499, 9700.499974131584, 9866.27034330368, 6113.839413166046, 2872.0517108738422, 7957.731020092964, 9851.833645641804], [9993.21331346035, 9810.23839944601, 6377.147664666176, 3258.7654119879007, 7700.389078497887, 9675.77073419094, 9569.925156474113], [10203.731699228287, 6335.3938799500465, 3425.9330316781998, 7365.881108283997, 10537.248976767063, 9863.90611165762, 9588.870855808258], [6779.073621422052, 2195.493594571948, 7177.569192290306, 10026.761864364147, 9764.357074737549, 9747.234914541245, 10031.001558244228]]}