{"name": "(03003) 21 angeles", "estimation_time": 18.769972678999693, "simulation_time": 2.936845918000472, "prediction": [[2720.3256375789642, 2683.677535176277, 1724.3262932896614, 866.8722489178181, 2112.425196290016, 2624.8084486722946, 2601.8068928718567], [2700.3722484111786, 1694.2385284304619, 897.9671139717102, 1972.9803608059883, 2844.800309062004, 2659.2745257616043, 2575.2345128059387], [1776.1082668304443, 576.9946151673794, 1956.8426535725594, 2764.7975350618362, 2594.233981490135, 2634.472593188286, 2684.861649990082], [659.9386942088604, 2174.1325427293777, 2688.640573143959, 2714.715203166008, 2715.8754147291183, 2775.2617354393005, 1803.3778585195541], [2618.909769177437, 2801.005134701729, 2751.9410009384155, 2764.3214787244797, 2814.8117728233337, 1722.6437253952026, 724.4320247769356], [2848.846988797188, 2749.287539243698, 2566.091619849205, 2670.9877212047577, 1821.1528379917145, 619.2486575692892, 2227.8525878190994], [2831.5826148986816, 2680.0480575561523, 2697.4586631059647, 1642.3602388501167, 761.6692217886448, 2130.2602351903915, 2671.411953687668], [2722.018349289894, 2675.890097141266, 1722.64945012331, 898.039727628231, 2070.052164912224, 2598.3053679466248, 2581.7757679224014], [2780.599592447281, 1711.7269701957703, 949.275140285492, 2014.9354870319366, 2872.1042491197586, 2696.7341334819794, 2635.2453310489655], [1829.969120144844, 619.9519705474377, 1971.3544375896454, 2768.351888179779, 2692.0750082731247, 2696.464368224144, 2754.141506075859]]}