{"name": "(03014) san martin", "estimation_time": 18.769972678999693, "simulation_time": 2.936845918000472, "prediction": [[1112.0070543289185, 1053.6553449630737, 507.6434586048126, 183.4558216035366, 829.4339287281036, 1099.6295900344849, 1078.2807216644287], [1034.5324602127075, 494.3703225851059, 183.61951714754105, 759.7844610214233, 1192.927728652954, 1101.3325560092926, 1047.03408908844], [519.3546285629272, 15.780701756477356, 754.0430035591125, 1156.5747635364532, 1056.7991588115692, 1076.9386410713196, 1059.5726594924927], [60.34919661283493, 855.5771789550781, 1120.7198677062988, 1116.2969534397125, 1112.1630296707153, 1108.7432446479797, 560.1620301008224], [1098.5491144657135, 1189.0545120239258, 1155.207862854004, 1162.5265183448792, 1128.8872804641724, 526.1776518821716, 135.29610593616962], [1195.9845118522644, 1123.6931476593018, 1045.6900844573975, 1052.1345212459564, 542.8120501041412, 57.295515924692154, 900.8220853805542], [1141.705670118332, 1069.4691410064697, 1022.8693270683289, 440.40279018878937, 80.37781420350075, 820.2642204761505, 1103.6617321968079], [1114.0697512626648, 1051.2845454216003, 512.5922765731812, 198.39574366807938, 809.6850261688232, 1087.6117284297943, 1070.761709690094], [1066.7088520526886, 498.00867831707, 201.8024131655693, 773.9112606048584, 1199.9041619300842, 1113.831619501114, 1072.0836520195007], [547.25654566288, 35.46581444144249, 755.6808729171753, 1160.958812236786, 1105.2649047374725, 1106.7846381664276, 1092.2507762908936]]}