{"name": "(03007) humedal cordoba", "estimation_time": 18.769972678999693, "simulation_time": 2.936845918000472, "prediction": [[2444.123522877693, 2399.35912668705, 1392.3114967644215, 610.6737702041864, 1843.2282156348228, 2368.8323642611504, 2327.1550706624985], [2395.162417590618, 1360.3256055414677, 622.4345567822456, 1710.5324810445309, 2573.5418051481247, 2390.8004319667816, 2309.1707307100296], [1424.7925602197647, 308.4796613510698, 1696.2467668354511, 2502.0743565559387, 2324.493179500103, 2378.390606343746, 2417.6896082758904], [393.07546000927687, 1890.5771235227585, 2422.9194834828377, 2425.772381722927, 2454.067911028862, 2500.6559834480286, 1463.0001736283302], [2319.1132407188416, 2531.9150335788727, 2464.257208943367, 2506.2921008467674, 2528.9255943894386, 1368.9624309837818, 469.03094105422497], [2574.609904706478, 2454.2760092020035, 2307.4760828614235, 2398.043863594532, 1459.763383090496, 361.36762776225805, 1946.9861901402473], [2531.286607146263, 2415.525612652302, 2409.225759744644, 1299.6737214326859, 492.5970027074218, 1851.2972786426544, 2409.712949872017], [2444.793831884861, 2390.0234444737434, 1393.4354710578918, 638.559911429882, 1801.669245004654, 2341.40848082304, 2307.991069495678], [2469.7729374170303, 1376.1511147618294, 669.3907451033592, 1749.0884898602962, 2596.725406587124, 2424.2724972367287, 2367.148609638214], [1477.0285823345184, 348.58932234719396, 1703.7557677924633, 2505.7455614209175, 2416.340538620949, 2436.946014046669, 2481.935787320137]]}