{"name": "(03013) rio negro", "estimation_time": 18.769972678999693, "simulation_time": 2.936845918000472, "prediction": [[4509.227501869202, 4248.786627173424, 2156.417776763439, 1154.9781360179186, 3454.1931567788124, 4564.045113444328, 4392.812962055206], [4207.919744670391, 2184.2809633612633, 1145.1290286034346, 3160.94756346941, 4833.228785216808, 4486.498330652714, 4274.845422923565], [2297.040570497513, 486.20345302671194, 3144.096076309681, 4704.57635563612, 4264.800642848015, 4324.877215147018, 4360.017623722553], [554.4904445558786, 3452.1613879203796, 4506.053589999676, 4330.301644027233, 4411.756627082825, 4466.078959822655, 2399.0466235280037], [4299.665646374226, 4693.485861837864, 4412.810970664024, 4536.4404473900795, 4445.473109006882, 2154.0291820168495, 807.750901773572], [4872.583191215992, 4385.519981205463, 4225.898741602898, 4256.195923507214, 2258.0221661627293, 660.8215809874237, 3706.93169516325], [4580.621570765972, 4373.575131416321, 4180.929299414158, 1992.9645047783852, 823.9337625056505, 3456.214794933796, 4590.010481595993], [4501.000245034695, 4229.40321457386, 2171.697879254818, 1187.6530315428972, 3375.2436467707157, 4502.453438162804, 4357.686811506748], [4326.8406955599785, 2205.0128851532936, 1213.7173616588116, 3223.622285991907, 4863.972468495369, 4533.64662450552, 4371.711832404137], [2387.096895992756, 544.054459862411, 3129.046353518963, 4718.629517376423, 4417.799779295921, 4417.742747187614, 4453.009601950645]]}