{"name": "(03004) gratamira", "estimation_time": 18.769972678999693, "simulation_time": 2.936845918000472, "prediction": [[1169.8477038145065, 1177.812507390976, 882.3929061889648, 414.60501474142075, 828.8727765083313, 1136.78302359581, 1143.023276925087], [1188.0867403149605, 852.7915434241295, 448.4743307828903, 749.8904030323029, 1206.7592287659645, 1185.5646076202393, 1111.285843551159], [922.9795151650906, 313.47586956620216, 722.0153538584709, 1195.996439397335, 1150.2724935412407, 1127.7753123641014, 1170.5477513074875], [332.9758897572756, 844.9684135019779, 1185.172924876213, 1195.265533387661, 1179.5789370536804, 1223.3024795651436, 953.7751025259495], [1028.0908417105675, 1264.3633729219437, 1219.2920846939087, 1213.794529736042, 1246.7562747597694, 944.5905609726906, 355.33845065534115], [1271.0641896128654, 1224.990991473198, 1136.4725648760796, 1166.16980946064, 964.0095500051975, 333.3598578721285, 854.5247450768948], [1221.1687233448029, 1154.9539509415627, 1177.5870198011398, 863.0384996235371, 348.1641485989094, 814.5091288685799, 1148.9454671144485], [1167.8995395302773, 1174.9151130914688, 877.7212022840977, 427.2172762453556, 814.6586824655533, 1122.5630884766579, 1134.8081887364388], [1227.2325320839882, 866.8086940050125, 469.5934587717056, 773.0572140216827, 1221.8810040354729, 1203.7400535345078, 1136.7996651530266], [953.4750034511089, 338.9160440117121, 737.2305863499641, 1198.5420466065407, 1192.7079133987427, 1163.158018231392, 1203.2145770788193]]}