{"name": "(04000) cabecera calle 80", "estimation_time": 18.769972678999693, "simulation_time": 2.936845918000472, "prediction": [[72794.85676467419, 72531.7448285222, 50536.98666509986, 29279.44293871522, 58506.591268122196, 70610.14473849535, 70471.98569655418], [73281.7452789545, 50169.28374642134, 30224.468849122524, 55171.08860886097, 75846.17336976528, 71511.0610370636, 69582.83315938711], [52364.54181843996, 22454.93749655038, 54890.00301128626, 73824.61276173592, 70004.48626953363, 70562.8515418768, 72752.51980519295], [24644.301892653108, 60576.94138008356, 72081.60346502066, 72890.22051876783, 72634.4643035531, 75115.33284240961, 53041.09290146828], [71319.05290549994, 74836.7006496191, 74155.01359283924, 73950.57667440176, 76229.97394895554, 51178.30712503195, 26071.840854138136], [75799.24863320589, 73873.63142985106, 69051.51824748516, 72428.14464408159, 53280.71326214075, 23275.57162798941, 61718.70024830103], [75874.71105068922, 71880.81969326735, 73334.89339578152, 48856.89641690254, 27195.5373159796, 59441.74289828539, 71926.42785912752], [72901.74612915516, 72397.4725908637, 50488.19716116786, 30059.994120150805, 57519.11830955744, 70018.6540081501, 69987.79323148727], [75309.83032608032, 50627.70422771573, 31543.975995272398, 56260.117247879505, 76590.3413670659, 72454.2513872981, 71042.04283565283], [53723.346128582954, 23580.707107901573, 55390.17855477333, 74012.92730587721, 72434.19278115034, 72072.47284501791, 74474.08652383089]]}