{"name": "(04003) avenida ciudad de cali", "estimation_time": 18.769972678999693, "simulation_time": 2.936845918000472, "prediction": [[12712.672164559364, 12521.032560110092, 8916.562948822975, 4848.710465312004, 10025.592469453812, 12086.221394777298, 12182.727273344994], [12624.304873466492, 8793.52878499031, 5161.202609539032, 9293.37625837326, 12975.988374710083, 12260.78641819954, 11827.49218904972], [9314.943515181541, 3848.3661864995956, 9269.617505908012, 12573.047128200531, 11965.586030244827, 12019.640729427338, 12172.071427345276], [4225.268888890743, 10291.543300509453, 12253.248901605606, 12482.690160870552, 12368.740064620972, 12626.825422525406, 9187.264214158058], [12140.066596627235, 12800.211337924004, 12697.850502490997, 12553.48490345478, 12773.352902412415, 8890.309971570969, 4031.9947116672993], [13058.869248747826, 12749.87713587284, 11806.149785399437, 12064.73859500885, 9310.315927505493, 3637.520009189844, 10257.368911027908], [13324.661037325859, 12440.523064255714, 12591.10777258873, 8763.032664120197, 4568.908953934908, 10158.41268146038, 12283.460391283035], [12697.201170444489, 12482.125285863876, 8876.478760242462, 4981.598133265972, 9823.07765007019, 11957.28291606903, 12068.034613251686], [12992.841393113136, 8888.778227984905, 5406.915011107922, 9497.265424132347, 13112.1572535038, 12431.677011966705, 12070.686783671379], [9528.53098154068, 4025.320960253477, 9364.333333969116, 12567.992867946625, 12376.937881708145, 12259.465817213058, 12449.024707317352]]}