{"name": "(04001) quirigua", "estimation_time": 18.769972678999693, "simulation_time": 2.936845918000472, "prediction": [[4730.090059041977, 4763.02411031723, 3511.6002300977707, 2054.8701412677765, 3798.786205768585, 4589.0903379917145, 4594.614023447037], [4788.7713034152985, 3464.39566886425, 2135.0892086029053, 3517.8226195573807, 4858.758429288864, 4639.829306125641, 4518.159516572952], [3632.9041810035706, 1645.7672412395477, 3489.1825149059296, 4730.549376964569, 4491.815177202225, 4551.78600692749, 4724.574287176132], [1735.2450433969498, 3867.2829389572144, 4627.673373222351, 4662.362922430038, 4658.06551361084, 4866.758408784866, 3684.3392152786255], [4515.115092754364, 4810.200644254684, 4726.948364019394, 4736.439395666122, 4915.997092247009, 3593.005841255188, 1815.642825961113], [4894.610286951065, 4746.452394485474, 4468.021651506424, 4670.524800777435, 3716.488172531128, 1694.0389829874039, 3957.7075691223145], [4834.655284404755, 4603.902599096298, 4732.599326372147, 3395.5611243247986, 1871.1046407818794, 3825.219573020935, 4621.477362394333], [4728.170024394989, 4749.40713095665, 3498.6862412691116, 2100.841089308262, 3734.688768863678, 4545.902582883835, 4559.268305778503], [4906.506390333176, 3486.806294798851, 2206.085976600647, 3580.8073728084564, 4895.971424341202, 4690.465727329254, 4597.212318658829], [3712.3348569869995, 1712.7247812747955, 3521.4981521368027, 4730.530252456665, 4635.133250236511, 4639.551011562347, 4822.935917854309]]}