{"name": "(04002) carrera 90", "estimation_time": 18.769972678999693, "simulation_time": 2.936845918000472, "prediction": [[7239.327168941498, 7008.327880263329, 4687.665567994118, 2338.6014662384987, 5610.760362863541, 6866.41260433197, 6932.606952548027], [7192.423245072365, 4648.073389172554, 2524.611594617367, 5279.91101205349, 7443.6663138866425, 6969.359462380409, 6790.480177640915], [5000.834624350071, 1766.4832497388124, 5245.096348166466, 7214.890448451042, 6818.943430662155, 6903.084594249725, 7006.07922744751], [2070.561943233013, 5815.377569913864, 6972.347824811935, 7113.94370508194, 7033.342196941376, 7183.501638531685, 4932.419000089169], [6955.0773767232895, 7225.336028575897, 7131.277495503426, 7035.837777495384, 7178.305956840515, 4588.385586857796, 1987.9756191968918], [7488.882540345192, 7285.578344702721, 6645.432677030563, 6885.686924695969, 4921.586924374104, 1776.922052770853, 5935.1788564920425], [7689.412556529045, 7052.727097988129, 7067.416077613831, 4567.968152105808, 2270.0269493460655, 5793.224394202232, 7142.1557359695435], [7243.103016138077, 6986.440420269966, 4670.829659044743, 2421.396336853504, 5490.318674564362, 6792.006835222244, 6867.333752155304], [7404.858399033546, 4690.660103619099, 2661.8953650593758, 5387.276803016663, 7518.590631246567, 7061.153238654137, 6936.172911167145], [5113.528418064117, 1860.949280679226, 5283.39645075798, 7204.337508440018, 7058.879893064499, 7035.732028007507, 7159.616211056709]]}