{"name": "(04101) minuto de dios", "estimation_time": 18.769972678999693, "simulation_time": 2.936845918000472, "prediction": [[7559.481988400221, 7829.665081501007, 6235.577762275934, 2075.9605868533254, 5736.478531956673, 7173.4359630942345, 7455.463698357344], [8134.708405137062, 6177.771730422974, 2781.584230363369, 5226.066956818104, 8260.303666740656, 7789.9671940505505, 7451.0315361619], [6903.67250457406, 1701.2095736339688, 5344.219178110361, 8247.357483804226, 7763.065880686045, 7684.194649010897, 7900.43189227581], [1921.8452258780599, 6512.19038695097, 8111.2394289672375, 8373.740016371012, 8076.465405970812, 8362.28855356574, 7067.926601916552], [7926.049215048552, 8560.225167870522, 8572.819678783417, 8365.91337531805, 8610.262942612171, 7113.6129485070705, 1816.8326983600855], [8598.12455624342, 8547.589605748653, 7785.691938698292, 7870.825304239988, 7317.730050384998, 1633.4207429923117, 6453.498105108738], [8583.102550506592, 7942.43184030056, 8315.245692580938, 6595.547603517771, 2076.8300742655993, 6101.072107702494, 7737.282528579235], [7608.587444573641, 7885.575915873051, 6217.306325286627, 2272.047958225012, 5655.2765038609505, 7157.076144069433, 7451.434294134378], [8534.7971367836, 6318.484327793121, 3029.092916250229, 5458.105722665787, 8439.560156464577, 8007.440534830093, 7695.078236758709], [7200.220508575439, 1928.1012020632625, 5559.3576173484325, 8280.263676792383, 8182.241600006819, 7975.673740953207, 8219.719529300928]]}