{"name": "(04105) carrera 53", "estimation_time": 18.769972678999693, "simulation_time": 2.936845918000472, "prediction": [[4558.386136233807, 4461.783862233162, 2981.583888500929, 1646.6085500568151, 3594.5032929182053, 4339.608332693577, 4367.278323888779], [4524.301935732365, 2995.9916241765022, 1740.4474902004004, 3339.9033721387386, 4636.8642011880875, 4394.473543703556, 4284.22142124176], [3171.718864828348, 1287.384825617075, 3328.3899948894978, 4461.525238573551, 4263.699034392834, 4343.326004981995, 4445.233318209648], [1448.0630809366703, 3634.0203030109406, 4303.180076956749, 4390.713395476341, 4393.908339679241, 4526.568917691708, 3122.8247774243355], [4273.958001255989, 4444.645848572254, 4390.817530035973, 4355.567981600761, 4493.971032500267, 2901.4007914066315, 1388.3727402985096], [4635.439201951027, 4521.01998436451, 4156.604518413544, 4321.891755640507, 3127.3666199445724, 1290.0064302831888, 3737.9616656303406], [4773.660359919071, 4439.242498099804, 4470.206772387028, 2933.514827698469, 1615.1667640060186, 3705.5439606308937, 4466.8652176856995], [4552.5025336146355, 4439.799138426781, 2970.0578369796276, 1687.8221142292023, 3518.7227926254272, 4290.020071983337, 4322.668996810913], [4640.082781195641, 3018.9101335406303, 1819.4730323255062, 3400.75580650568, 4674.670869648457, 4443.283878147602, 4368.164152741432], [3226.4672670066357, 1337.31820333004, 3339.7952982783318, 4449.705966055393, 4394.064884066582, 4406.755598425865, 4526.604200124741]]}