{"name": "(04106) carrera 47", "estimation_time": 18.769972678999693, "simulation_time": 2.936845918000472, "prediction": [[3575.7958332896233, 3466.5669984817505, 2522.677255690098, 1749.630246758461, 2838.3926730155945, 3419.4583357572556, 3461.219007730484], [3491.1077484488487, 2501.241175830364, 1752.230250030756, 2688.567979693413, 3564.2173005342484, 3481.088082611561, 3390.8654741048813], [2582.366503417492, 1459.8106735646725, 2644.345544397831, 3472.2816302776337, 3400.3887182474136, 3415.1933495402336, 3448.959447801113], [1512.788591235876, 2831.671277463436, 3393.648904979229, 3459.5142982006073, 3457.755406320095, 3503.805264532566, 2585.577396631241], [3215.6526017189026, 3472.548901319504, 3460.5962319374084, 3446.8981627225876, 3470.052230000496, 2433.538294196129, 1533.6562918126583], [3584.105221450329, 3523.8197537064552, 3319.519311249256, 3378.2022235393524, 2549.595604300499, 1479.3044339418411, 2892.112867474556], [3692.9635603427887, 3520.7116570472717, 3491.1619307994843, 2482.6009480953217, 1679.5499806404114, 2893.1785250902176, 3499.9596025943756], [3559.8964186906815, 3441.7362765669823, 2507.5263285040855, 1758.0755191147327, 2783.836399912834, 3373.510631620884, 3421.6391218304634], [3574.3744567632675, 2530.200678527355, 1807.3460147976875, 2737.830658555031, 3599.7964730262756, 3523.2036168575287, 3454.6301769018173], [2624.0890550017357, 1494.309625595808, 2649.3823614120483, 3472.574172139168, 3481.144406557083, 3466.493541777134, 3504.7993928790092]]}