{"name": "(04100) carrera 77", "estimation_time": 18.769972678999693, "simulation_time": 2.936845918000472, "prediction": [[16992.6157643795, 16856.74406147003, 12071.214485168457, 7439.733059048653, 13690.694200992584, 16221.33063030243, 16153.55741262436], [16975.004289865494, 12025.798513174057, 7714.94076025486, 12861.66950416565, 17314.732533216476, 16331.932048797607, 15905.593808174133], [12511.652878284454, 6009.133860111237, 12769.795136451721, 16790.304571390152, 15888.286700487137, 16069.09235239029, 16431.458694934845], [6543.279353380203, 14115.92862200737, 16520.588536024094, 16618.92775964737, 16633.37930560112, 17066.56906557083, 12468.556886911392], [16451.57695031166, 17194.322142601013, 16934.264855384827, 17025.962873220444, 17382.76831626892, 12180.056323766708, 6520.560917019844], [17411.796812534332, 16807.845505952835, 15907.712619304657, 16430.281722784042, 12536.11064696312, 5797.374885678291, 14028.751692533493], [17556.326641321182, 16774.016374111176, 17016.09511780739, 11933.46824836731, 7013.241328716278, 13855.522553920746, 16419.858791828156], [16983.71205496788, 16813.513521671295, 12052.58671283722, 7603.275364160538, 13465.667837381363, 16079.069836616516, 16039.367600679398], [17462.012113809586, 12183.068640947342, 8048.628040552139, 13147.646304607391, 17513.282901763916, 16578.77485179901, 16249.136434078217], [12840.118242740631, 6280.935396075249, 12908.624292135239, 16849.155791521072, 16434.84461259842, 16419.764738559723, 16830.40392112732]]}