{"name": "(04107) escuela militar", "estimation_time": 18.769972678999693, "simulation_time": 2.936845918000472, "prediction": [[2474.666251182556, 2512.7745161652565, 1732.7223010063171, 895.5461122095585, 1926.3709987401962, 2375.643563091755, 2377.3914757966995], [2528.8936873078346, 1712.8467660546303, 925.6394128501415, 1764.5211241841316, 2533.981499016285, 2414.40255433321, 2353.031879156828], [1812.3229793608189, 660.9102745503187, 1751.890341579914, 2462.5939776301384, 2340.4560054540634, 2384.816076487303, 2510.5417194366455], [751.8001548722386, 1990.9400244653225, 2426.4359082579613, 2476.572817146778, 2474.9406717419624, 2624.170423209667, 1859.16374284029], [2419.183223247528, 2576.0496501922607, 2546.198791563511, 2551.2117387652397, 2694.4399349093437, 1841.2127462923527, 842.9251332953572], [2574.910569369793, 2515.541032373905, 2339.2465222477913, 2500.3073447346687, 1867.9127264022827, 713.9639864265919, 2030.435637831688], [2515.9279975891113, 2389.3975611925125, 2481.904062449932, 1651.3191728889942, 777.3004436567426, 1914.1156542003155, 2368.8203574121], [2477.0388610959053, 2505.8069112300873, 1729.3657929897308, 925.9987996667624, 1891.5766037106514, 2354.4706659018993, 2360.5074224174023], [2601.511267244816, 1731.178034633398, 972.594456255436, 1802.9271119236946, 2558.460457444191, 2445.153522312641, 2404.0869937837124], [1870.5525678992271, 713.1085602790117, 1780.265477001667, 2472.5098063349724, 2433.730239748955, 2445.6500574350357, 2580.893532514572]]}