{"name": "(04108) el polo", "estimation_time": 18.769972678999693, "simulation_time": 2.936845918000472, "prediction": [[7050.024807989597, 6809.9970552921295, 3942.8012411296368, 1552.9673840776086, 5297.183728814125, 6862.853663504124, 6800.030999720097], [6838.075384438038, 3875.411975592375, 1625.702422477305, 4826.712665855885, 7422.096551954746, 6895.982785999775, 6645.5074436068535], [4143.9068457484245, 710.0869784168899, 4785.790769279003, 7152.438505828381, 6630.563940942287, 6806.119802057743, 6858.2418847084045], [936.3195557892323, 5453.714740097523, 6903.540107965469, 6943.210866212845, 7002.856786668301, 7108.579038500786, 4283.686475425959], [6810.117173075676, 7306.892967641354, 7107.397525966167, 7176.650743126869, 7169.256590008736, 4050.764540016651, 1188.0812480300665], [7390.081442177296, 7026.101172268391, 6537.867559194565, 6693.855914473534, 4205.470930278301, 797.2315667010844, 5639.532699286938], [7278.148675739765, 6844.834401488304, 6717.624885261059, 3627.8316843807697, 1163.830145187676, 5329.241358160973, 6913.01027905941], [7056.459081828594, 6798.252087235451, 3946.63730353117, 1646.980610176921, 5176.795414507389, 6787.909201979637, 6747.731397867203], [7045.530489504337, 3901.707937538624, 1750.5754219293594, 4926.32379257679, 7472.154309511185, 6977.4997099637985, 6790.036243438721], [4293.823140770197, 818.4696929939091, 4818.052492558956, 7160.005926191807, 6905.015005528927, 6966.703991293907, 7039.219522416592]]}