{"name": "(04102) avenida boyaca", "estimation_time": 18.769972678999693, "simulation_time": 2.936845918000472, "prediction": [[10586.266333162785, 11030.81747186184, 9602.449415385723, 6043.740386128426, 8695.353322058916, 10124.515795230865, 10403.341953396797], [11124.409929215908, 9420.59422904253, 6248.129828095436, 7892.086080670357, 10393.63716417551, 10321.831125319004, 10110.43167179823], [9921.381864964962, 5349.121913790703, 7733.579651415348, 9955.98322045803, 9865.799191057682, 9933.789978563786, 10724.92815643549], [5529.392112761736, 8492.695870876312, 9722.37855964899, 10117.935683190823, 10058.875352978706, 11044.16572356224, 9826.638165771961], [9506.534816920757, 10085.848769783974, 10232.691503882408, 10046.452709972858, 11095.561364233494, 9700.419497609138, 5317.6913877129555], [10258.829052448273, 10432.3623072505, 9752.317684829235, 10521.80790090561, 9942.690522372723, 5246.332341790199, 8508.388057798147], [10635.874856770039, 10042.928046762943, 10882.634613633156, 9414.138044297695, 5766.582118421793, 8611.935295641422, 9914.22997802496], [10549.153954267502, 10979.659429728985, 9513.479018807411, 6119.296721339226, 8557.48976150155, 10017.92379194498, 10291.98772329092], [11309.34534984827, 9435.01423817873, 6356.514076471329, 7986.929776370525, 10439.456076562405, 10363.220277905464, 10194.6107827425], [10018.720345318317, 5465.571906074882, 7822.449196815491, 9896.03830575943, 10079.669498443604, 10038.906819701195, 10872.874270796776]]}