{"name": "(04104) avenida 68", "estimation_time": 18.769972678999693, "simulation_time": 2.936845918000472, "prediction": [[11871.016641616821, 11643.192378759384, 7565.597723245621, 3397.198049068451, 9239.288075208664, 11349.10185265541, 11380.57861828804], [11728.635033607483, 7168.812505722046, 3650.5648961663246, 8654.738758802414, 12155.36657333374, 11444.669972896576, 11141.219848871231], [7571.132504105568, 2232.4705435037613, 8555.990286707878, 11675.285196304321, 11113.387734174728, 11358.203147888184, 11597.476677417755], [2900.6634365320206, 9402.629654884338, 11435.306500434875, 11767.88154411316, 11728.824886083603, 12054.292731285095, 7694.324159622192], [11527.342331409454, 12036.221875190735, 12129.98187661171, 11960.35579252243, 12262.12953209877, 7348.492376208305, 3119.51813852787], [12135.523760795593, 11896.874032258987, 11050.471656799316, 11414.247082233429, 7728.702955961227, 2447.506563127041, 9657.124961853027], [12219.917706727982, 11346.782294511795, 11569.966149568558, 6892.84772503376, 3019.538854122162, 9214.317954301834, 11381.055186748505], [11890.354472398758, 11603.788303613663, 7551.71201646328, 3558.1935945749283, 9033.118618249893, 11229.91582608223, 11269.782263040543], [12049.586456298828, 7213.506619930267, 3872.5873577594757, 8811.529136538506, 12253.848347902298, 11579.940507888794, 11377.989133834839], [7789.828995704651, 2425.7064619660378, 8648.031283736229, 11686.62855887413, 11572.711907148361, 11619.193475961685, 11909.419793844223]]}