{"name": "(04103) las ferias", "estimation_time": 18.769972678999693, "simulation_time": 2.936845918000472, "prediction": [[4516.481815576553, 4475.5851663947105, 3141.344834148884, 1713.5774646997452, 3612.7020500302315, 4422.519710600376, 4428.426270902157], [4494.273861885071, 3117.6985386013985, 1791.9147317409515, 3288.375737309456, 4688.251697301865, 4429.134300529957, 4307.198619008064], [3306.5017971396446, 1271.2991816103458, 3278.730435192585, 4533.916836261749, 4264.061732888222, 4348.82947987318, 4461.432372748852], [1325.169178545475, 3638.9512318372726, 4358.371167898178, 4373.997119963169, 4400.262735188007, 4561.481527090073, 3344.5746837854385], [4276.855287909508, 4508.531940817833, 4411.552493214607, 4434.248992919922, 4540.749795675278, 3190.1016706228256, 1369.4041790664196], [4641.683012187481, 4466.636474072933, 4195.224373996258, 4330.903963446617, 3322.8527693152428, 1269.2323311567307, 3750.1636904478073], [4659.056477189064, 4408.489192724228, 4461.156068503857, 3061.3143680095673, 1565.1274384260178, 3690.2087331414223, 4471.68877518177], [4503.931140899658, 4457.242686808109, 3122.3166075348854, 1752.9148889183998, 3536.620617747307, 4369.3247371912, 4383.903407037258], [4614.464815795422, 3136.5808141827583, 1865.830852329731, 3352.2201225161552, 4723.844809055328, 4478.806394815445, 4383.464718341827], [3373.586629509926, 1321.2855301946402, 3298.268376290798, 4522.520121753216, 4396.985800266266, 4417.123700380325, 4542.02603161335]]}