{"name": "(05000) portal americas", "estimation_time": 18.769972678999693, "simulation_time": 2.936845918000472, "prediction": [[88245.30370485783, 87498.02053296566, 63147.81494963169, 36234.28032109141, 71701.85135394335, 86194.58191817999, 86222.08081156015], [88213.78070420027, 62502.83639407158, 37986.615297436714, 66719.59966808558, 92121.4071944952, 86597.42929381132, 84283.79585707188], [66012.9991787672, 28499.603762298822, 66740.07746183872, 89756.6661067605, 84386.91918820143, 85166.69789469242, 87025.25987553596], [29768.901970028877, 73319.34896504879, 86581.67523634434, 86936.70966780186, 86618.6662594676, 88923.49727165699, 66103.88148319721], [85080.4946693778, 89010.18180203438, 87322.82549011707, 87218.83878701925, 88723.71597534418, 62846.25003731251, 29735.298689499497], [91333.32721614838, 88265.52844130993, 82752.49154746532, 85130.36184340715, 66163.44918709993, 27700.31111265719, 74601.53076654673], [92670.10985177755, 87475.28507113457, 88477.15381169319, 62059.74298375845, 34129.233086168766, 73591.05311584473, 88250.8709654808], [88112.27991694212, 87216.51165223122, 62803.00204837322, 37024.124257683754, 70295.03138881922, 85263.60891717672, 85433.81228071451], [90639.06699168682, 62956.81126832962, 39479.4697830081, 68023.32607352734, 92940.52886843681, 87694.19948416948, 85865.47345530987], [67324.68944633007, 29441.747258380055, 67124.84364521503, 89567.20061689615, 86987.52456623316, 86568.15403741598, 88651.33166342974]]}