{"name": "(05002) tintal", "estimation_time": 18.769972678999693, "simulation_time": 2.936845918000472, "prediction": [[19761.478171110153, 19475.326550722122, 14568.483261466026, 7205.069294214249, 15955.012652158737, 19150.479514598846, 19126.164140701294], [19861.858996152878, 14025.337551116943, 7964.299272835255, 14870.059162735939, 20475.99204325676, 19233.289009571075, 18692.162328720093], [14884.102839112282, 5725.711612671614, 14793.218899607658, 19784.245594501495, 18680.958513975143, 18967.699192285538, 19329.107982635498], [6271.807842195034, 16087.031912088394, 19114.878326416016, 19437.95986223221, 19205.382390499115, 19848.580090999603, 14774.179108381271], [19013.299304008484, 19703.009151935577, 19561.02443766594, 19196.288808822632, 19826.718009471893, 14148.176209449768, 6150.643062233925], [20250.31257367134, 19730.22295856476, 18333.002668619156, 18814.922334432602, 15095.371307849884, 5742.370488673449, 16443.73827981949], [20686.946738243103, 19133.773363351822, 19662.4110121727, 14011.236977100372, 7056.579422533512, 16323.321118116379, 19476.690420627594], [19762.64624619484, 19423.747166395187, 14457.402333140373, 7450.1240837574005, 15615.949573278427, 18937.593646764755, 18941.14640235901], [20435.106068372726, 14119.151719093323, 8339.80947393179, 15161.678813695908, 20666.03852891922, 19478.040902853012, 19054.90151977539], [15152.99020934105, 5938.110712826252, 14941.105070590973, 19680.74376654625, 19307.533736228943, 19277.982105970383, 19706.04815530777]]}