{"name": "(05001) patio bonito", "estimation_time": 18.769972678999693, "simulation_time": 2.936845918000472, "prediction": [[13334.549243450165, 13460.583230495453, 10463.065924167633, 6700.837481737137, 11192.182013988495, 13228.861018180847, 13347.12962436676], [13473.291190624237, 10355.936856746674, 7039.218145847321, 10375.596545696259, 13925.232074260712, 13349.70351266861, 12936.203227043152], [10926.437191486359, 5681.697710037231, 10345.2853307724, 13636.70588684082, 12946.74590921402, 12912.182648658752, 13304.184498786926], [5684.976852655411, 11299.338738441467, 13192.53038406372, 13268.566702365875, 13041.176830291748, 13554.754532337189, 11048.014827728271], [12784.190365314484, 13479.944045066833, 13259.983208656311, 13083.468893051147, 13409.105464458466, 10569.81314611435, 5649.901267886162], [13775.87250328064, 13387.507106781006, 12531.7806930542, 12858.929479598999, 10879.112441062927, 5445.473423600197, 11439.499223709106], [14124.550951004028, 13353.45327091217, 13605.979816436768, 10606.87981414795, 6421.301614046097, 11558.051537513733, 13630.811370372772], [13287.766035556793, 13396.385906219482, 10386.496984958649, 6787.0939655303955, 10984.392055988312, 13078.268478870392, 13214.970050811768], [13830.324738502502, 10455.103375434875, 7261.946469783783, 10587.909766674042, 14072.044521808624, 13525.335479736328, 13169.555419921875], [11102.661554336548, 5817.738635778427, 10408.531610012054, 13598.532937526703, 13293.109195709229, 13098.847987174988, 13516.65830898285]]}