{"name": "(05005) transversal 86", "estimation_time": 18.769972678999693, "simulation_time": 2.936845918000472, "prediction": [[4365.600434303284, 4324.747798919678, 2949.6798706054688, 1694.1059482097626, 3431.6649041175842, 4193.967644691467, 4201.497539520264], [4363.590080738068, 2953.140372276306, 1767.2005891799927, 3211.6609654426575, 4493.781576633453, 4271.962976932526, 4178.174403190613], [3104.7840700149536, 1316.3406279087067, 3205.6087231636047, 4381.269115447998, 4151.817558288574, 4237.421821117401, 4340.983640670776], [1414.2619024515152, 3507.744409561157, 4238.11322593689, 4274.168074607849, 4292.438929080963, 4423.695194721222, 3106.8921117782593], [4080.117582321167, 4355.379529953003, 4274.4823207855225, 4302.008894920349, 4385.215845108032, 2892.6247465610504, 1397.675220966339], [4509.969680786133, 4356.781940460205, 4080.126434326172, 4227.093744277954, 3066.531711101532, 1309.336874127388, 3584.949068069458], [4599.020851135254, 4385.437145233154, 4423.735977172852, 2968.7780714035034, 1646.388266801834, 3577.4134826660156, 4378.255640029907], [4354.229085445404, 4301.589689254761, 2935.3377256393433, 1727.0728697776794, 3359.717704296112, 4142.302601337433, 4159.070195674896], [4490.519296646118, 2991.3449935913086, 1852.9896376132965, 3286.063015937805, 4545.016665458679, 4336.045486450195, 4275.2404317855835], [3173.7111554145813, 1370.2541595697403, 3219.90629196167, 4377.072316646576, 4279.070504665375, 4312.707491397858, 4427.544868469238]]}