{"name": "(05100) banderas p. central", "estimation_time": 18.769972678999693, "simulation_time": 2.936845918000472, "prediction": [[41762.92741918564, 41262.41798913479, 25927.350540727377, 12771.850528106093, 32409.50489360094, 40287.80041760206, 40187.366649746895], [41437.10666149855, 25612.732990294695, 13259.002006560564, 30394.96746122837, 43831.75416570902, 40907.09662300348, 39738.102820277214], [26719.85599809885, 8195.397800140083, 30286.262987077236, 42555.54555249214, 40014.711997509, 40596.05543601513, 41398.13834786415], [9487.297634802759, 33530.69776004553, 41189.45080959797, 41704.25398683548, 41673.278347969055, 42647.62959456444, 27165.234702795744], [40418.252810537815, 42848.00838011503, 42408.288348674774, 42440.715604782104, 43199.86459541321, 25616.15570473671, 10434.840422973037], [43630.19008785486, 42350.52803039551, 39371.38508814573, 41060.81586486101, 27282.277196139097, 8740.65786794573, 34494.047738075256], [43813.36896508932, 41416.52354848385, 41704.82468312979, 24719.410374224186, 11388.432957693934, 33038.76633429527, 41332.124883174896], [41823.44756621122, 41152.513589441776, 25916.823389083147, 13257.905977010727, 31739.940587937832, 39879.992552280426, 39855.88282883167], [42711.28418123722, 25883.31912663579, 14090.345541745424, 31062.13776910305, 44283.98268926144, 41511.28839981556, 40697.416951179504], [27531.387591928244, 8833.145055733621, 30481.28893405199, 42617.45878380537, 41536.077105522156, 41520.33174109459, 42458.07647871971]]}