{"name": "(05103) marsella", "estimation_time": 18.769972678999693, "simulation_time": 2.936845918000472, "prediction": [[7450.465661764145, 7394.104930520058, 4730.569905638695, 2430.5233901441097, 5806.735136508942, 7308.557117700577, 7259.365551948547], [7381.472293019295, 4686.554886698723, 2481.559899777174, 5324.391581058502, 7822.805863022804, 7356.3750104904175, 7103.518092632294], [4926.754637181759, 1555.3446137160063, 5285.557073354721, 7580.107782006264, 7106.475057482719, 7209.7780393362045, 7419.118960142136], [1681.5131550878286, 5887.336834669113, 7305.215108156204, 7335.684185385704, 7357.815583109856, 7632.415880680084, 5036.2042108774185], [7098.201799869537, 7614.491232514381, 7445.765836954117, 7495.629868149757, 7668.958455681801, 4770.122717440128, 1887.3028810322285], [7778.580234050751, 7452.356196522713, 6976.687244653702, 7285.910840392113, 4988.332302808762, 1635.0877043306828, 6093.8426966667175], [7718.811089158058, 7343.383097052574, 7395.768501996994, 4533.348724961281, 2080.894879192114, 5884.4532116651535, 7401.52881026268], [7441.817766070366, 7363.892549753189, 4717.536365747452, 2499.9428105950356, 5680.23531794548, 7221.792722225189, 7191.145245909691], [7599.210359692574, 4731.789957165718, 2616.5116228163242, 5440.003108739853, 7894.82755625248, 7453.171381235123, 7261.165400505066], [5063.841202616692, 1659.053391546011, 5309.0532240867615, 7579.491809606552, 7355.601947784424, 7356.355683922768, 7585.527645349503]]}