{"name": "(05101) mandalay - cr.73", "estimation_time": 18.769972678999693, "simulation_time": 2.936845918000472, "prediction": [[2347.9584951400757, 2328.6397380828857, 1386.2264604568481, 606.5137786865234, 1775.9052963256836, 2271.1368532180786, 2262.826940536499], [2322.8478116989136, 1366.6429800987244, 631.1335105895996, 1654.7838325500488, 2480.4847259521484, 2318.319341659546, 2231.2468547821045], [1429.8927874565125, 321.8397833108902, 1644.428753376007, 2409.488856315613, 2258.693091392517, 2282.528974533081, 2333.8821334838867], [398.803956925869, 1845.871841430664, 2336.0609169006348, 2368.9107818603516, 2354.3905181884766, 2423.667127609253, 1471.1249990463257], [2273.901431083679, 2452.190668106079, 2423.4461994171143, 2416.2961597442627, 2465.0729389190674, 1395.8344192504883, 483.8354034423828], [2485.481831550598, 2406.1206312179565, 2219.8502702713013, 2327.9233951568604, 1477.4087138175964, 372.9958294034004, 1907.611228942871], [2458.937346458435, 2317.4034566879272, 2335.1547021865845, 1298.128089427948, 490.5335212945938, 1796.4618463516235, 2319.3138904571533], [2352.2000188827515, 2322.2140378952026, 1387.6599831581116, 636.2545628547668, 1737.4552364349365, 2247.8897399902344, 2244.5497817993164], [2396.896321296692, 1382.1159501075745, 678.2281763553619, 1693.0350012779236, 2506.2946434020996, 2352.7835817337036, 2288.184959411621], [1481.545817375183, 363.1490198969841, 1656.2062902450562, 2415.297519683838, 2352.188488960266, 2341.887990951538, 2400.624391555786]]}