{"name": "(05102) av. americas - av. boyaca", "estimation_time": 18.769972678999693, "simulation_time": 2.936845918000472, "prediction": [[5362.806014597416, 5374.590366661549, 3774.08984336257, 2126.402875959873, 4253.034595429897, 5212.436336457729, 5275.287049293518], [5374.416056752205, 3718.304229706526, 2176.7160711735487, 3933.282931625843, 5565.557073235512, 5327.076778292656, 5151.802616596222], [3907.353348314762, 1577.6796211972833, 3902.91184592247, 5408.262602865696, 5191.685224950314, 5205.6375341415405, 5360.643784284592], [1684.9777055084705, 4336.812519311905, 5253.802189707756, 5386.152088820934, 5324.902020573616, 5543.880007445812, 3980.91177213192], [5125.245589196682, 5470.742862403393, 5476.253131508827, 5414.974429190159, 5587.4857609272, 3836.007801324129, 1783.3880872577429], [5550.631563544273, 5467.2795714735985, 5069.972883343697, 5301.90170276165, 3978.37264585495, 1614.5923842042685, 4451.756124377251], [5594.761320531368, 5287.52346175909, 5392.16631758213, 3651.7391409277916, 1889.6193287074566, 4287.322464168072, 5264.622289419174], [5360.213915288448, 5356.771741986275, 3761.0284117162228, 2176.7057808041573, 4171.513036370277, 5160.347023487091, 5229.270307004452], [5526.581807017326, 3754.1505077779293, 2271.570369705558, 4013.2478709816933, 5620.60714918375, 5395.317855060101, 5256.984150886536], [4005.516313791275, 1658.5763758718967, 3935.2189527750015, 5409.9323271512985, 5365.3519414663315, 5310.5205582380295, 5484.054842174053]]}