{"name": "(05105) pradera", "estimation_time": 18.769972678999693, "simulation_time": 2.936845918000472, "prediction": [[13280.66107237339, 13233.973318576813, 9597.690536618233, 5127.21383446455, 10571.606026530266, 12653.022746682167, 12789.038775801659], [13331.790276408195, 9482.154889047146, 5521.104731500149, 9625.451495885849, 13381.637189030647, 12695.068692207336, 12386.05812215805], [10038.458715319633, 4055.6914919018745, 9576.952397167683, 12807.00493478775, 12089.552059412003, 12331.868313789368, 12824.353774428368], [4274.650602430105, 10547.544651269913, 12268.450122714043, 12447.897275328636, 12373.748557806015, 13040.090640425682, 9852.205887675285], [12229.654309391975, 12579.332145094872, 12403.988541603088, 12215.554518938065, 12802.49308848381, 9199.827676951885, 3968.934297502041], [13104.484629273415, 12841.02681183815, 11781.764214873314, 12340.481543183327, 9867.0377972126, 3802.5185396671295, 10713.733517169952], [13731.578197717667, 12732.008215427399, 13044.213683843613, 9326.696008086205, 4849.065711885691, 10873.228258728981, 12900.778992414474], [13230.77950322628, 13153.182461500168, 9508.744566082954, 5230.439917683601, 10319.318440198898, 12481.178369164467, 12624.005488395691], [13606.814708948135, 9477.605678677559, 5688.781120419502, 9759.335607230663, 13440.413571834564, 12779.859128832817, 12550.285645365715], [10132.683307766914, 4143.250659942627, 9593.100713133812, 12707.255875706673, 12433.610123038292, 12458.783756136894, 13006.946006655693]]}