{"name": "(05107) americas - cr.53", "estimation_time": 18.769972678999693, "simulation_time": 2.936845918000472, "prediction": [[10490.15108346939, 10221.579228878021, 7036.535789966583, 3991.9688622951508, 8450.640862464905, 10217.217643737793, 10249.50244808197], [10325.409679412842, 6973.285901069641, 4151.92883014679, 7845.8061146736145, 10910.751107215881, 10281.263178348541, 9936.09891653061], [7353.828122138977, 3009.0220650434494, 7819.702359676361, 10553.905977249146, 10017.39220905304, 10086.634428024292, 10171.589663505554], [3219.7830253839493, 8564.950821876526, 10174.883373737335, 10325.86668252945, 10228.722286224365, 10401.687116146088, 7352.591254711151], [10046.02361869812, 10457.404015541077, 10354.02267742157, 10221.846855163574, 10351.610753059387, 6924.077515125275, 3249.0373072624207], [10759.682973384857, 10492.084305286407, 9683.662888526917, 9922.996407032013, 7351.581902503967, 2994.641755104065, 8782.910403251648], [11049.693863391876, 10271.092721939087, 10282.605912685394, 6867.357839107513, 3765.3163583278656, 8674.989939212799, 10446.503669261932], [10479.885281085968, 10182.770787239075, 7002.051452636719, 4082.2664313316345, 8273.43675327301, 10101.023779392242, 10148.551445960999], [10609.941134929657, 7024.223665714264, 4332.148831129074, 7991.602602481842, 11002.080714225769, 10403.847195625305, 10125.870282649994], [7497.586836338043, 3122.0706629753113, 7855.9548716545105, 10535.32666349411, 10329.774552345276, 10246.621026992798, 10366.933179855347]]}