{"name": "(06001) modelia", "estimation_time": 18.769972678999693, "simulation_time": 2.936845918000472, "prediction": [[5806.237864732742, 5528.976634025574, 2725.158054471016, 1206.2225723862648, 4340.691476345062, 5557.47617483139, 5494.204463005066], [5572.305704832077, 2762.7666071653366, 1190.3934388160706, 4098.008884191513, 6042.887857198715, 5601.043600559235, 5457.439158916473], [2857.801939845085, 484.6925620287657, 4056.7382950782776, 5789.663191318512, 5434.545776128769, 5613.241172790527, 5630.656581401825], [798.5138612985611, 4481.773293495178, 5598.059346675873, 5681.54221534729, 5767.403606414795, 5801.190521240234, 2932.5603481531143], [5566.716302871704, 5856.603223085403, 5765.342192411423, 5849.034092903137, 5837.4011998176575, 2612.9274458885193, 984.4510690271854], [6010.214382410049, 5754.8591837883, 5334.651186704636, 5562.905556440353, 2844.476056575775, 653.3657678365707, 4695.00208735466], [6023.100209712982, 5687.4357397556305, 5538.74164557457, 2521.364806175232, 1028.3780169188976, 4439.779680490494, 5699.4355905056], [5822.826780796051, 5510.288183927536, 2750.2330759763718, 1274.4147529304028, 4241.797223567963, 5496.735046625137, 5448.3381061553955], [5733.92290854454, 2791.4559103250504, 1303.3938835263252, 4177.192148447037, 6090.763265371323, 5672.1282432079315, 5595.509074687958], [2966.364019036293, 574.5398788750172, 4059.445655107498, 5810.090501308441, 5650.764688491821, 5739.9152936935425, 5779.680769920349]]}