{"name": "(06002) normandia", "estimation_time": 18.769972678999693, "simulation_time": 2.936845918000472, "prediction": [[6257.870959818363, 6113.266022324562, 3487.253362119198, 1756.2244833558798, 4773.2232837677, 5979.324836134911, 5911.043656170368], [6185.16484439373, 3506.7885414958, 1783.6248337328434, 4543.658089637756, 6517.670719921589, 6075.878881216049, 5924.813837110996], [3635.0744947493076, 1072.5546870529652, 4530.581697046757, 6333.439337134361, 5962.2484919428825, 6085.455096185207, 6202.080169856548], [1387.9243312999606, 4981.458335638046, 6168.749732851982, 6241.18440413475, 6294.539675831795, 6402.741182267666, 3692.7915702462196], [6056.72601133585, 6429.923431456089, 6333.778972268105, 6401.564337730408, 6482.703259170055, 3409.055892109871, 1520.491304025054], [6570.973638534546, 6317.805122435093, 5891.300824224949, 6190.512337982655, 3670.0938686430454, 1209.4818687886, 5139.02176129818], [6562.040618598461, 6241.594429969788, 6238.909464657307, 3351.9182200729847, 1602.7278254702687, 4890.342852115631, 6186.308253347874], [6274.459408462048, 6093.039254307747, 3502.654847562313, 1826.4766029566526, 4675.172556400299, 5919.124508678913, 5863.72306728363], [6373.159050107002, 3554.3739753961563, 1913.2832956761122, 4643.55745279789, 6586.240061819553, 6167.070474684238, 6081.800938904285], [3766.1892743110657, 1181.3718921542168, 4553.08692407608, 6361.687565505505, 6195.945180296898, 6234.322190642357, 6373.657944202423]]}