{"name": "(06000) portal eldorado", "estimation_time": 18.769972678999693, "simulation_time": 2.936845918000472, "prediction": [[57101.58516430855, 55457.48534107208, 37081.479925751686, 21659.228257775307, 46013.83185887337, 54989.05271434784, 54816.34139919281], [56140.27601027489, 36578.06604349613, 22564.812417566776, 43795.28885984421, 58986.93132066727, 55498.107496738434, 54169.2188706398], [38085.50642693043, 16852.18267315626, 43664.46218752861, 57240.10955476761, 54358.22739863396, 55348.46631193161, 55588.92215156555], [18979.236603617668, 47160.0934650898, 55732.795803785324, 56559.07639050484, 56527.05756688118, 56956.46053695679, 38241.7037191391], [55255.441345214844, 57409.869950056076, 56902.90652179718, 56754.08652925491, 57044.876849889755, 35932.253968954086, 19339.669016838074], [58709.56020259857, 57128.53868985176, 53439.1751101017, 54737.32658648491, 38298.84181642532, 17335.579514294863, 48267.07982444763], [59704.28881192207, 56224.32542228699, 56095.682200431824, 35870.40360951424, 20920.947631835938, 47174.34153461456, 56532.840448856354], [57173.46251153946, 55304.4174053669, 37062.86495530605, 22244.49083352089, 45155.36360526085, 54475.147525310516, 54376.26292967796], [57578.97032165527, 36849.58904469013, 23546.6753616333, 44529.72638273239, 59455.17591738701, 56150.78650379181, 55250.61012530327], [38940.64002597332, 17557.312458097935, 43884.771955251694, 57260.67773485184, 56126.18527197838, 56333.64376449585, 56768.66077327728]]}