{"name": "(06107) ciudad universitaria", "estimation_time": 18.769972678999693, "simulation_time": 2.936845918000472, "prediction": [[7354.87459936738, 6982.687468349934, 3448.6971096098423, 1314.5071194246411, 5387.7815980911255, 7049.795075327158, 6959.8898013830185], [7135.545007109642, 3529.969809576869, 1525.761654049158, 5267.225588679314, 8140.368045866489, 7519.443120151758, 7274.503060549498], [3653.6241421997547, 415.25395659171045, 5313.4378597438335, 8081.988042831421, 7456.6185721457, 7625.708267986774, 7403.908329576254], [854.7939270958304, 6196.15843334794, 8088.986058115959, 8087.768635511398, 8219.559394776821, 7921.102961421013, 4220.859518826008], [7913.928307294846, 8631.021392941475, 8492.40319609642, 8803.502294778824, 8332.809136807919, 4209.294437021017, 1582.7162076085806], [8513.76870304346, 8052.954332053661, 7842.308616966009, 7715.639951169491, 4248.16840326786, 974.397796869278, 6500.289389491081], [7893.822650909424, 7799.80879214406, 7415.443105697632, 3487.4894669800997, 993.8364305701107, 5592.63546410203, 7532.046821027994], [7439.232634395361, 7041.135009765625, 3546.942507684231, 1470.9905167594552, 5328.0239852666855, 7042.862000793219, 6987.9056741297245], [7487.025563329458, 3684.9740730822086, 1766.6424838006496, 5483.14405977726, 8310.573423802853, 7738.905624479055, 7573.418841481209], [4009.890398800373, 680.0123638752848, 5454.900894403458, 8247.592152118683, 7915.607242166996, 7989.036181807518, 7786.0543411672115]]}