{"name": "(06101) el tiempo", "estimation_time": 18.769972678999693, "simulation_time": 2.936845918000472, "prediction": [[11306.86860215664, 10719.67053502798, 5979.698806345463, 3970.7370147407055, 8744.65498137474, 11011.591636896133, 10878.898847699165], [10787.544949233532, 6229.301351010799, 3834.3200841397047, 8142.786481082439, 11532.623203933239, 11073.182747781277, 10819.59218031168], [6469.628852784634, 2746.1956479102373, 8115.866604685783, 11108.17837035656, 10639.061901628971, 10976.307027161121, 11112.217688381672], [3122.925450310111, 8631.755645215511, 10639.477320671082, 10648.67144715786, 10964.553196907043, 11226.58002203703, 6492.807067930698], [10090.17197239399, 10841.524138331413, 10582.706515610218, 10794.84187501669, 10862.549399137497, 5600.19581091404, 3212.4513243734837], [11464.146973967552, 10837.908908963203, 10277.594594836235, 10626.438220024109, 6080.212152838707, 3011.5832130908966, 9131.388435542583], [11713.966981470585, 11264.589058220387, 11000.395551860332, 6047.672198653221, 3872.206300780177, 9149.322256207466, 11393.488890945911], [11260.283149540424, 10631.474543750286, 5987.623195499182, 4001.008239105344, 8539.260969936848, 10842.597003161907, 10747.051345944405], [11039.27949666977, 6294.2176204025745, 4008.8425003886223, 8280.628298997879, 11611.967518508434, 11180.683081328869, 11048.220036923885], [6594.131745874882, 2834.7228907197714, 8037.084370136261, 11100.495646715164, 10896.377513587475, 11107.825083553791, 11274.923239052296]]}