{"name": "(06100) av. rojas", "estimation_time": 18.769972678999693, "simulation_time": 2.936845918000472, "prediction": [[7023.951472938061, 6667.323483943939, 3225.8911072015762, 1519.876823246479, 5184.194374859333, 6676.920282065868, 6581.373199164867], [6767.802144885063, 3329.389634460211, 1495.0833146497607, 4939.902986645699, 7324.716022729874, 6822.784756779671, 6643.441987633705], [3459.1381340920925, 689.8149853963405, 4927.291860342026, 7100.170462012291, 6680.327554166317, 6883.170479416847, 6885.667387485504], [1075.888104967773, 5421.639572381973, 6884.30606096983, 6949.159213125706, 7089.589985489845, 7089.79357790947, 3553.3381313979626], [6705.708566665649, 7177.2243909835815, 7032.432204842567, 7198.203376710415, 7121.325085759163, 3146.1651595830917, 1277.020735219121], [7423.99211704731, 7049.694837749004, 6616.489726901054, 6836.5277725458145, 3459.2386116981506, 929.6329279616475, 5689.963305175304], [7396.433298587799, 7054.7572212815285, 6833.733914911747, 3136.237128198147, 1375.1900594756007, 5387.536787211895, 6989.950483977795], [7042.417199909687, 6642.65451747179, 3260.7592099905014, 1593.9844639897346, 5068.491114974022, 6602.716119527817, 6528.03093034029], [6989.545936346054, 3396.2301861941814, 1650.2731529027224, 5059.661744236946, 7406.769569694996, 6934.6461327672005, 6840.331680655479], [3614.9530564546585, 814.6049250587821, 4934.72509342432, 7141.806166708469, 6949.5400258898735, 7056.702425539494, 7084.4279155135155]]}