{"name": "(06108) concejo de bogota", "estimation_time": 18.769972678999693, "simulation_time": 2.936845918000472, "prediction": [[3414.37451839447, 3184.874678134918, 1403.3935463428497, 747.428194463253, 2590.578556060791, 3253.8121733665466, 3218.2228059768677], [3168.7048931121826, 1455.0042657852173, 712.176943898201, 2477.56672000885, 3572.285291671753, 3297.987061023712, 3206.6941843032837], [1472.0706870555878, 311.01323279738426, 2467.625783443451, 3434.094898700714, 3225.535201072693, 3321.7301573753357, 3243.0778155326843], [465.6017124950886, 2672.041013479233, 3311.7616968154907, 3348.417197704315, 3394.4089498519897, 3333.146436214447, 1532.0294620990753], [3286.726938724518, 3431.0402970314026, 3382.566891670227, 3429.8932766914368, 3324.2750034332275, 1313.555088043213, 607.6631411314011], [3549.005609512329, 3395.4059925079346, 3160.9083003997803, 3216.9839453697205, 1468.474452495575, 428.3128525465727, 2822.9226360321045], [3560.360661506653, 3367.9662551879883, 3180.7671432495117, 1305.6789425611496, 627.6950972676277, 2661.3576312065125, 3379.542341709137], [3417.669533729553, 3167.161021709442, 1422.8882579803467, 778.1269271969795, 2529.4695308208466, 3217.076347351074, 3189.7284502983093], [3259.6472601890564, 1475.3387401103973, 776.201090157032, 2521.4186220169067, 3600.893394470215, 3342.1692509651184, 3290.2191157341003], [1532.2000827789307, 358.60437828302383, 2454.8938295841217, 3449.0227336883545, 3348.9280767440796, 3394.2353801727295, 3327.8062195777893]]}