{"name": "(06102) salitre el greco", "estimation_time": 18.769972678999693, "simulation_time": 2.936845918000472, "prediction": [[9892.916750848293, 9859.675355732441, 6346.730888366699, 3826.008361876011, 7736.372345864773, 9448.843587219715, 9605.303112268448], [9893.798061609268, 6411.74343174696, 3782.91519638896, 7182.920352637768, 9903.535743057728, 9633.329213142395, 9389.61573600769], [6674.070150285959, 2848.4351595640182, 7079.513921141624, 9370.995167791843, 9267.511281430721, 9418.92507559061, 9864.635258257389], [3293.785456225276, 7626.016608059406, 9080.087255179882, 9486.469904601574, 9533.034932076931, 10118.007566392422, 6623.290810585022], [8983.794808804989, 9449.969822824001, 9597.456445991993, 9487.14815801382, 10091.901787936687, 6155.091503202915, 3328.097612515092], [9691.213815569878, 9720.703883171082, 8936.616422533989, 9646.759607613087, 6500.472864121199, 2977.269116103649, 7848.57164901495], [10138.144435703754, 9486.111239731312, 9822.531212329865, 6140.493005633354, 3657.1773410737514, 7779.359098136425, 9429.659901201725], [9893.755496323109, 9804.820564329624, 6349.02034252882, 3907.0873818546534, 7582.466040194035, 9340.992921173573, 9494.98435741663], [10074.050186038017, 6425.114862829447, 3914.117108643055, 7264.134918630123, 9941.810308814049, 9675.62236058712, 9529.024026095867], [6770.039170265198, 2968.5666084587574, 7077.183995068073, 9351.703324079514, 9508.790163755417, 9533.704114198685, 10038.028091490269]]}