{"name": "(06106) recinto ferial", "estimation_time": 18.769972678999693, "simulation_time": 2.936845918000472, "prediction": [[6397.9674698114395, 6140.262255311012, 3758.537011831999, 2587.4935248941183, 4906.229885339737, 5976.389456808567, 5970.6870230436325], [6434.18399566412, 3951.5936180353165, 2617.374367594719, 4797.744260430336, 6456.132388710976, 6344.433386385441, 6305.889394402504], [4029.2852028906345, 2124.1922796070576, 4702.985299348831, 6247.705576062202, 6186.085366904736, 6506.673273205757, 6530.167640507221], [2579.1107960641384, 5219.002400398254, 6292.331408083439, 6562.861783087254, 6843.586516439915, 6861.427588522434, 4325.482199668884], [6118.530733346939, 6572.280319392681, 6623.752946317196, 6926.707674384117, 6920.0895627141, 4155.372585713863, 2822.007589995861], [6763.601248204708, 6652.009027719498, 6482.669093489647, 6654.319011867046, 4302.661597430706, 2544.466113075614, 5465.634905040264], [6606.271436095238, 6588.981282711029, 6466.8445917367935, 3954.615638613701, 2644.565229266882, 5141.307744383812, 6248.29665607214], [6426.910073399544, 6138.778176724911, 3804.406663298607, 2646.4490310251713, 4845.60851162672, 5941.953730762005, 5949.555085837841], [6660.452352881432, 4090.230229526758, 2803.5218107402325, 4950.149823248386, 6573.605642676353, 6482.950695157051, 6509.04090064764], [4229.99702757597, 2306.1027043759823, 4790.10983133316, 6345.551760792732, 6427.107572555542, 6697.148452043533, 6748.47791570425]]}