{"name": "(06109) centro memoria", "estimation_time": 18.769972678999693, "simulation_time": 2.936845918000472, "prediction": [[4366.915155351162, 4166.369789123535, 2157.004896759987, 1084.623791769147, 3364.239702373743, 4210.895004570484, 4147.144982755184], [4174.057043612003, 2208.194310337305, 1113.8094263747334, 3171.5322999060154, 4601.7209213376045, 4254.305764615536, 4128.778642356396], [2311.9868481457233, 591.1042890101671, 3182.5771622657776, 4449.9361337423325, 4132.821833193302, 4253.92790979147, 4227.765789806843], [780.8167728595436, 3533.409597635269, 4327.1329553723335, 4332.488542735577, 4379.7139058709145, 4374.409876942635, 2394.248511403799], [4333.860069215298, 4522.733038425446, 4412.255570948124, 4464.251351237297, 4403.961873888969, 2203.5273706018925, 955.3687783330679], [4641.704667925835, 4398.767091155052, 4118.726550281048, 4204.994988977909, 2360.3729971647263, 741.6890810728073, 3713.3460118174553], [4543.50495839119, 4289.395425915718, 4140.588768899441, 2034.2166811525822, 915.1552722156048, 3452.540372669697, 4333.020712316036], [4379.724361777306, 4159.21434366703, 2180.5616933107376, 1139.1263756155968, 3297.6637014448643, 4174.975721180439, 4123.600805401802], [4291.608472585678, 2228.500581920147, 1191.4713471233845, 3229.689132899046, 4635.4459065794945, 4307.286563396454, 4226.173247098923], [2405.2969792485237, 666.1027929484844, 3195.220876932144, 4477.191436767578, 4306.968199074268, 4359.287030816078, 4347.3222289681435]]}