{"name": "(06111) universidades", "estimation_time": 18.769972678999693, "simulation_time": 2.936845918000472, "prediction": [[11684.357064932585, 11029.991263896227, 3915.440527483821, 1422.7437525354326, 8383.485730320215, 11680.251110047102, 11396.659620732069], [11115.520537525415, 4251.992464005947, 1669.5008322410285, 8789.231524944305, 13832.74570375681, 12625.150441974401, 12237.747585624456], [4202.435392409563, -332.0033729374409, 9143.745940357447, 14129.644323706627, 12754.577498614788, 12824.347951322794, 12558.890380263329], [516.516076810658, 10400.30843642354, 14287.611918568611, 13873.765166580677, 13987.234403789043, 13516.496984004974, 5406.059989660978], [13410.94760119915, 15071.580152630806, 14712.008454918861, 15292.885108053684, 14329.544770240784, 5024.719787582755, 2176.3554080091417], [14672.825791299343, 13557.834271788597, 13517.589328348637, 13328.134156167507, 5026.395168930292, 1023.0138265057467, 11091.3057115376], [13351.847906768322, 13650.905445814133, 12828.904158234596, 4319.1813047379255, 933.979631206952, 9062.25175523758, 13136.328224599361], [11887.001257121563, 11162.846392005682, 4178.936746314168, 1676.823422677815, 8316.561385810375, 11678.551032841206, 11481.221103042364], [11791.757563382387, 4605.014390587807, 2144.418652396649, 9225.944494307041, 14209.303857088089, 13076.99660384655, 12872.445461899042], [4941.77498921752, 199.34837585128844, 9363.874800264835, 14547.39946371317, 13632.90395462513, 13586.750616550446, 13314.121225059032]]}