{"name": "(06105) quinta paredes", "estimation_time": 18.769972678999693, "simulation_time": 2.936845918000472, "prediction": [[3846.1567873954773, 3619.914894580841, 1749.3772699832916, 856.7706906795502, 2889.0764384269714, 3694.8608541488647, 3607.5605058670044], [3652.7038378715515, 1768.178210258484, 820.6359677314758, 2740.199492454529, 4009.7625374794006, 3706.909017562866, 3608.2893385887146], [1825.951203584671, 383.35292878746986, 2718.5499415397644, 3867.914466381073, 3613.0535769462585, 3747.1114745140076, 3716.9594254493713], [570.9389159083366, 2951.1339721679688, 3730.768177986145, 3744.803366661072, 3846.948350906372, 3811.722261428833, 1865.2626357078552], [3616.327959060669, 3873.3935055732727, 3774.852240085602, 3889.134256362915, 3807.389434814453, 1634.804435968399, 675.284395813942], [4005.3246092796326, 3782.7648487091064, 3574.278245449066, 3663.537555217743, 1810.6872618198395, 480.03082501888275, 3087.3406744003296], [3991.887013912201, 3816.1937561035156, 3670.610451698303, 1657.9483828544617, 755.0909253954887, 2961.296360015869, 3808.6382727622986], [3848.5499119758606, 3601.3790469169617, 1764.423442363739, 891.8341065645218, 2819.465072154999, 3647.722242832184, 3573.041513442993], [3762.7944469451904, 1797.4408853054047, 899.7621915340424, 2799.003279209137, 4045.681416988373, 3759.8983755111694, 3706.6003160476685], [1898.7471203804016, 441.2626986205578, 2714.7783904075623, 3883.1561222076416, 3750.2243523597717, 3830.660906791687, 3812.3630509376526]]}