{"name": "(06103) can", "estimation_time": 18.769972678999693, "simulation_time": 2.936845918000472, "prediction": [[10158.454937517643, 9212.107241630554, 3532.232501015067, 2504.244607642293, 7738.582962632179, 9765.64522433281, 9497.972053170204], [9281.587166965008, 3901.135228306055, 2230.113657668233, 7466.880193829536, 10475.531877160072, 9766.215649724007, 9551.19767177105], [3868.378022044897, 1234.6100818663836, 7495.212025821209, 10030.012745141983, 9462.556382894516, 9880.511996626854, 9652.685503840446], [1859.8733356520534, 7885.621726989746, 9652.713672995567, 9618.46843111515, 9956.157445788383, 9816.59477519989, 3937.8822432756424], [9503.469263792038, 9857.111879467964, 9611.521917462349, 9850.406916320324, 9524.749652028084, 2977.849267601967, 2121.9696303009987], [10450.558512687683, 9768.383970439434, 9183.43808400631, 9391.624337613583, 3481.5662262141705, 1676.7488272413611, 8437.292798936367], [10583.633826851845, 10102.940575063229, 9421.701248764992, 3412.5882400125265, 2394.2591978162527, 8159.7315500974655, 10240.71380007267], [10150.240107655525, 9135.869535982609, 3604.4835669845343, 2543.1129360497, 7546.939749598503, 9629.582571268082, 9395.925767600536], [9511.829164803028, 3962.709832370281, 2413.961761251092, 7589.518836021423, 10553.394238829613, 9883.341588258743, 9812.109541475773], [4002.4473552703857, 1338.1602041907609, 7394.811523139477, 10085.870771288872, 9757.902932047844, 10044.64098739624, 9857.50836032629]]}