{"name": "(06104) gobernacion", "estimation_time": 18.769972678999693, "simulation_time": 2.936845918000472, "prediction": [[7537.946498513222, 6854.148724198341, 2014.716321349144, 811.0275400876999, 5503.481562256813, 7430.048804402351, 6875.126811981201], [6919.3781859874725, 2114.940581589937, 668.3621494919062, 5480.998548686504, 8108.117020845413, 7181.768179655075, 6832.632537007332], [2019.5324408710003, -177.1357545927167, 5368.695125102997, 7875.06934773922, 7064.284656763077, 7213.3193690776825, 7051.376112818718], [423.03919520042837, 5741.555174708366, 7693.927171945572, 7397.65833568573, 7549.086908817291, 7212.880581140518, 2146.4083623588085], [7291.044550657272, 8051.488711357117, 7386.778861403465, 7624.8920686244965, 7263.535922288895, 1536.7754047065973, 756.379821009934], [8302.35792529583, 7385.798728585243, 6794.682573199272, 7046.167777895927, 1962.0035126507282, 185.3273008465767, 6039.0546942949295], [7863.527796983719, 7408.020481586456, 6820.98128926754, 1669.5881886482239, 643.3447461277246, 5657.107645094395, 7785.088611364365], [7565.5362637043, 6800.753554821014, 2090.261518776417, 876.7035789489746, 5363.5799352526665, 7323.645975112915, 6814.179427146912], [7111.544584155083, 2161.997666925192, 815.2176890224218, 5584.012779712677, 8166.264211654663, 7281.227644205093, 7055.291451334953], [2157.716239064932, -51.122155256569386, 5318.543156802654, 7946.43729698658, 7365.475577235222, 7420.03652048111, 7254.979557514191]]}