{"name": "(07007) nqs - calle 38a sur", "estimation_time": 18.769972678999693, "simulation_time": 2.936845918000472, "prediction": [[16982.490639090538, 17895.784948527813, 18568.871298074722, 14021.940921366215, 15184.188884824514, 16436.317913770676, 17443.683839023113], [18000.47201859951, 18225.355354309082, 14440.548173516989, 14060.387010961771, 16324.061467200518, 16978.311786949635, 16641.90314131975], [18997.565636396408, 13554.198036849499, 13809.560997217894, 15776.922341704369, 16345.647870600224, 15965.797359883785, 17145.64654457569], [13503.699565768242, 14815.04871365428, 15650.648218333721, 16572.82145124674, 15943.104827970266, 17506.322427988052, 18821.62361317873], [15429.850799173117, 15966.339375853539, 16736.310105144978, 15794.072532862425, 17454.572250962257, 18873.438780128956, 12952.744881808758], [16050.044448822737, 17061.745851933956, 15899.411451876163, 16716.081991165876, 18939.04350924492, 13151.56270852685, 14638.404149353504], [17283.020947039127, 16166.06966111064, 17617.53058707714, 18496.31134724617, 13732.07740971446, 15092.894288480282, 16090.531222045422], [16902.04221123457, 17825.637423694134, 18371.621678233147, 14065.517315596342, 15027.586563318968, 16305.363865941763, 17265.87790477276], [18153.995117485523, 18210.502556979656, 14508.265725076199, 14136.314089775085, 16369.679844856262, 16977.106873750687, 16633.631223738194], [19028.74650233984, 13647.1862706244, 13968.850652098656, 15653.05544513464, 16499.73573192954, 16003.364785701036, 17247.19330149889]]}