{"name": "(07002) madelena", "estimation_time": 18.769972678999693, "simulation_time": 2.936845918000472, "prediction": [[15725.75449937582, 15872.7709903121, 11655.231238633394, 7161.7723905444145, 12861.7302120924, 15262.549426078796, 15369.925195217133], [15977.180374026299, 11669.405225992203, 7552.65172368288, 11944.790230125189, 16179.859164237976, 15502.477728962898, 15178.698724806309], [12361.370893418789, 6040.408440589905, 11960.030020356178, 15798.326743662357, 15002.338715910912, 15227.560130000114, 15841.129148840904], [6217.353747934103, 13009.268291473389, 15209.5808095932, 15353.559464633465, 15285.739867568016, 16027.206421911716, 12315.908149003983], [14754.253150820732, 15469.181809067726, 15207.592104792595, 15157.264774084091, 15731.122811496258, 11491.213703334332, 5942.06073628366], [16161.867935419083, 15733.577135205269, 14673.828499674797, 15325.56755143404, 12223.255940437317, 5859.985876947641, 13330.238101243973], [16643.27025306225, 15768.464018940926, 16147.150329053402, 11886.531301617622, 7032.271089658141, 13451.335933506489, 15938.143408715725], [15670.29821562767, 15775.882959604263, 11578.008164048195, 7260.485980808735, 12598.784139692783, 15080.998540401459, 15205.316407263279], [16396.541056096554, 11784.463111698627, 7824.526127964258, 12184.434517383575, 16339.859396755695, 15696.53482890129, 15466.132064759731], [12548.332961499691, 6194.1397873312235, 11989.899294704199, 15730.923941016197, 15399.347308695316, 15418.908066213131, 16076.7251714468]]}