{"name": "(07006) general santander", "estimation_time": 18.769972678999693, "simulation_time": 2.936845918000472, "prediction": [[11878.097143411636, 11859.535526394844, 8279.990667700768, 4677.37279984355, 9356.204295873642, 11388.527551233768, 11358.463250517845], [11831.838239490986, 8154.880280196667, 4841.706899762154, 8663.461239933968, 12207.593170940876, 11513.798307955265, 11163.732912480831], [8594.821423053741, 3559.3160207122564, 8630.305128216743, 11907.101573824883, 11186.919255197048, 11301.62893742323, 11585.128564834595], [3857.376993879676, 9635.700068354607, 11645.714980065823, 11701.906024456024, 11695.727777957916, 12022.289675951004, 8620.419575452805], [11372.999510586262, 12168.88953858614, 11901.97961395979, 11987.396380364895, 12216.149182260036, 8393.095761835575, 3888.7105855941772], [12323.825016856194, 11828.249194324017, 11188.535490214825, 11563.52262043953, 8671.162546038628, 3457.2611719816923, 9638.743499815464], [12268.938428223133, 11730.74291831255, 11847.065251886845, 8047.8817591667175, 4126.377541795373, 9380.179045915604, 11507.65410631895], [11864.374376356602, 11824.499779939651, 8259.056661367416, 4795.455611139536, 9185.249814212322, 11275.598056912422, 11271.639893770218], [12162.094900906086, 8237.425631284714, 5049.766697108746, 8846.119090795517, 12324.238034784794, 11666.571041584015, 11390.765552937984], [8827.225984334946, 3737.2019914388657, 8705.810360252857, 11921.224815964699, 11580.709004223347, 11550.941252171993, 11861.427703976631]]}