{"name": "(07009) sena", "estimation_time": 18.769972678999693, "simulation_time": 2.936845918000472, "prediction": [[17986.00744190812, 17842.109058082104, 13762.629213511944, 6993.132268443704, 14327.636783748865, 17136.496577590704, 17292.229627996683], [18165.780329585075, 13190.63339444995, 7497.006193727255, 13234.324881762266, 18309.64138302207, 17428.38662239909, 17001.13938677311], [13975.166050374508, 5605.5878397375345, 13089.820812374353, 17799.433890610933, 16961.68769839406, 17266.019961863756, 17528.786703675985], [6165.950109690428, 14582.790925979614, 17363.41961312294, 17896.44343930483, 17811.960102647543, 18186.354973495007, 14172.688604772091], [17382.624231755733, 18240.42617547512, 18244.190945208073, 18165.988446503878, 18543.747718662024, 14089.231853812933, 6397.315928146243], [18374.630790531635, 18088.95158919692, 17057.49707508087, 17248.295493155718, 14630.838869690895, 5790.382364682853, 14824.551857888699], [18458.506575107574, 17280.31936737895, 17550.981486469507, 13140.91211605072, 6541.843795657158, 14303.34403309226, 17167.66651916504], [17983.804948955774, 17808.93914091587, 13668.717153847218, 7238.228437297046, 14057.510355740786, 16974.757067590952, 17151.19355174899], [18659.091154664755, 13271.459286242723, 7811.014027401805, 13483.96625879407, 18452.40772280097, 17642.77038025856, 17291.152646273375], [14296.394981175661, 5860.042270489037, 13311.006167113781, 17755.462425380945, 17564.08445301652, 17632.710773676634, 17948.35321176052]]}