{"name": "(07000) portal sur", "estimation_time": 18.769972678999693, "simulation_time": 2.936845918000472, "prediction": [[64757.985584914684, 64657.85992437601, 46325.96001112461, 29045.052151322365, 53433.412496209145, 63894.08865594864, 63994.27141803503], [65099.68885999918, 46543.513101160526, 30224.54362437129, 49465.33838957548, 67584.17720121145, 64370.787603378296, 62862.04670280218], [49535.93493640423, 23555.08094751835, 49804.66243350506, 66157.46457731724, 62276.88146209717, 63186.43298184872, 65244.21668404341], [24324.422471925616, 54519.04996204376, 63778.328591644764, 63749.44282203913, 63660.608040869236, 66318.05316334963, 50069.92196327448], [62343.78163540363, 64964.51426947117, 63564.27392309904, 63794.91849464178, 65238.63976621628, 46988.39506620169, 24104.588175058365], [67165.24979299307, 64477.498975753784, 60950.12319409847, 63028.3873180747, 48897.17037624121, 23155.62136030197, 55904.63043773174], [68352.75641995668, 65049.713585436344, 65963.29647445679, 47291.63854551315, 27819.64722713828, 55682.973649799824, 66176.738253057], [64567.47198110819, 64351.55580210686, 46105.56326401234, 29494.692578673363, 52393.07559156418, 63171.537091434, 63389.52796000242], [66815.09929561615, 46942.87751913071, 31291.368033617735, 50429.189674437046, 68195.34267997742, 65146.40173280239, 64025.555452644825], [50457.19227343798, 24237.315964266658, 49967.84342980385, 66028.2285477519, 64023.69394218922, 64083.38028663397, 66305.34616559744]]}