{"name": "(07008) nqs - calle 30 sur", "estimation_time": 18.769972678999693, "simulation_time": 2.936845918000472, "prediction": [[10384.156809568405, 10552.030577480793, 7651.5714828372, 4155.786390244961, 8156.403561383486, 10016.237907886505, 10068.099504768848], [10544.14118885994, 7491.312072336674, 4377.238651022315, 7507.450575828552, 10691.46775764227, 10201.800189614296, 9942.974875867367], [7924.663357526064, 3181.3672093749046, 7439.574330568314, 10453.694170475006, 9843.850713908672, 10003.739469766617, 10408.967903137207], [3402.3527367264032, 8391.915426671505, 10255.575165867805, 10354.440689206123, 10341.879412829876, 10817.487604022026, 8151.840957552195], [10062.500525057316, 10833.376575887203, 10650.87788683176, 10732.962863624096, 11093.690883100033, 8081.731222093105, 3719.372764594853], [10862.648274958134, 10551.440444290638, 9987.369648635387, 10416.715222656727, 8210.838339328766, 3310.764612033963, 8555.88138359785], [10542.919941008091, 10055.617459237576, 10345.73895674944, 7314.956961214542, 3524.2767127007246, 8051.835693955421, 9994.747224211693], [10397.203488707542, 10542.87622743845, 7643.62927365303, 4289.71611598134, 8030.675138801336, 9935.907848775387, 10010.94856595993], [10821.018385469913, 7546.041006177664, 4540.705544695258, 7654.247117578983, 10777.56982934475, 10317.246816337109, 10121.669573664665], [8151.801797479391, 3370.794271543622, 7544.311588078737, 10475.350601434708, 10210.860737621784, 10244.834377527237, 10670.509833097458]]}