{"name": "(07003) sevillana", "estimation_time": 18.769972678999693, "simulation_time": 2.936845918000472, "prediction": [[8406.483044624329, 8535.644585132599, 6352.446025848389, 4101.997435569763, 6928.787436008453, 8209.773201942444, 8255.208957195282], [8539.406530380249, 6355.528871536255, 4266.616228818893, 6410.542860031128, 8613.86300611496, 8257.540798664093, 8131.820561885834], [6737.0347537994385, 3455.34764957428, 6452.284846305847, 8464.991599559784, 7953.21098613739, 8082.613274097443, 8509.505909919739], [3485.23149228096, 7025.669110774994, 8170.161724090576, 8115.904066085815, 8112.365291595459, 8588.358157157898, 6766.6797132492065], [7884.927658557892, 8264.753102302551, 8037.8843150138855, 8093.131594181061, 8415.810943126678, 6318.398370742798, 3367.6776274442673], [8595.382976055145, 8226.133376121521, 7832.581066608429, 8210.143377780914, 6594.095215320587, 3308.5685354471207, 7168.790807723999], [8782.494878292084, 8434.220133781433, 8657.340291500092, 6477.336429595947, 3920.1169967651367, 7220.296381473541, 8537.305316448212], [8363.74451303482, 8477.169585704803, 6307.228647708893, 4141.950593709946, 6791.0191740989685, 8107.331965446472, 8165.318013191223], [8738.99042892456, 6399.817348003387, 4388.263199806213, 6526.095777988434, 8685.92425775528, 8345.336920261383, 8264.855899333954], [6830.858083724976, 3524.015001296997, 6456.24652671814, 8429.983617782593, 8150.594069480896, 8175.363360404968, 8618.433479309082]]}