{"name": "(07010) bosa", "estimation_time": 18.769972678999693, "simulation_time": 2.936845918000472, "prediction": [[3256.327701807022, 3267.0641105771065, 2627.0980057120323, 2154.1156173348427, 2845.5858303308487, 3349.6244202256203, 3340.398665845394], [3205.200414419174, 2560.4951338768005, 2101.624461889267, 2608.6387167572975, 3316.330634832382, 3305.6590610146523, 3218.477056622505], [2715.7496888041496, 1845.96909314394, 2633.072157561779, 3291.3738462924957, 3188.5150097608566, 3152.759830236435, 3322.799607038498], [1738.87056940794, 2737.9209084510803, 3175.5563181638718, 3166.5253279805183, 3154.8065400123596, 3319.4852442741394, 2753.409978568554], [2924.9562603235245, 3139.414203643799, 3057.549184024334, 3100.8929057121277, 3201.360888540745, 2542.6491835713387, 1648.2816179394722], [3247.321867585182, 3009.0949120521545, 3030.99226886034, 3119.2150039076805, 2509.1305505633354, 1686.526459634304, 2762.5436673164368], [3469.927230358124, 3447.695843875408, 3495.267582476139, 2854.397678375244, 2110.7101727724075, 2959.5674919486046, 3503.7316558361053], [3216.8455498814583, 3226.3949603438377, 2595.159270823002, 2132.149276137352, 2783.364763915539, 3288.526295185089, 3288.687604546547], [3283.9336465001106, 2599.7879677414894, 2154.213518112898, 2664.058856010437, 3359.3102434277534, 3349.0224925279617, 3280.747656941414], [2736.4297045469284, 1851.2873746156693, 2610.965254187584, 3270.8673288822174, 3225.5938596725464, 3170.24815094471, 3339.6022332906723]]}