{"name": "(07004) venecia", "estimation_time": 18.769972678999693, "simulation_time": 2.936845918000472, "prediction": [[22826.76540994644, 23318.37196779251, 19148.759555339813, 11083.621705770493, 18700.711505889893, 21952.284789562225, 22268.719789028168], [23378.73313331604, 18678.85582304001, 11735.83543252945, 17022.42711496353, 23045.575544834137, 22034.674876213074, 21705.212067127228], [19788.592568397522, 9543.539242506027, 17022.431482315063, 22377.0257396698, 21233.29207420349, 21600.35195684433, 22687.439617156982], [9657.449233055115, 18833.171822071075, 21654.186843395233, 21851.754180431366, 21878.1184258461, 23114.461780548096, 19698.00059556961], [21409.326912403107, 22412.578892707825, 22027.05530357361, 21984.480905056, 23144.316995620728, 19178.987451076508, 9318.381162166595], [22847.532166481018, 22391.270584583282, 21119.193559646606, 21997.25977563858, 19875.523244857788, 8985.436846017838, 18907.591492176056], [23198.9714884758, 22075.457204818726, 23029.69585466385, 18556.112864017487, 10385.833209991455, 18863.86993598938, 22048.592169761658], [22740.562625408173, 23229.08437728882, 18966.588588237762, 11276.827514410019, 18351.911520004272, 21701.384811401367, 22034.083827972412], [23889.2605137825, 18718.204204559326, 12034.505501747131, 17293.306270599365, 23184.668412208557, 22224.383892059326, 21959.027980327606], [20044.19763994217, 9730.68243932724, 17170.109107017517, 22238.746655464172, 21798.619525909424, 21861.390013694763, 23000.8625998497]]}