{"name": "(07001) perdomo", "estimation_time": 18.769972678999693, "simulation_time": 2.936845918000472, "prediction": [[14879.557626843452, 14759.39786016941, 10707.74162453413, 6672.420484364033, 12115.97448027134, 14155.059106349945, 14252.66006720066], [14976.919474124908, 10640.646876811981, 6950.755956351757, 11508.555319905281, 15072.78530216217, 14360.434790611267, 14153.436252951622], [11138.245333313942, 5626.862614989281, 11470.819040179253, 14662.246016979218, 14029.272893428802, 14281.423350334167, 14683.279694080353], [6144.51568248868, 12450.465254187584, 14319.328049182892, 14603.85864186287, 14546.693864822388, 15011.930898785591, 11083.460256099701], [14287.940754532814, 14698.392711281776, 14622.530292749405, 14541.208807468414, 14965.955597162247, 10479.296159148216, 6053.742193758488], [15134.40486896038, 14869.80699133873, 13881.821951508522, 14477.897772073746, 11078.008466720581, 5676.129366874695, 12680.81375169754], [15534.556228995323, 14654.359427690506, 14914.028446912766, 10545.536855578423, 6542.319311141968, 12470.238906741142, 14624.059579968452], [14869.935904741287, 14695.884098052979, 10663.43180090189, 6792.972709178925, 11891.918828129768, 14015.091379523277, 14125.009808063507], [15357.196338057518, 10739.092532336712, 7213.674840867519, 11718.282871127129, 15221.188539862633, 14542.18709385395, 14432.343518257141], [11349.94401204586, 5816.22600710392, 11550.247369766235, 14664.301354050636, 14457.395342946053, 14522.590177416801, 14977.460078716278]]}