{"name": "(07005) alqueria", "estimation_time": 18.769972678999693, "simulation_time": 2.936845918000472, "prediction": [[16092.751926541328, 16438.55776977539, 13260.736537456512, 7314.992979884148, 12885.115864634514, 15601.887413978577, 15837.105073571205], [16594.68377995491, 13052.402368426323, 7901.018488705158, 11631.176632761955, 16469.347730398178, 15822.214505553246, 15458.080361008644], [14078.803097605705, 6209.6110963225365, 11653.78401517868, 16149.359075903893, 15237.93858397007, 15419.057281851768, 16187.320808172226], [6202.4958109259605, 13118.087948083878, 15638.304197788239, 15705.805265307426, 15674.167019963264, 16526.76451599598, 14168.912538528442], [14976.161486506462, 16070.33283162117, 15651.940176486969, 15699.397544503212, 16341.45889878273, 13620.747185826302, 5867.409719914198], [16545.875696897507, 16041.912320494652, 15137.55161869526, 15627.919646859169, 14127.380280733109, 5796.053465902805, 13186.800001502037], [16801.247055530548, 15949.534510731697, 16561.24887549877, 13356.233973741531, 6905.281864821911, 13246.915244221687, 16009.43669128418], [16018.445752501488, 16370.146976351738, 13125.68386209011, 7451.229884505272, 12627.207579731941, 15406.526253461838, 15669.087221503258], [17042.330366134644, 13138.965067505836, 8155.200167655945, 11887.1871778965, 16616.613327383995, 16010.359300017357, 15698.925834774971], [14317.633895158768, 6382.894061386585, 11780.768075823784, 16067.601671934128, 15679.812671899796, 15654.932956695557, 16447.813586711884]]}