{"name": "(07112) comuneros", "estimation_time": 18.769972678999693, "simulation_time": 2.936845918000472, "prediction": [[9463.786388099194, 9169.395995855331, 7321.162559479475, 3640.4475644528866, 7375.945149719715, 8811.156243681908, 9049.682520091534], [9477.007949054241, 7052.771311163902, 4027.6327334195375, 6816.3381305933, 9335.536769866943, 9020.451518535614, 8887.165910124779], [7553.929046332836, 3088.277077153325, 6768.701320260763, 8991.02257514, 8738.108550310135, 8956.6331615448, 9107.530824005604], [3431.539428859949, 7461.496964246035, 8741.672298371792, 9157.240459024906, 9098.177475869656, 9381.541156232357, 7491.494294852018], [8790.475693643093, 9075.201118469238, 9236.351214289665, 9063.776933014393, 9380.83603811264, 7252.135708779097, 3292.728341564536], [9329.949086368084, 9353.109076559544, 8729.151085853577, 8836.248750388622, 7613.808837682009, 3078.925915122032, 7561.635263979435], [9745.622180044651, 9001.597757041454, 9189.460461854935, 7020.216238111258, 3586.1630086004734, 7495.283807903528, 8935.136200785637], [9451.367723762989, 9151.523994088173, 7252.220370650291, 3755.0038205981255, 7221.354560285807, 8716.187882721424, 8955.736461162567], [9726.04342675209, 7087.472741514444, 4193.413396373391, 6935.995165109634, 9407.207614779472, 9116.01449996233, 9022.143961012363], [7680.99141100049, 3189.5620881468058, 6872.166871279478, 8938.219005823135, 9022.665446341038, 9101.311952471733, 9283.939135372639]]}