{"name": "(07104) simon bolivar", "estimation_time": 18.769972678999693, "simulation_time": 2.936845918000472, "prediction": [[9868.326302528381, 9584.226754665375, 6787.4108872413635, 2831.4838359355927, 7671.596467256546, 9286.779728889465, 9408.014503479004], [9845.077751636505, 6657.932986974716, 3273.005177140236, 6985.540483951569, 10111.235857963562, 9481.34546136856, 9286.631506443024], [7262.324461698532, 2204.826366662979, 7035.843360185623, 9775.20438528061, 9165.819025993347, 9517.913523674011, 9574.35364818573], [2510.372956752777, 7875.0424954891205, 9367.478927135468, 9623.886047363281, 9625.086742401123, 9820.76181268692, 7186.972924232483], [9471.884394645691, 9754.676042556763, 9594.650801181793, 9568.955181598663, 9716.604314804077, 6790.125502109528, 2288.6978981494904], [10081.73865890503, 9824.85424375534, 9112.389961242676, 9208.430648803711, 7290.379987716675, 2105.2501309514046, 8052.464763879776], [10426.642037391663, 9683.552573680878, 9681.73288679123, 6735.084168672562, 2829.059373497963, 7990.857362508774, 9654.331310749054], [9859.934488296509, 9563.819600105286, 6730.836523532867, 2972.676436662674, 7491.103011131287, 9180.76245880127, 9313.729179859161], [10163.416684627533, 6712.415456533432, 3479.2338720560074, 7146.656884908676, 10207.97291135788, 9616.81891298294, 9478.40338563919], [7429.827478885651, 2316.5512496829033, 7124.501358032227, 9721.72591304779, 9511.87462425232, 9681.194997787476, 9780.61683511734]]}