{"name": "(07109) cad", "estimation_time": 18.769972678999693, "simulation_time": 2.936845918000472, "prediction": [[13547.827889859676, 12823.486115515232, 8829.488059461117, 6312.919834315777, 10760.685790538788, 13363.628120779991, 13209.234480381012], [13165.46485042572, 8935.215714514256, 6315.159327566624, 10250.149924695492, 13888.38061439991, 13496.413259863853, 12940.213179826736], [9298.961879402399, 5301.464252844453, 10014.343265414238, 13500.65940862894, 13115.500384092331, 13147.755656599998, 13173.246075034142], [5820.334695219994, 10971.224241673946, 13429.342465877533, 13494.317720234394, 13605.093413352966, 13707.922673344612, 9659.59130346775], [12838.89011913538, 14094.677747428417, 13725.828958034515, 13731.358129680157, 13702.290125608444, 9250.309902966022, 6249.835299670696], [14162.009396970272, 13644.457482814789, 12832.242166996002, 12997.194660604, 9300.771444052458, 5709.237763315439, 11227.178611159325], [14062.501697719097, 13351.937927365303, 13039.114148378372, 8817.619131684303, 6160.100022435188, 10983.114424347878, 13585.07902932167], [13549.706049859524, 12789.57006263733, 8854.083839952946, 6388.649583548307, 10604.86420750618, 13220.060952067375, 13114.758394956589], [13514.456735253334, 9087.775636970997, 6558.85928273201, 10470.896523237228, 14041.991688132286, 13672.559355199337, 13219.208823919296], [9574.254823803902, 5545.622154429555, 10124.34895157814, 13628.479596972466, 13517.254652619362, 13455.252185463905, 13483.853547930717]]}