{"name": "(07102) nqs - calle 75", "estimation_time": 18.769972678999693, "simulation_time": 2.936845918000472, "prediction": [[7533.997069954872, 7171.588184475899, 4077.5687052607536, 2006.3923269212246, 5823.3181763887405, 7399.055714130402, 7281.000002384186], [7253.048341393471, 4123.579294741154, 2057.481746315956, 5380.7862005233765, 7943.663433790207, 7383.74744784832, 7119.053119778633], [4416.049559235573, 1199.6543711423874, 5394.839778780937, 7691.261538743973, 7156.23117351532, 7311.188069224358, 7306.214649677277], [1472.1713670790195, 5966.697236061096, 7385.337499260902, 7375.468651652336, 7460.7708641290665, 7484.412033200264, 4475.296522438526], [7219.226358771324, 7665.278187870979, 7394.111053943634, 7455.457694172859, 7376.5322605371475, 4035.8383859992027, 1550.8239523768425], [7924.613525986671, 7475.7267063856125, 6942.902525305748, 7059.328215003014, 4342.644947886467, 1283.2675805091858, 6172.6844482421875], [7950.964411735535, 7446.6119973659515, 7245.3929896354675, 3977.655031681061, 1833.4270753264427, 6022.993440151215, 7618.6451288461685], [7523.224008560181, 7135.920728325844, 4072.7034988999367, 2070.3797101080418, 5677.797762989998, 7296.057233572006, 7203.123066782951], [7465.9616849422455, 4161.690809071064, 2196.386288225651, 5492.864839792252, 8004.809245944023, 7474.845402598381, 7279.399227142334], [4540.093067288399, 1289.751841366291, 5401.636249303818, 7695.418484926224, 7407.982327103615, 7449.138921499252, 7462.451580643654]]}