{"name": "(07101) castellana", "estimation_time": 18.769972678999693, "simulation_time": 2.936845918000472, "prediction": [[4290.5802028775215, 3863.335114657879, 1868.2621048390865, 1305.2443102449179, 3337.8468869924545, 4350.60980373621, 4233.165701985359], [3881.9029763936996, 1973.474154561758, 1235.9128492474556, 3091.7498866915703, 4541.797253906727, 4342.921320617199, 4177.847810566425], [2070.161650955677, 723.504496499896, 3130.6016730070114, 4402.438950717449, 4128.359934687614, 4239.75955593586, 4149.039504230022], [786.490840010345, 3306.3256846666336, 4176.820094466209, 4100.416007936001, 4227.04023951292, 4200.7499234080315, 2141.38117569685], [3920.1854869127274, 4211.984456002712, 4060.913277566433, 4176.138953745365, 3967.8028851747513, 1714.1187587082386, 887.3048567473888], [4463.122240781784, 4068.2997940182686, 3976.923994243145, 3849.862597286701, 1818.3113277852535, 827.1506088525057, 3560.399752140045], [4564.255338490009, 4437.529536306858, 4125.136783659458, 1980.3718624711037, 1222.220548182726, 3562.1772377490997, 4550.593405663967], [4265.78393548727, 3834.284891843796, 1877.923837184906, 1310.3810034543276, 3250.942939043045, 4277.113175809383, 4183.1500707268715], [3993.070289194584, 2005.5920841991901, 1309.6222264170647, 3154.8821950554848, 4579.064058363438, 4396.372509002686, 4280.789276838303], [2125.9722970724106, 741.4360835850239, 3081.2469369769096, 4402.267721891403, 4233.092612326145, 4294.99406337738, 4211.121792137623]]}