{"name": "(07108) av. el dorado", "estimation_time": 18.769972678999693, "simulation_time": 2.936845918000472, "prediction": [[5824.22398352623, 5368.723428010941, 2957.377234518528, 1424.0739260315895, 4431.498608529568, 5528.310897231102, 5549.1653698682785], [5418.7407059669495, 2867.21999001503, 1496.4679985046387, 4239.202129125595, 6014.995296120644, 5642.997979044914, 5404.915485620499], [2967.5279436707497, 839.4772887825966, 4195.602443575859, 5807.051987886429, 5561.558452606201, 5611.537039518356, 5378.398464918137], [1113.231857791543, 4544.327666759491, 5663.401814818382, 5835.980939984322, 5765.277040243149, 5563.462848544121, 3076.990312099457], [5610.6175582408905, 5923.728244543076, 5951.656350374222, 5846.835484743118, 5607.133088350296, 2815.5680154561996, 1301.9059593379498], [6008.75352036953, 5879.397412061691, 5372.936199903488, 5313.124397993088, 3012.446254134178, 940.5764885097742, 4734.060864508152], [6122.584847331047, 5647.915724515915, 5359.621928930283, 2692.4750198721886, 1279.2606745809317, 4513.884074091911, 5684.618162512779], [5828.399202346802, 5345.890591263771, 2964.9475924372673, 1486.2015007138252, 4326.79097110033, 5466.1890124082565, 5495.379129052162], [5592.248416185379, 2914.36872535944, 1622.837997481227, 4327.896795272827, 6081.050011754036, 5735.035437583923, 5547.370788216591], [3067.6916593909264, 920.2141887098551, 4214.997182786465, 5826.789541125298, 5782.138369560242, 5743.293699502945, 5532.024668455124]]}