{"name": "(07105) movistar arena", "estimation_time": 18.769972678999693, "simulation_time": 2.936845918000472, "prediction": [[6536.704145908356, 6348.305053949356, 4513.3105363845825, 2850.305095553398, 5154.497479438782, 6368.282237291336, 6376.299053668976], [6473.931364059448, 4559.030457377434, 2937.4028643369675, 4780.791883111, 6656.406795024872, 6480.673949956894, 6227.503732681274], [4839.318445563316, 2383.3254113197327, 4709.740770697594, 6458.759894609451, 6278.97097492218, 6318.27520275116, 6440.332521438599], [2511.0039826631546, 5092.6358296871185, 6246.273366451263, 6353.276949167252, 6375.550456285477, 6554.19850730896, 4857.231385946274], [5867.066855669022, 6436.640587091446, 6295.130676269531, 6263.254597425461, 6382.624883890152, 4491.455087304115, 2442.3929747343063], [6733.485757350922, 6513.0110647678375, 6056.248406410217, 6171.650136947632, 4740.5119260549545, 2411.406018078327, 5248.555068016052], [6893.918459653854, 6480.431710720062, 6488.550111293793, 4643.399518370628, 2876.6456171274185, 5361.339051961899, 6589.72328209877], [6509.200355052948, 6306.734196186066, 4485.447033286095, 2878.590303301811, 5046.357195615768, 6275.259765625, 6299.913989543915], [6653.854166507721, 4626.409691810608, 3055.887544989586, 4889.007703900337, 6729.147851705551, 6565.869750022888, 6358.938054084778], [4925.02372944355, 2456.7866739034653, 4726.485753297806, 6447.525724411011, 6434.1879799366, 6411.810283899307, 6544.8694314956665]]}