{"name": "(07110) paloquemao", "estimation_time": 18.769972678999693, "simulation_time": 2.936845918000472, "prediction": [[13596.574877679348, 13299.101416647434, 8621.598438084126, 5027.642023220658, 10637.335177659988, 13082.522025883198, 13157.23629051447], [13403.752507209778, 8723.376738131046, 5148.061141490936, 9830.897187709808, 13888.127094089985, 13295.614790439606, 13002.131261408329], [9199.720143556595, 3756.3305721133947, 9823.040682971478, 13436.008487284184, 12849.661186158657, 13171.004171133041, 13397.912186264992], [4047.377755701542, 10687.023301899433, 12938.921975076199, 13143.689469695091, 13288.810293495655, 13654.284314632416, 9213.558092236519], [12509.395877122879, 13285.123331844807, 13115.25565302372, 13228.436296463013, 13398.375030219555, 8448.23278400302, 4019.4282474964857], [13846.140535354614, 13383.722910404205, 12592.01105582714, 12910.141765594482, 8975.634588360786, 3770.0794554054737, 11068.144211947918], [14206.530181109905, 13529.429937422276, 13538.248644411564, 8696.52488064766, 4825.126575306058, 11013.272038042545, 13487.863787055016], [13556.647925198078, 13218.777759611607, 8588.434040397406, 5121.74663695693, 10401.498912513256, 12909.22002518177, 13010.479229450226], [13783.160203814507, 8828.966345965862, 5401.08529946208, 10044.029427230358, 14026.549016475677, 13475.403514623642, 13290.62614184618], [9391.966179549694, 3904.4258344620466, 9830.483687460423, 13410.0201446414, 13220.102144658566, 13372.066940367222, 13646.053784608841]]}