{"name": "(07103) av. chile", "estimation_time": 18.769972678999693, "simulation_time": 2.936845918000472, "prediction": [[14552.274957418442, 13985.700571417809, 8879.773035407066, 5118.786669820547, 11620.982252955437, 14225.50656080246, 14151.561683535576], [14102.974116325378, 8973.735195994377, 5273.376387476921, 10747.476752758026, 15164.466473221779, 14219.344276428223, 13801.199647665024], [9509.777879834175, 3728.668019682169, 10770.808418869972, 14691.91086781025, 13788.986628770828, 14045.301151514053, 14092.594064354897], [4049.4456820786, 11747.077532172203, 14066.324918746948, 14095.01689338684, 14174.989688158035, 14313.828693151474, 9524.308093428612], [13829.040632128716, 14457.147438883781, 14063.326593875885, 14111.931062579155, 14064.133640170097, 8708.019640266895, 4067.8412671387196], [15065.498935461044, 14361.817947506905, 13371.177494645119, 13605.234441161156, 9298.202454328537, 3723.661586165428, 12156.47394812107], [15291.275840520859, 14364.026127576828, 14081.190626978874, 8775.771387934685, 4835.776027500629, 12030.714163541794, 14673.469648718834], [14516.997316002846, 13915.91515159607, 8847.778509020805, 5221.7879601716995, 11357.456708192825, 14039.819997310638, 14000.392194271088], [14491.500568628311, 9049.194447040558, 5523.356653153896, 10952.443694472313, 15285.841165423393, 14388.940618515015, 14078.099343895912], [9704.445896744728, 3861.10157006979, 10771.433774113655, 14666.548487305641, 14203.639409065247, 14249.934288740158, 14334.947953820229]]}