{"name": "(07106) el campin", "estimation_time": 18.769972678999693, "simulation_time": 2.936845918000472, "prediction": [[11470.055458784103, 11115.466345191002, 8730.195513516665, 5181.8349967598915, 8648.058957666159, 10854.21284031868, 10993.300137221813], [11470.37821507454, 8660.098849713802, 5502.528303772211, 8064.180036097765, 11362.243049621582, 11168.49579411745, 10773.016016960144], [9147.43329590559, 4568.298412948847, 7851.055595010519, 11017.16343843937, 10791.632560431957, 10863.506843864918, 11063.467157959938], [4831.77972343564, 8693.758985161781, 10829.317309379578, 11076.945185124874, 11097.77379000187, 11367.243804097176, 9233.43308711052], [10074.61568504572, 11351.850887477398, 11106.555122733116, 11036.56817638874, 11293.343437731266, 8862.209232389927, 4724.043329283595], [11549.593236088753, 11377.491316318512, 10594.549500584602, 10722.124828457832, 9078.771815180779, 4549.601180404425, 8720.2638694942], [11900.420467674732, 11185.158087611198, 11197.637341499329, 8736.152236700058, 5196.997162312269, 8938.480086266994, 11188.331529796124], [11434.237382650375, 11069.692024707794, 8663.314604461193, 5253.196609377861, 8494.692154943943, 10705.116162359715, 10878.838751673698], [11781.992525398731, 8776.28078213334, 5705.059844046831, 8258.54475980997, 11493.266359329224, 11317.939828693867, 10977.643505096436], [9320.499548494816, 4722.504578828812, 7962.709591239691, 11025.005038678646, 11087.88544255495, 11075.427836954594, 11276.078928232193]]}