{"name": "(07107) u. nacional", "estimation_time": 18.769972678999693, "simulation_time": 2.936845918000472, "prediction": [[13516.588599205017, 12265.419178009033, 5524.104723870754, 1647.629891961813, 9597.897840976715, 13271.050989151001, 13130.508311510086], [12404.741184473038, 5598.152927875519, 2225.435652703047, 9563.546274065971, 15476.697890758514, 14173.578451871872, 13254.300520896912], [5881.6207102537155, 2.0879433304071426, 9826.422842979431, 15667.235129117966, 14274.839878082275, 13999.52159833908, 12966.398206949234], [524.3307102862746, 11410.433680176735, 15630.303868293762, 15278.322937250137, 15089.240707159042, 13781.419963121414, 6881.755529284477], [14612.648048877716, 16538.47528028488, 15975.492995500565, 16204.987120389938, 14426.107780456543, 6664.354257464409, 1797.3393533825874], [16402.551823616028, 15192.278858661652, 14658.498682498932, 13489.18837070465, 6805.1220046281815, 891.3000200167298, 11931.732427358627], [15212.086300611496, 14777.849078655243, 13205.388941764832, 5545.024274051189, 1001.5508636385202, 10139.693801999092, 14580.436628341675], [13649.43654704094, 12376.132200241089, 5688.687143445015, 1913.5421688109636, 9468.033388257027, 13221.057752370834, 13171.16116309166], [13090.50551366806, 5890.9458701610565, 2668.287245154381, 9990.152977228165, 15825.870748519897, 14630.947525024414, 13846.279703855515], [6532.360911846161, 425.609373614192, 10047.823070645332, 15979.18678355217, 15156.517959356308, 14726.680184602737, 13675.58830165863]]}