{"name": "(07113) santa isabel", "estimation_time": 18.769972678999693, "simulation_time": 2.936845918000472, "prediction": [[14003.988356411457, 14215.496651947498, 10916.887017309666, 6112.338970422745, 11260.977297395468, 13532.195817947388, 13635.231762647629], [14325.005881905556, 10680.726826608181, 6413.966730952263, 10355.190037757158, 14346.075717031956, 13721.138514399529, 13346.979366660118], [11272.146002620459, 5046.708393737674, 10249.649033218622, 13947.51919221878, 13300.42010885477, 13407.223046690226, 13985.15025627613], [5404.092228978872, 11474.18823119998, 13701.313686490059, 13962.071859657764, 13849.124754786491, 14537.642582774162, 11438.499278098345], [13590.60709309578, 14513.447064876556, 14309.164324820042, 14197.024656653404, 14910.394985198975, 11366.434925317764, 5662.312743932009], [14462.085815489292, 14175.71534883976, 13183.455254107714, 13883.97492659092, 11503.943652927876, 5053.641033999622, 11543.175171881914], [14318.601554751396, 13483.094513684511, 13963.265461742878, 10442.872774124146, 5498.984378360212, 11123.79141908884, 13470.804925829172], [14016.098653197289, 14196.802736938, 10875.213127702475, 6282.705294087529, 11087.921921133995, 13423.724094003439, 13544.860287129879], [14674.218495309353, 10743.516941338778, 6628.297920495272, 10535.15062776208, 14454.229606807232, 13857.97396016121, 13561.706124961376], [11533.259623467922, 5275.627983555198, 10400.337535113096, 13951.186509549618, 13758.675544679165, 13690.745543658733, 14304.985463738441]]}