{"name": "(07200) tygua-san jose", "estimation_time": 18.769972678999693, "simulation_time": 2.936845918000472, "prediction": [[3225.6961414813995, 3229.555603861809, 2416.8468368649483, 1704.2894678115845, 2704.405746102333, 3328.4894436597824, 3335.69168817997], [3183.5858330130577, 2375.567734837532, 1700.6365037560463, 2416.5683682262897, 3354.390647292137, 3296.622378885746, 3158.028407096863], [2576.7367810606956, 1350.4257710576057, 2415.3802064061165, 3294.584330201149, 3146.856934607029, 3096.73663431406, 3250.2274473905563], [1210.1160240918398, 2540.9503027796745, 3085.551549732685, 3068.0403180122375, 3031.348780453205, 3197.4006578326225, 2590.7418855428696], [2828.9604383707047, 3074.4353944659233, 2958.0097274184227, 2977.666166841984, 3043.44211012125, 2336.500452876091, 1113.743429645896], [3256.5634415745735, 2999.424660742283, 2918.4185247421265, 2977.7970746159554, 2380.2465292811394, 1187.3936058580875, 2628.2669464945793], [3444.491687774658, 3334.066346526146, 3356.939873456955, 2610.0160279273987, 1636.9924457073212, 2820.456356585026, 3461.8279896378517], [3189.4633603692055, 3192.708251297474, 2386.266838788986, 1697.005116313696, 2636.932346045971, 3265.604187309742, 3282.1906656622887], [3264.2959784269333, 2400.025187909603, 1745.788969874382, 2464.7362022399902, 3385.6764467954636, 3332.0375656485558, 3211.03591889143], [2588.476196348667, 1345.7967910766602, 2383.2608835101128, 3252.1707906723022, 3185.302404642105, 3104.722877383232, 3258.375877082348]]}