{"name": "(07201) guatoque -veraguas", "estimation_time": 18.769972678999693, "simulation_time": 2.936845918000472, "prediction": [[3013.8209533691406, 2989.5604515075684, 2053.9949560165405, 1346.8982219696045, 2455.696382522583, 3058.6764526367188, 3044.9939727783203], [2952.743797302246, 2062.7984476089478, 1351.2018728256226, 2184.1182470321655, 3118.416624069214, 3032.646713256836, 2922.9755115509033], [2234.2043590545654, 1025.241208076477, 2200.9434700012207, 3044.356002807617, 2886.3730430603027, 2904.188919067383, 3034.027805328369], [924.9685072898865, 2304.3126010894775, 2817.395362854004, 2793.199963569641, 2794.020185470581, 2980.1825046539307, 2201.0096311569214], [2573.910665512085, 2781.377935409546, 2676.6749954223633, 2691.7345094680786, 2775.225477218628, 1898.3660984039307, 805.1672387123108], [3021.9102573394775, 2798.970980644226, 2667.753119468689, 2750.3592920303345, 2020.1040363311768, 894.4238424301147, 2418.8476181030273], [3220.583209991455, 3095.241165161133, 3129.4205474853516, 2231.1927032470703, 1333.4117555618286, 2627.1760416030884, 3202.0725536346436], [2976.9386672973633, 2950.306067466736, 2025.6299924850464, 1340.8532094955444, 2385.225577354431, 2995.7192611694336, 2990.9898853302], [3032.4332332611084, 2085.0552368164062, 1399.191381931305, 2231.3084411621094, 3148.2050228118896, 3067.8589153289795, 2980.007839202881], [2240.0648260116577, 1016.18656873703, 2161.0502338409424, 3000.1038932800293, 2922.2720861434937, 2904.7686672210693, 3040.390567779541]]}