{"name": "(07505) leon xiii", "estimation_time": 18.769972678999693, "simulation_time": 2.936845918000472, "prediction": [[21672.576210021973, 22017.11228442192, 14876.835658669472, 8554.769819796085, 17461.051884412766, 21654.281275987625, 21446.93813753128], [21816.574403762817, 14764.165860533714, 8966.0107691288, 16084.573249936104, 23168.774485111237, 21765.311113119125, 20978.831250190735], [15785.951938152313, 5941.257531315088, 16142.66086769104, 22810.294596672058, 21012.3650534153, 20921.27176952362, 21874.581598758698], [6261.373898208141, 18259.501472830772, 22309.82625436783, 21999.034574747086, 21775.18570137024, 22798.05043888092, 16452.91114461422], [22014.664779424667, 23344.450954914093, 22647.251961946487, 22849.335286140442, 23418.914138793945, 16202.695213675499, 7158.6721776127815], [23535.142436742783, 22151.42160844803, 21272.221766233444, 22140.777614831924, 16270.88210594654, 6368.519398987293, 18796.781053066254], [22181.28581237793, 21194.64613866806, 21585.22880268097, 14290.146656751633, 6752.564190149307, 17158.86212360859, 21526.271458387375], [21707.72510123253, 22002.037577152252, 14914.75706231594, 8818.209490895271, 17200.641332387924, 21488.935399770737, 21352.863407850266], [22398.09230518341, 14848.921499371529, 9279.499927580357, 16382.52630662918, 23340.375096321106, 21992.67703127861, 21359.491238117218], [16318.591042280197, 6356.5704010128975, 16311.141573309898, 22913.625405550003, 21829.694091796875, 21455.40325474739, 22440.895453214645]]}