{"name": "(07504) terreros", "estimation_time": 18.769972678999693, "simulation_time": 2.936845918000472, "prediction": [[46734.64609181881, 46588.24386191368, 35572.50958240032, 20432.95334792137, 38050.40400135517, 45243.61444795132, 45436.777754426], [47075.63976609707, 34887.77452993393, 21415.629145622253, 34905.346472263336, 47951.73972916603, 45496.23060619831, 44468.7647292614], [37016.80520474911, 16543.862420737743, 34773.904891610146, 46500.70429813862, 43989.07742905617, 44762.37095069885, 45994.03270816803], [17435.575160354376, 38740.723546266556, 45230.3380548954, 45719.78847324848, 45880.884098529816, 47470.51015138626, 37215.11593222618], [45045.48745751381, 46979.631595134735, 46343.088541030884, 46419.54542064667, 47778.149985194206, 36364.90340447426, 17571.77580872178], [47661.716380000114, 46351.36505949497, 43785.86426329613, 45244.018112659454, 37528.599160671234, 16300.852090597153, 39163.63331735134], [47703.86175942421, 45234.349646925926, 46270.33145725727, 34251.20920467377, 18667.661461740732, 38169.67996287346, 45111.181800842285], [46666.03701090813, 46495.3258138895, 35377.932057499886, 20900.039349496365, 37379.50490474701, 44819.47141158581, 45077.92539668083], [48208.83795762062, 35017.066944003105, 22097.081986427307, 35485.702182888985, 48253.767231583595, 45939.045223236084, 45119.14930701256], [37753.04509007931, 17105.35654988885, 35137.45089554787, 46428.95220029354, 45371.55110538006, 45516.29970192909, 46877.98882162571]]}