{"name": "(07506) despensa", "estimation_time": 18.769972678999693, "simulation_time": 2.936845918000472, "prediction": [[5618.643352627754, 5706.7997941970825, 3845.0367385149, 2004.6615902483463, 4510.773635983467, 5596.824824869633, 5550.2450894117355], [5695.966496825218, 3811.40186804533, 2115.079016059637, 4090.8167960345745, 5988.471121132374, 5609.439569115639, 5427.870578408241], [4109.379524111748, 1366.577631212771, 4102.0325083732605, 5863.85290813446, 5381.712639987469, 5454.481667399406, 5715.897698044777], [1482.8576054349542, 4709.260561525822, 5716.508442938328, 5665.606579065323, 5648.233705997467, 5966.711128473282, 4289.5589518249035], [5708.026448845863, 6010.249621212482, 5821.959854245186, 5870.149735331535, 6062.920450210571, 4200.2567717731, 1696.3138603419065], [6054.4905351400375, 5723.54599738121, 5420.229165554047, 5689.977409303188, 4233.1664095819, 1463.5290252119303, 4862.207180023193], [5749.590673208237, 5469.649574935436, 5605.079995453358, 3684.3830703794956, 1575.9673645570874, 4500.718295902014, 5584.063742876053], [5626.171138525009, 5701.948267459869, 3847.5410508215427, 2078.6411321163177, 4432.031230837107, 5551.2289955616, 5519.860208153725], [5847.726488351822, 3825.0833714306355, 2196.129899173975, 4164.6534433960915, 6024.449977993965, 5662.774082839489, 5520.059916138649], [4243.272967875004, 1470.9502320364118, 4150.139536470175, 5881.659199178219, 5599.147721409798, 5584.427865624428, 5859.48946082592]]}