{"name": "(07503) san mateo", "estimation_time": 18.769972678999693, "simulation_time": 2.936845918000472, "prediction": [[84388.43743610382, 84206.72665047646, 67184.59817099571, 41549.822048425674, 70775.7290725708, 82714.62498235703, 83205.7320587635], [85442.47205901146, 66360.76634216309, 43303.0054371357, 65143.56790113449, 87044.63681149483, 83059.61165237427, 81301.66077780724], [70570.60110616684, 35460.63128519058, 65268.62451839447, 84594.2564778328, 80736.83277416229, 81821.34475278854, 84192.93782997131], [37174.99655264616, 71881.93988251686, 82115.62143611908, 83151.96359682083, 83223.91014146805, 86230.5080537796, 70728.74528932571], [81678.45092105865, 84504.86028122902, 83552.36236739159, 83201.22139143944, 86024.3808298111, 68572.92647409439, 36518.085096657276], [86101.61783623695, 84417.91553425789, 79496.68876457214, 81999.03516101837, 71065.60715484619, 35123.01297235489, 72781.59388113022], [87394.0080742836, 82619.742208004, 84900.24408626556, 66422.72498059273, 40172.19140458107, 72032.7297167778, 83432.13393855095], [84206.3904516697, 83982.26725268364, 66706.71958374977, 42241.33163022995, 69543.88730573654, 81873.51160097122, 82464.27360701561], [87377.51565504074, 66557.48466897011, 44462.16755914688, 66120.94919610023, 87545.62439727783, 83771.195104599, 82349.26092910767], [71709.51191949844, 36324.73692941666, 65891.61958503723, 84361.11661362648, 82891.70836496353, 82914.17765188217, 85526.86262893677]]}