{"name": "(08000) portal tunal", "estimation_time": 18.769972678999693, "simulation_time": 2.936845918000472, "prediction": [[50293.83613246679, 50512.658358335495, 35398.629750430584, 22287.38425374031, 41301.36083769798, 49857.74589437246, 49477.04483914375], [50750.10513597727, 35729.504927277565, 23362.651355534792, 38837.85092610121, 53228.962094426155, 50393.21801531315, 48922.71405893564], [37685.180408239365, 18079.505261033773, 39115.60321068764, 52436.34565138817, 48887.24027055502, 49163.711466908455, 51086.0656478405], [18773.23242241144, 42907.838978886604, 50991.91541719437, 50465.70354825258, 50106.62492132187, 52231.51785129309, 38353.97999870777], [49308.806089520454, 52192.89336621761, 50623.345682263374, 50822.19723826647, 52039.24406558275, 36464.748776733875, 19246.60102748871], [53199.721418082714, 50601.65172111988, 48026.60909742117, 49989.03792929649, 37579.50363498926, 17847.423446804285, 43691.052104234695], [53440.71557456255, 51230.64653456211, 51897.742342710495, 36224.13179343939, 21121.640295490623, 43223.31508499384, 52139.89728218317], [50273.29319983721, 50372.34993338585, 35388.47208636999, 22743.222434431314, 40635.37053716183, 49438.4463660121, 49172.75061738491], [52140.44353300333, 36127.2438057065, 24244.826921135187, 39656.18667858839, 53783.055515646935, 51073.657950639725, 49938.02200448513], [38589.742502987385, 18767.503291785717, 39323.438641786575, 52511.47139662504, 50449.14044302702, 50098.68152397871, 52102.40756815672]]}