{"name": "(08002) biblioteca", "estimation_time": 18.769972678999693, "simulation_time": 2.936845918000472, "prediction": [[4639.083803772926, 4459.1188678741455, 3176.013035416603, 1816.35592597723, 3762.719614624977, 4485.605170309544, 4437.156542897224], [4537.172924697399, 3044.6225994825363, 1916.923993587494, 3568.6090136170387, 4791.350369155407, 4487.564013838768, 4366.926324009895], [3168.619625210762, 1448.4009739756584, 3520.41751486063, 4655.814086139202, 4376.463925719261, 4457.708377480507, 4435.619410872459], [1619.1086373627186, 3836.764464020729, 4576.689728081226, 4596.17638862133, 4592.048743069172, 4570.213828802109, 3230.7235018610954], [4529.738753318787, 4745.733745992184, 4639.3819499611855, 4637.5756403803825, 4618.169989466667, 3116.3912321925163, 1702.3987103700638], [4823.956487417221, 4631.63091814518, 4384.457217335701, 4397.144965529442, 3298.590598165989, 1556.217993170023, 3934.419005036354], [4754.327944457531, 4473.362462341785, 4426.640160322189, 2993.6101199388504, 1709.3770744204521, 3777.0124301314354, 4542.772843301296], [4641.788140952587, 4448.629403054714, 3166.665396153927, 1868.1950369775295, 3694.6228201389313, 4442.644945085049, 4405.3987184762955], [4661.01228928566, 3075.211167871952, 2000.8371485471725, 3636.381000518799, 4835.344492554665, 4549.878105342388, 4459.075799465179], [3247.084113717079, 1512.201822847128, 3557.0925723314285, 4661.131240129471, 4529.229879558086, 4551.815158307552, 4538.57956969738]]}