{"name": "(08001) parque el tunal", "estimation_time": 18.769972678999693, "simulation_time": 2.936845918000472, "prediction": [[5225.935130000114, 5059.174722909927, 3590.8301354646683, 1917.1073136925697, 4174.25285756588, 4949.071050047874, 5041.370912432671], [5152.763108372688, 3482.115404486656, 2069.0689846873283, 3949.348297357559, 5332.8012672662735, 5058.293977856636, 4925.735328435898], [3661.1965333223343, 1553.0859515666962, 3921.6182820796967, 5171.98221373558, 4966.320060491562, 5002.220893263817, 5001.403950214386], [1733.3628825247288, 4257.938617229462, 5037.9314296245575, 5192.725077390671, 5102.869941353798, 5134.372319459915, 3656.6652040481567], [5014.983513236046, 5187.232834458351, 5192.227144360542, 5081.972011089325, 5141.308152079582, 3441.2649232149124, 1714.8942829072475], [5349.93904030323, 5274.525903940201, 4869.774036049843, 4924.7244827747345, 3747.0526707172394, 1607.6991492211819, 4391.772751927376], [5464.754629850388, 5053.221995949745, 5038.450445055962, 3435.6533982753754, 1858.3749338388443, 4248.217965841293, 5103.555396795273], [5226.946530461311, 5040.9098736047745, 3571.6476469039917, 1975.828666895628, 4087.4463477134705, 4898.812824606895, 4992.276934862137], [5285.833283424377, 3503.8319422006607, 2157.681091248989, 4013.6418540477753, 5377.339226961136, 5116.637581586838, 5018.515092849731], [3726.1688878536224, 1608.0904912948608, 3950.922819852829, 5153.075183391571, 5129.049567937851, 5083.558739185333, 5103.788690209389]]}