{"name": "(09000) cabecera usme", "estimation_time": 18.769972678999693, "simulation_time": 2.936845918000472, "prediction": [[50192.17492675781, 50357.976806640625, 35872.75719833374, 23393.969343185425, 41514.31324005127, 50704.61279296875, 50529.77088546753], [50444.33940887451, 36062.849433898926, 24194.459175109863, 38276.23294830322, 53045.69194030762, 50948.769035339355, 49461.725036621094], [38689.84007644653, 18776.126524925232, 38646.20299911499, 52361.47677230835, 49135.042541503906, 49390.71342468262, 51525.1078453064], [18638.19200515747, 41978.45560455322, 50322.29763793945, 49737.5703086853, 49605.24980545044, 52043.375732421875, 39452.88495635986], [48055.17447280884, 51157.327198028564, 49492.63673019409, 49895.82252120972, 51016.97608566284, 36834.21013259888, 18820.653484344482], [52850.795879364014, 49705.864501953125, 47693.37763595581, 49256.211906433105, 37746.29942703247, 18315.060649871826, 43389.108154296875], [53195.32075500488, 51200.86920547485, 51851.02418899536, 37261.627559661865, 22067.40051460266, 43378.493881225586, 52658.84698486328], [50039.34729003906, 50134.15433502197, 35762.47333526611, 23703.951694488525, 40758.87674713135, 50121.66662597656, 50085.2660446167], [51724.17300033569, 36363.507946014404, 24932.425178527832, 38997.4694480896, 53481.03092575073, 51482.63117980957, 50313.24922180176], [39388.22065734863, 19232.565432548523, 38626.19078826904, 52211.554359436035, 50377.11381530762, 50024.130516052246, 52211.80601501465]]}