{"name": "(09001) molinos", "estimation_time": 18.769972678999693, "simulation_time": 2.936845918000472, "prediction": [[25798.45044517517, 26146.00180530548, 20031.255714416504, 13299.617528915405, 21652.485125541687, 25651.168739318848, 25710.187408447266], [26159.03237247467, 19918.60119819641, 13707.276463508606, 19939.372067451477, 26785.098494529724, 25789.608533859253, 25188.625346183777], [21157.995064735413, 11199.264326095581, 19993.621331214905, 26293.782592773438, 24972.780715942383, 25151.384783744812, 26169.560272216797], [11302.736648082733, 21860.139372825623, 25545.265436172485, 25518.071840286255, 25505.186460494995, 26702.54313659668, 21588.20885848999], [24688.229788780212, 26046.483117103577, 25469.873260498047, 25676.670902252197, 26398.29935646057, 20659.96061706543, 11237.989429473877], [26691.0406665802, 25568.921904563904, 24536.581572532654, 25289.340015411377, 21101.56436061859, 10857.446959972382, 22321.72997379303], [27200.169244766235, 26178.335034370422, 26831.571159362793, 20742.51416015625, 12838.78553199768, 22483.94420146942, 26474.393876075745], [25675.215398788452, 25993.019680023193, 19890.03376674652, 13422.52953338623, 21242.240040779114, 25337.70011615753, 25446.84291267395], [26879.818739891052, 20156.755683898926, 14162.91619682312, 20383.445811271667, 27091.53460407257, 26148.9073677063, 25665.21743297577], [21563.924454689026, 11510.449877738953, 20127.18645954132, 26281.03877067566, 25654.04526424408, 25545.477772712708, 26608.606903076172]]}