{"name": "(09002) consuelo", "estimation_time": 18.769972678999693, "simulation_time": 2.936845918000472, "prediction": [[4586.840425550938, 4438.50357145071, 3198.8077437877655, 1830.458846770227, 3748.3815616965294, 4359.377969175577, 4445.880664288998], [4507.1791297495365, 3087.866921067238, 1955.7045334279537, 3546.274093002081, 4687.727195382118, 4443.621303975582, 4337.627354681492], [3239.670204758644, 1509.5710750818253, 3538.7118190526962, 4542.770838797092, 4389.988632977009, 4399.253216326237, 4376.143769472837], [1682.7426760345697, 3843.3842456936836, 4458.348604470491, 4599.165648132563, 4510.602844566107, 4520.394829750061, 3255.0819467008114], [4504.969519585371, 4593.074521273375, 4639.754483282566, 4509.660606890917, 4567.0348408818245, 3124.3538815379143, 1725.478745214641], [4679.952603876591, 4672.190324276686, 4299.247124642134, 4346.6178096830845, 3348.3421191573143, 1592.4653767943382, 3965.6537804305553], [4792.1834127902985, 4403.224182784557, 4388.15968683362, 3021.396198928356, 1753.6484480947256, 3767.8436693251133, 4456.0822087824345], [4589.769654035568, 4423.583300679922, 3186.0498456656933, 1882.0792749896646, 3677.618004709482, 4322.769145965576, 4409.212291657925], [4618.425237476826, 3104.2925107479095, 2030.4742337465286, 3598.44843134284, 4725.177750915289, 4492.720178544521, 4415.260703742504], [3303.2938615381718, 1568.1972288638353, 3572.3572419583797, 4539.181792676449, 4538.853893965483, 4479.630612760782, 4475.090534746647]]}