{"name": "(09004) santa lucia", "estimation_time": 18.769972678999693, "simulation_time": 2.936845918000472, "prediction": [[24514.305227279663, 24339.309871196747, 19725.752648353577, 11514.878685116768, 20458.898097753525, 23770.2937374115, 24037.62973368168], [24708.844963550568, 19088.84877872467, 12280.672290086746, 19077.936154723167, 25267.75074529648, 23985.94789147377, 23459.988744974136], [20118.805523753166, 9854.298652201891, 19030.386444449425, 24550.243560552597, 23440.439188838005, 23599.54783475399, 24014.136105060577], [10363.749974757433, 20852.91542482376, 24010.009149074554, 24430.57736480236, 24170.580862998962, 24716.30868077278, 20175.282019257545], [24035.685302495956, 24831.877250909805, 24767.75242936611, 24353.340141296387, 25000.861605882645, 19855.83975303173, 10427.123421162367], [25071.546079039574, 24650.039291381836, 23192.640671491623, 23553.918401241302, 20570.955649733543, 9740.111628890038, 21014.756971359253], [25450.028660416603, 23805.384940505028, 24367.370411396027, 18993.391355097294, 11002.128558278084, 20637.582179546356, 23997.167621731758], [24509.051639914513, 24313.894240498543, 19593.652099847794, 11785.271078765392, 20115.36179292202, 23570.640164375305, 23853.16411781311], [25336.13882279396, 19187.498899698257, 12672.879760622978, 19401.870281279087, 25474.543676137924, 24256.322169303894, 23816.080174684525], [20479.70195865631, 10129.156595110893, 19267.662259221077, 24491.972736358643, 24171.28651726246, 23986.42062807083, 24465.849726080894]]}