{"name": "(09003) socorro", "estimation_time": 18.769972678999693, "simulation_time": 2.936845918000472, "prediction": [[5052.116384655237, 5163.279842585325, 3807.2689862549305, 2303.1576354801655, 4227.053030878305, 5036.550506949425, 5001.346805989742], [5159.707466959953, 3757.0243793725967, 2414.8907233029604, 3924.3475268781185, 5372.628046572208, 5042.927739620209, 4884.792417734861], [3965.69547355175, 1842.793640755117, 3920.1982831954956, 5277.83922880888, 4898.000019490719, 4882.3590287566185, 5108.040902167559], [2003.3293701708317, 4454.722531586885, 5264.71548050642, 5207.47880667448, 5123.415583074093, 5373.397203981876, 4141.41407251358], [5326.244795620441, 5582.358097881079, 5416.374966800213, 5394.033074527979, 5597.881366014481, 4192.109630703926, 2262.444189041853], [5473.445572555065, 5242.846936881542, 4931.885828226805, 5176.838700175285, 4143.609558045864, 1955.8753488585353, 4511.923697441816], [5151.255202740431, 4861.422159820795, 5003.466632217169, 3602.01635427773, 1931.635213792324, 4120.341180711985, 4978.08061376214], [5077.222436368465, 5174.272839128971, 3822.678082585335, 2380.1670628786087, 4182.891486734152, 5018.544138669968, 4994.187851548195], [5287.2174318134785, 3778.9265190064907, 2488.7167239934206, 3991.357907950878, 5414.1308626532555, 5095.614475905895, 4966.225865930319], [4095.1903343200684, 1956.0909232497215, 3992.1647584438324, 5318.321327120066, 5099.35674354434, 5017.763509452343, 5251.921683251858]]}