{"name": "(09108) hospital", "estimation_time": 18.769972678999693, "simulation_time": 2.936845918000472, "prediction": [[1748.5099620223045, 1711.7748404741287, 1148.831073820591, 749.3750916719437, 1420.4808679819107, 1743.6076781749725, 1730.3222492933273], [1710.1916238069534, 1148.3228979110718, 761.9683958292007, 1315.7003424167633, 1835.1909680366516, 1751.4715698957443, 1682.0834566950798], [1201.3265719413757, 561.7944327294827, 1295.0197877287865, 1786.0083593130112, 1676.9836968183517, 1671.4524507522583, 1709.4257917404175], [644.6463849246502, 1495.089314341545, 1805.515241742134, 1790.5394436120987, 1777.4683198928833, 1831.879889369011, 1298.3475890159607], [1826.77874481678, 1942.8211557865143, 1885.7343932390213, 1881.2691342830658, 1898.244190812111, 1305.9167578816414, 768.4563994109631], [1888.9116909503937, 1780.2261674404144, 1691.464846253395, 1729.9118527770042, 1244.249062716961, 631.2047539949417, 1530.905011355877], [1750.811718761921, 1664.9259425401688, 1638.6518313884735, 1057.8706749081612, 584.5703209936619, 1369.7053498625755, 1696.7022215723991], [1754.9803376197815, 1714.7578575611115, 1158.9777628779411, 770.6242154240608, 1404.4493080377579, 1735.2970688343048, 1726.7508516311646], [1756.0545262694359, 1162.7265055179596, 791.1375439167023, 1343.2169335484505, 1853.8651279211044, 1774.0105721354485, 1717.613591015339], [1256.7335100769997, 609.591354072094, 1324.2490094304085, 1815.3453726768494, 1755.3177723884583, 1728.6991965770721, 1769.5272058844566]]}