{"name": "(09113) calle 22", "estimation_time": 18.769972678999693, "simulation_time": 2.936845918000472, "prediction": [[6369.897972106934, 6426.318809509277, 4342.988487243652, 2726.872138977051, 5077.426250457764, 6222.344314575195, 6149.371810913086], [6468.100776672363, 4375.531322479248, 2815.543294906616, 4809.745220184326, 6732.158126831055, 6367.871185302734, 6220.72492980957], [4602.62882232666, 2075.6481590270996, 4812.962265014648, 6661.830413818359, 6204.486099243164, 6235.585647583008, 6540.313171386719], [2285.376441001892, 5440.716411590576, 6666.325126647949, 6575.397796630859, 6613.02702331543, 6907.990188598633, 4871.291809082031], [6597.479804992676, 7072.9614334106445, 6862.358604431152, 7047.909019470215, 7237.164901733398, 4880.688125610352, 2699.693899154663], [6966.862594604492, 6551.7347412109375, 6429.360778808594, 6752.725028991699, 4808.995334625244, 2297.7392654418945, 5550.362766265869], [6463.439422607422, 6357.250617980957, 6458.898193359375, 4234.287284851074, 2266.617992401123, 4969.731285095215, 6230.961608886719], [6408.49382019043, 6449.391975402832, 4393.079513549805, 2821.5593757629395, 5037.360790252686, 6206.629432678223, 6155.155181884766], [6650.203353881836, 4436.680221557617, 2929.6062812805176, 4917.925029754639, 6808.350486755371, 6459.122596740723, 6362.449722290039], [4809.445419311523, 2247.365306854248, 4901.654762268066, 6748.842185974121, 6479.546371459961, 6446.899002075195, 6759.1795654296875]]}