{"name": "(09121) las flores", "estimation_time": 18.769972678999693, "simulation_time": 2.936845918000472, "prediction": [[20347.964380264282, 19028.544857263565, 9754.473105192184, 4355.26160299778, 15501.040096759796, 19963.530206918716, 19739.54298233986], [19195.60660147667, 9836.258294701576, 4519.727718830109, 14739.016304016113, 21991.357850074768, 20249.540979862213, 19260.220154762268], [10303.350900530815, 1965.7152001187205, 14756.02003979683, 21375.46689081192, 19911.567831516266, 19927.14963531494, 19432.878044843674], [2959.7576728761196, 16628.225662708282, 20923.364822149277, 20994.565856933594, 20800.055202007294, 20329.07919549942, 10899.77183520794], [20731.341343164444, 22055.79948616028, 21589.468457460403, 21411.135693073273, 20663.226784467697, 10099.036145091057, 3951.387530744076], [22122.389283895493, 21062.931061267853, 19345.16974544525, 19317.66942024231, 10571.35294508934, 2536.798381358385, 17179.605897665024], [21776.382621526718, 20258.205928087234, 19215.52971625328, 9099.377794146538, 3542.0440413057804, 15903.972239494324, 20681.048331975937], [20436.52583885193, 19032.506986379623, 9865.729240894318, 4635.578020364046, 15188.708318471909, 19792.911222696304, 19635.08801960945], [19871.51594400406, 10008.638225197792, 4975.195026516914, 15103.022857904434, 22244.821644306183, 20595.98466539383, 19813.960636138916], [10824.348385453224, 2359.0286658853292, 14887.072360754013, 21564.257683753967, 20827.643895864487, 20526.03203868866, 20086.099137067795]]}