{"name": "(09118) marly", "estimation_time": 18.769972678999693, "simulation_time": 2.936845918000472, "prediction": [[31763.066889107227, 31014.78880727291, 16024.89824655652, 5326.414671801031, 24315.323433935642, 31827.94733464718, 30370.051603019238], [31292.094454467297, 15971.99580591917, 5994.367858298123, 22991.058614343405, 35641.09638506174, 31766.44797807932, 30176.242279469967], [16817.82161939144, 1308.076405916363, 23045.462656259537, 34997.8773560524, 31126.401206076145, 31338.024227797985, 31720.50494557619], [2997.772097751498, 26331.330881476402, 34259.818781375885, 33321.45388865471, 33408.311412513256, 33406.458443164825, 17945.497661411762], [33778.92848575115, 36656.88490045071, 34522.661986231804, 35086.335924983025, 34813.26658338308, 17148.689351052046, 4898.23248706758], [36470.06979036331, 33343.742557525635, 31058.308726012707, 32121.8832988739, 17986.122108370066, 2417.446295812726, 27128.503819078207], [34004.500156879425, 32239.031402170658, 31821.07908332348, 15199.617520779371, 3821.6171037629247, 24607.025227606297, 33083.743445158005], [32023.427313923836, 31115.69110953808, 16270.080233722925, 5932.574728190899, 23886.175401359797, 31609.69472670555, 30324.73506641388], [32581.05838483572, 16353.763843178749, 6847.339537017047, 23730.30057016015, 36143.58918738365, 32439.99736404419, 31210.593636274338], [17923.968080163002, 2151.0740793421865, 23410.847328573465, 35381.611065626144, 32841.544771790504, 32553.678193747997, 32967.56989103556]]}