{"name": "(09101) quiroga", "estimation_time": 18.769972678999693, "simulation_time": 2.936845918000472, "prediction": [[10073.402843952179, 10082.630687236786, 7485.1543563604355, 4536.855601400137, 8358.876874804497, 9940.33840751648, 9888.138598918915], [10165.20392870903, 7388.933147966862, 4722.876423209906, 7781.160698771477, 10580.17964231968, 10004.592917442322, 9734.973685979843], [7759.498868525028, 3647.1671024113894, 7727.378926694393, 10301.879722833633, 9683.711287975311, 9780.122970223427, 10049.170447707176], [3913.603542357683, 8619.465717554092, 10131.22113263607, 10131.465125322342, 10118.69041287899, 10451.350174307823, 7997.449910283089], [10103.126072883606, 10577.138044118881, 10349.620515227318, 10381.25513100624, 10641.716991186142, 7881.173101425171, 4207.24657958746], [10595.224749922752, 10217.859145998955, 9676.409457802773, 10008.07130908966, 8004.265749573708, 3778.49749545753, 8730.401280522346], [10342.991493225098, 9817.4970651865, 10003.74060511589, 7211.310128927231, 4087.676700502634, 8332.282336831093, 9908.822796344757], [10091.359907865524, 10082.779609203339, 7480.873847067356, 4657.400952607393, 8241.740440487862, 9874.673127889633, 9843.257241249084], [10414.986621260643, 7429.983089148998, 4872.343384325504, 7912.086376428604, 10654.677856087685, 10108.075068950653, 9895.012278437614], [7956.628670692444, 3806.260306313634, 7819.797971129417, 10327.11667752266, 10011.786380290985, 9981.071224689484, 10277.223829746246]]}