{"name": "(09119) calle 57", "estimation_time": 18.769972678999693, "simulation_time": 2.936845918000472, "prediction": [[15786.167088508606, 15254.66409778595, 8270.353220462799, 3170.1684252023697, 11675.24527168274, 15647.60370349884, 15378.90902376175], [15264.331961631775, 8225.627454280853, 3343.8712344169617, 10716.451529026031, 17106.19297838211, 15835.271943569183, 15001.063209533691], [8830.380468130112, 1043.6991701126099, 10632.917154788971, 16685.25743341446, 15292.460855007172, 15324.319461345673, 15475.73741054535], [1640.2911189049482, 12403.811460494995, 16361.39379119873, 16183.470388412476, 16116.153617858887, 16333.150137424469, 9477.028724908829], [15855.210863113403, 17473.634782791138, 16775.18620109558, 16908.371242046356, 16802.058328151703, 9136.77743768692, 2643.4563312530518], [17414.072736263275, 16267.600956916809, 15190.391276836395, 15535.818677902222, 9232.039764881134, 1570.519901573658, 12859.874883651733], [16458.488086223602, 15501.936369895935, 15104.176827430725, 7613.084728479385, 1947.8896175920963, 11611.437090396881, 15811.632700920105], [15855.231855869293, 15274.962693214417, 8356.508190393448, 3420.8565685749054, 11460.15279507637, 15515.065239429474, 15320.225873947144], [15788.806577682495, 8336.121425390244, 3651.543863773346, 10989.209006786346, 17272.451406478882, 16069.307583332062, 15394.716568946838], [9312.920654773712, 1408.4375011771917, 10775.724575281143, 16827.81504011154, 16043.436110973358, 15844.781661987305, 16019.847250938416]]}