{"name": "(09110) avenida jimenez", "estimation_time": 18.769972678999693, "simulation_time": 2.936845918000472, "prediction": [[75595.55475211143, 73825.4370547533, 71529.96128201485, 32710.59131088853, 59058.21463871002, 69983.04657244682, 80253.1476483345], [74987.41317033768, 65416.51631838083, 37345.25857749581, 53559.757540762424, 75950.57225894928, 78781.34578073025, 71042.9800825119], [70437.01329505444, 27138.605359256268, 52224.44560742378, 72122.76153492928, 77465.2262109518, 70126.34746003151, 67909.84734082222], [29154.570992082357, 60451.186100780964, 72241.2132383585, 83286.46753752232, 72506.50673997402, 74632.93739926815, 70207.94935435057], [72713.71674573421, 76286.29926168919, 87577.74498820305, 73565.96132421494, 76668.9609951973, 72456.4001070261, 29085.870652854443], [73371.83148932457, 84444.94199872017, 70294.9646807313, 67577.7750917077, 72319.63145363331, 26218.459305524826, 59174.53080403805], [85666.289214015, 70834.4118117094, 73036.8974621296, 66124.2430666089, 28873.419942378998, 57907.473651885986, 69490.08665138483], [75665.50932741165, 73953.71851444244, 70535.16168403625, 33949.136674016714, 57769.70396500826, 69473.99945443869, 79180.31454598904], [76729.60399627686, 65075.61927211285, 38074.80981850624, 53908.29777210951, 76417.02245795727, 79149.2707310915, 71527.47243797779], [71576.10303723812, 28179.38968759775, 53904.01491904259, 71610.75842392445, 80594.61390972137, 71938.55567121506, 70536.98317241669]]}