{"name": "(09117) calle 45", "estimation_time": 18.769972678999693, "simulation_time": 2.936845918000472, "prediction": [[23166.41698822379, 22628.492343366146, 10341.524794995785, 3407.9368321821094, 17262.128572285175, 22711.19839721918, 22130.080140829086], [22810.178274840117, 10598.900347307324, 3875.510754093528, 16955.444168657064, 26353.824267804623, 23697.635736823082, 22902.9191223979], [10942.27053065598, 113.39233770035207, 17327.38797789812, 26341.063258469105, 23685.24256145954, 24003.317085504532, 23983.555912733078], [1500.0608916282654, 19817.73714786768, 26046.032118022442, 25665.564463853836, 25890.80618184805, 25552.9365311265, 12478.234140068293], [25718.17886930704, 27821.4054197073, 27040.525021612644, 27938.837830007076, 27053.990574479103, 12000.020266830921, 3707.8322232216597], [27481.0712813735, 25585.003165006638, 24589.780252456665, 25045.96511501074, 12391.091442614794, 1644.0597568675876, 20811.584927260876], [25418.490384876728, 24997.942975223064, 24429.090567052364, 10471.81583210826, 2255.7055802829564, 17868.243976563215, 24479.537581562996], [23448.57393965125, 22777.947530418634, 10658.490865513682, 3899.1600026860833, 17016.084428429604, 22636.031525045633, 22175.32654887438], [23996.06792676449, 11105.037063255906, 4698.417951919138, 17681.04619449377, 26938.51617270708, 24426.176190197468, 23923.050053834915], [12072.72689563036, 968.7865258250386, 17714.4823025465, 26857.02114146948, 25195.795209765434, 25188.234806895256, 25209.47014504671]]}