{"name": "(09103) olaya", "estimation_time": 18.769972678999693, "simulation_time": 2.936845918000472, "prediction": [[21681.439028441906, 21481.400976479053, 15188.08626589179, 8614.091063961387, 17513.282778561115, 21446.893412828445, 21388.787795126438], [21581.728749334812, 14988.488892287016, 8994.592344030738, 16201.972237825394, 22811.761335372925, 21542.18194705248, 20802.057204186916], [15806.783039271832, 6572.961057364941, 16128.767945885658, 22187.651970863342, 20852.376144111156, 21006.01375722885, 21489.587529063225], [6866.535641051829, 17889.55681067705, 21563.379392147064, 21571.798524975777, 21446.640430808067, 22048.93349635601, 16149.388700783253], [21153.137763381004, 22471.088402092457, 21913.390898287296, 21833.90693974495, 22212.740714669228, 15618.865002274513, 7407.147847697139], [22720.432105779648, 21821.84404975176, 20414.31193357706, 20984.177056491375, 16086.280567646027, 6668.849063768983, 18363.880417346954], [22492.016543745995, 21220.71388542652, 21368.682525098324, 14627.62228128314, 7725.58998593688, 17750.125634133816, 21689.60381913185], [21706.042209982872, 21465.41958540678, 15175.567056179047, 8862.505126729608, 17225.684385061264, 21266.764773845673, 21255.92191004753], [22154.420198261738, 15085.403448045254, 9335.21223269403, 16499.2981980443, 22983.66533845663, 21781.80352449417, 21171.77138531208], [16188.120792150497, 6866.804094418883, 16263.555678248405, 22201.884249687195, 21554.330524504185, 21414.92655032873, 21940.336203694344]]}