{"name": "(09100) calle 40 sur", "estimation_time": 18.769972678999693, "simulation_time": 2.936845918000472, "prediction": [[17788.39494752884, 17646.868772506714, 12168.881597042084, 7499.923052072525, 14485.69224357605, 17475.653672218323, 17305.367744922638], [17585.71797323227, 12107.784330368042, 7630.838300943375, 13394.843150138855, 18583.981159687042, 17465.068237781525, 16944.333691120148], [12728.123927593231, 5708.223879575729, 13366.976882457733, 18076.781438827515, 16973.118935108185, 17141.884281635284, 17508.638676166534], [5943.460783481598, 14563.218920230865, 17411.45278930664, 17330.08068752289, 17430.664619922638, 17879.93187046051, 12737.188781261444], [17047.60445022583, 18061.077268123627, 17557.47442817688, 17778.7629032135, 18017.490260124207, 12191.54500579834, 6041.589863777161], [18417.75351333618, 17481.454311847687, 16657.772406578064, 17131.586903572083, 12618.832025527954, 5468.844572067261, 14822.324353694916], [18564.265867710114, 17835.76237678528, 17929.691697120667, 12176.693532943726, 6956.823987007141, 14755.585770606995, 17802.244596004486], [17752.949993133545, 17581.103972911835, 12138.523514270782, 7638.988002061844, 14211.977508544922, 17282.941409111023, 17161.39818906784], [18104.72800540924, 12264.693480491638, 7968.656413078308, 13698.265929222107, 18789.039060115814, 17724.23740053177, 17315.900921344757], [13034.083132266998, 5931.39937877655, 13428.151898860931, 18085.884530067444, 17501.053616523743, 17456.3284034729, 17864.012294769287]]}