{"name": "(09122) calle 72", "estimation_time": 18.769972678999693, "simulation_time": 2.936845918000472, "prediction": [[32600.30199456215, 31194.689572393894, 15445.10186189413, 6254.956989318132, 24910.552883207798, 31246.177443623543, 30904.6203302145], [31473.97533762455, 15321.806234300137, 6701.318093404174, 24174.62162643671, 35048.84640669823, 32028.307882249355, 30864.659985363483], [15795.6486992836, 2620.2517269328237, 24238.653542280197, 34125.12475883961, 31927.796585202217, 32213.976160526276, 31773.85520339012], [4610.391826458275, 26638.997174799442, 33487.88310062885, 33979.42381179333, 33661.67977333069, 33127.65838086605, 16571.13858407736], [33388.74288058281, 35170.350027918816, 34884.13552069664, 34680.15768802166, 34166.3898100853, 15227.501462250948, 6149.455233976245], [35293.77141034603, 34042.80424773693, 31258.457752406597, 32105.058502197266, 16643.89736136794, 3755.272824149579, 27726.35555279255], [34841.19723153114, 32536.0727134943, 31810.072595357895, 14388.445129156113, 5478.259115822613, 25466.07485896349, 32686.9715269804], [32843.120604753494, 31187.823707818985, 15691.935893774033, 6808.654210045934, 24436.205652296543, 31047.315387427807, 30772.055523455143], [32605.209926247597, 15652.120516300201, 7521.825151950121, 24769.553769648075, 35514.809982061386, 32648.71411216259, 31866.491104006767], [16635.334679841995, 3343.532396800816, 24459.021421551704, 34418.09160196781, 33479.95705294609, 33226.96976721287, 32929.832055449486]]}