{"name": "(09115) calle 34", "estimation_time": 18.769972678999693, "simulation_time": 2.936845918000472, "prediction": [[20366.896063625813, 18868.580330848694, 7337.427188694477, 3033.2321118339896, 15035.707733869553, 19950.22068077326, 19326.29434490204], [18727.727954030037, 7550.182300671935, 2728.45595882833, 14361.367000430822, 21849.04106372595, 19978.64206725359, 19157.11019271612], [7612.699086382985, 33.33727430179715, 14316.718670666218, 21126.82600045204, 19430.189469397068, 19883.96711164713, 19493.51194047928], [1122.3867162425304, 15915.604140996933, 20560.047115325928, 20372.957033455372, 20616.366885244846, 20296.636063098907, 8247.283034861088], [20292.479736745358, 21689.156915783882, 21029.666373074055, 21366.7051743865, 20631.934779524803, 7217.780467137694, 2636.767904549837], [21885.309125125408, 20445.48989766836, 19122.334563672543, 19482.154139220715, 7689.104779973626, 1042.6490326188505, 16786.76427924633], [21142.195120990276, 20103.15426492691, 18781.20297843218, 6237.561160340905, 1815.567438384518, 15244.654780864716, 20406.074042260647], [20456.18946456909, 18830.718820929527, 7523.314852356911, 3278.774911776185, 14704.887943804264, 19752.114949166775, 19219.153668820858], [19332.759379386902, 7679.0540789961815, 3139.333502665162, 14667.049243986607, 22044.58391749859, 20273.060193896294, 19732.022508323193], [8118.484167397022, 404.1093644835055, 14301.76420518756, 21331.68840998411, 20321.886845469475, 20473.8738104105, 20140.32006675005]]}