{"name": "(09114) calle 26", "estimation_time": 18.769972678999693, "simulation_time": 2.936845918000472, "prediction": [[17334.179372906685, 15730.145166754723, 4733.46785068512, 2077.419828221202, 12696.644838243723, 16626.655333578587, 16038.652531027794], [15532.642398059368, 4942.967639550567, 1567.017513923347, 12467.912703633308, 18390.975062012672, 16709.4522485137, 16169.4303201437], [4651.4881528019905, -648.6817658953369, 12377.007035374641, 17707.32471448183, 16359.732354462147, 16968.714718580246, 16252.417486667633], [456.4706388646737, 13404.88592427969, 17207.65485984087, 17211.027501642704, 17568.81002742052, 16861.58866107464, 5106.925954341888], [17194.12537753582, 18111.60934072733, 17747.464917123318, 18209.564406871796, 17146.997752904892, 4054.1965326219797, 1853.45713519305], [18343.010042130947, 17178.840391933918, 16174.12031006813, 16410.53961777687, 4632.375074625015, 335.1942365951836, 14266.216842770576], [17894.78162276745, 17186.88861066103, 15672.667567431927, 3676.9616826996207, 1064.6189182177186, 12863.506291389465, 17109.509542107582], [17433.179381489754, 15683.674774885178, 4944.446773588657, 2272.2990707457066, 12405.823665231466, 16467.393134236336, 15951.109415471554], [16012.092256188393, 5052.612008333206, 1921.342090960592, 12701.368698716164, 18549.950442671776, 16965.388198375702, 16696.34362578392], [5060.165140539408, -345.28525112196803, 12296.899586081505, 17910.013280272484, 17124.744082212448, 17478.081639051437, 16827.222305893898]]}