{"name": "(09105) rio fucha", "estimation_time": 18.769972678999693, "simulation_time": 2.936845918000472, "prediction": [[12796.167374014854, 13139.961861252785, 10913.769174218178, 5536.574155598879, 10351.200534701347, 12546.405275464058, 12660.439711987972], [13412.397382318974, 10677.090574920177, 6098.118421673775, 9303.80909410119, 13312.492127120495, 12637.120793879032, 12228.291326284409], [11479.278404772282, 4672.282581418753, 9257.402534484863, 12873.26407879591, 12136.253633320332, 12139.313760578632, 12929.923208117485], [4882.173893168569, 10597.272602081299, 12584.029041171074, 12694.36201262474, 12502.805738151073, 13412.478459060192, 11558.883291304111], [12429.762870430946, 13186.932319998741, 12889.951335251331, 12647.040221333504, 13569.831782639027, 11415.452299416065, 4795.448545783758], [13254.531612157822, 12955.88335698843, 11921.001122057438, 12571.625339210033, 11693.516417324543, 4457.196121558547, 10560.481432139874], [13297.094822406769, 12342.904733896255, 13129.870925307274, 10733.397332251072, 5232.657991141081, 10469.255546033382, 12615.352728307247], [12794.129021584988, 13133.135823309422, 10827.728041768074, 5709.793054044247, 10173.346229493618, 12426.802529931068, 12558.394238710403], [13772.670197486877, 10724.679503679276, 6307.173239737749, 9496.637130022049, 13421.2451415658, 12768.761356592178, 12406.259970486164], [11707.630006968975, 4865.699982881546, 9438.069059222937, 12833.992792129517, 12557.292426586151, 12373.761710047722, 13193.553587198257]]}