{"name": "(09104) restrepo", "estimation_time": 18.769972678999693, "simulation_time": 2.936845918000472, "prediction": [[35832.09375011921, 35621.30204361677, 28253.988902926445, 16403.146529763937, 29465.751476228237, 34736.29258418083, 34956.09285157919], [36274.742498874664, 27689.958187758923, 17462.305623739958, 27347.351639688015, 37059.90934306383, 35094.09710973501, 34314.888344466686], [29337.644841372967, 13927.788704767823, 27315.715079784393, 36119.55801695585, 34307.18842899799, 34635.32730084658, 35444.08831900358], [14551.587887495756, 30176.56594079733, 35224.43547266722, 35633.036760151386, 35473.211916804314, 36401.36358302832, 29518.86161482334], [34805.936561882496, 36383.512026429176, 35933.29490715265, 35736.64201450348, 36672.37792736292, 28758.026049911976, 14512.545120239258], [36978.95023185015, 36083.027077794075, 33966.31918144226, 34772.01610952616, 29867.362737357616, 13685.757341220975, 30432.468492269516], [37328.06145077944, 35199.86605167389, 36027.2928442955, 27773.489229500294, 15815.014738976955, 29991.18282133341, 35404.85844039917], [35824.6410484314, 35594.48728644848, 28091.796250522137, 16794.95996031165, 28985.347059488297, 34431.93386363983, 34705.3001409173], [37273.220815718174, 27905.671489715576, 18084.294362425804, 27887.701996266842, 37407.40573436022, 35546.38492792845, 34905.96515446901], [29937.909385561943, 14380.617444857955, 27663.45641684532, 36075.25685381889, 35385.06772983074, 35252.3320736289, 36136.636179983616]]}