{"name": "(09116) avenida 39", "estimation_time": 18.769972678999693, "simulation_time": 2.936845918000472, "prediction": [[13979.730251669884, 12850.981585144997, 4260.177349179983, 1307.858094740659, 10188.455977261066, 13592.547502160072, 13099.994255781174], [12829.497935056686, 4459.586234509945, 1253.7213629856706, 10116.032236754894, 15542.459307432175, 13915.604099988937, 13363.943855047226], [4361.542102575302, -808.7697073370218, 10252.740087628365, 15305.351266145706, 13843.677707314491, 14086.448155164719, 13496.380477666855], [82.67434180527925, 11507.692035198212, 15040.026347875595, 14766.030829906464, 14935.79518353939, 14239.665543437004, 5065.8681491315365], [14833.502660751343, 15878.04856312275, 15430.939206123352, 15809.082151293755, 14756.33762216568, 4415.835801810026, 1377.508478783071], [15850.433071017265, 14747.672097444534, 14013.542291760445, 13941.259381890297, 4811.800483345985, 98.26197775453329, 12105.849227428436], [14977.587626338005, 14500.82390487194, 13316.832835435867, 3721.4906508028507, 529.6071847304702, 10513.733512282372, 14370.979327201843], [14113.943116545677, 12888.646802186966, 4460.884160101414, 1541.322500154376, 10002.14783012867, 13512.954086661339, 13093.625158548355], [13368.201761484146, 4628.256296038628, 1627.0244444906712, 10415.043589413166, 15769.723160386086, 14234.978801369667, 13885.161845207214], [4872.843903154135, -446.293853238225, 10321.047386705875, 15569.039504051208, 14632.643917679787, 14667.458265900612, 14114.038272380829]]}