{"name": "(09120) calle 63", "estimation_time": 18.769972678999693, "simulation_time": 2.936845918000472, "prediction": [[30214.420370936394, 29693.79725766182, 18269.755416959524, 7238.346279472113, 22384.993545472622, 29239.072688758373, 29239.531757891178], [30285.40186148882, 18199.492950350046, 8122.619208738208, 21005.06076976657, 32729.40849119425, 30452.176699578762, 29110.218067228794], [19513.02663040161, 3924.5446824133396, 21002.68522527814, 32194.250032365322, 29929.518195450306, 29906.655999541283, 30305.177785396576], [5193.932712160051, 24603.66636788845, 31866.958629965782, 32119.341564893723, 31979.626916348934, 32168.644483566284, 20850.648995280266], [31286.009407877922, 34213.905323803425, 33436.35559737682, 33726.595142900944, 33569.41927444935, 20585.940330684185, 6831.271565541625], [33886.0165784359, 32308.09917730093, 30353.653826534748, 30892.609284877777, 20947.97303417325, 4858.300286337733, 25310.530509769917], [32482.20252865553, 30876.87925338745, 30728.331672251225, 17957.968659698963, 5777.9132423996925, 22741.60314914584, 30477.301055431366], [30436.76746338606, 29840.090975284576, 18429.530833512545, 7808.415424838662, 22052.852879673243, 29080.63023197651, 29189.902512967587], [31547.230806350708, 18627.685535758734, 8938.82338578999, 21747.52489325404, 33274.68859475851, 31141.79809421301, 30045.81478726864], [20645.577835798264, 4803.466414257884, 21547.12185844779, 32598.488058567047, 31548.928809046745, 31125.17757922411, 31570.78160595894]]}