{"name": "(09107) hortua", "estimation_time": 18.769972678999693, "simulation_time": 2.936845918000472, "prediction": [[9209.034221172333, 8857.79411226511, 5360.14108479023, 2681.1897002905607, 7294.168095886707, 9125.73914885521, 9017.054190933704], [8837.276152670383, 5252.668855935335, 2766.562208235264, 6775.2134320139885, 9853.136922121048, 9125.42244642973, 8768.004694879055], [5525.144993811846, 1616.6573317348957, 6745.771778523922, 9573.779704272747, 8846.08701646328, 8966.649482548237, 8899.582491517067], [1988.1580308824778, 7646.766056716442, 9374.855564832687, 9349.594850242138, 9310.135439932346, 9291.014239192009, 5838.967917263508], [9351.194703280926, 9888.86904835701, 9600.43873399496, 9621.77918612957, 9447.883097827435, 5624.747906625271, 2414.795494005084], [9894.130043685436, 9379.645008146763, 8756.376191079617, 8826.25070631504, 5746.037543267012, 1851.1618603765965, 7873.820686042309], [9591.986592113972, 9016.182675659657, 8733.659211695194, 4963.7817741930485, 2156.685157120228, 7329.992042481899, 9235.515835285187], [9225.69183498621, 8850.27028977871, 5374.761920720339, 2796.879851296544, 7151.270716488361, 9042.4713113904, 8962.452202737331], [9116.858252584934, 5310.739008039236, 2944.9329827725887, 6922.971843481064, 9947.435652911663, 9262.08926975727, 8978.033650815487], [5755.887222141027, 1789.0802090615034, 6826.123930513859, 9636.411305069923, 9235.090971589088, 9216.07481956482, 9170.100054442883]]}