{"name": "(09111) calle 19", "estimation_time": 18.769972678999693, "simulation_time": 2.936845918000472, "prediction": [[13907.940904676914, 13843.32076060772, 9081.89217659831, 4502.480689689517, 10894.728048026562, 13696.642890453339, 13574.726737618446], [13785.291241884232, 8883.594502538443, 4724.76737383008, 9961.408990949392, 14761.526113629341, 13771.07277083397, 13181.468914628029], [9457.134600311518, 2891.0203012004495, 9908.36602422595, 14359.271007061005, 13262.216409921646, 13304.687623262405, 13613.394444167614], [3153.605216547847, 11277.944788515568, 14016.665938973427, 13931.766272962093, 13796.567998111248, 14177.4416731596, 9700.647297382355], [13808.107896924019, 14769.435741186142, 14317.784385561943, 14314.733027994633, 14503.932547152042, 9501.10956388712, 3674.747183986008], [14740.71372795105, 14039.69639736414, 13120.128185033798, 13532.390384852886, 9683.811105817556, 2981.336318768561, 11442.782786369324], [14381.541641235352, 13511.342267274857, 13550.186498641968, 8488.781945437193, 3479.8655666708946, 10748.144470632076, 13662.743546843529], [13931.341955542564, 13832.3784147501, 9091.000199347734, 4687.406882897019, 10700.338041365147, 13579.388747096062, 13500.027136087418], [14158.867095887661, 8918.453220158815, 4926.952979594469, 10139.257196813822, 14854.521799862385, 13915.715671658516, 13426.701358139515], [9758.00744715333, 3120.812031172216, 10000.208268791437, 14388.502859055996, 13798.184132158756, 13642.94097083807, 13977.457693696022]]}