{"name": "(09106) narino", "estimation_time": 18.769972678999693, "simulation_time": 2.936845918000472, "prediction": [[6084.089572906494, 6003.077436447144, 4213.286808013916, 2052.0233759880066, 4808.151775360107, 5875.210524559021, 5932.165460586548], [6038.276258468628, 4051.9091062545776, 2175.4438161849976, 4415.786983966827, 6305.429589271545, 5943.784240722656, 5769.575666427612], [4307.084721565247, 1497.1903653144836, 4387.477100372314, 6108.037081718445, 5797.737771034241, 5868.7892990112305, 5956.127594947815], [1682.433307170868, 4905.260547637939, 5934.074704170227, 6086.106070518494, 6023.9097032547, 6163.999917984009, 4380.093026161194], [5897.78627872467, 6227.477239608765, 6186.823697090149, 6117.898358345032, 6252.195636749268, 4230.79998922348, 1772.4460980892181], [6300.251535415649, 6179.289710998535, 5696.56248664856, 5857.7628536224365, 4424.928256988525, 1538.390690088272, 5008.633320808411], [6332.55632686615, 5894.6765213012695, 5955.2829694747925, 3993.8904662132263, 1843.9665577411652, 4818.427747249603, 5935.924836158752], [6082.989609718323, 5985.771755218506, 4189.7183446884155, 2125.0100469589233, 4706.332966804504, 5811.78865814209, 5877.031405448914], [6228.506512641907, 4096.096242427826, 2300.515724658966, 4515.944573879242, 6374.937512397766, 6032.708189964294, 5898.699156761169], [4429.374119281769, 1596.8016300201416, 4447.857461929321, 6109.614203453064, 6022.981590270996, 6000.662392616272, 6108.846362113953]]}