{"name": "(09123) calle 76", "estimation_time": 18.769972678999693, "simulation_time": 2.936845918000472, "prediction": [[26071.412155508995, 24429.893088817596, 10681.933227419853, 3142.4075862169266, 19304.128345906734, 25699.336051940918, 25001.129854679108], [24430.05134677887, 10593.500191420317, 3251.5951065421104, 18345.36088836193, 28686.001242995262, 25953.484373807907, 24702.829888939857], [11012.823860228062, -541.5245818272233, 18340.29314261675, 27975.9699177742, 25525.522264003754, 25840.574300408363, 25146.312915563583], [704.2522704899311, 20636.640597581863, 27134.468118548393, 26945.887466430664, 26951.81748533249, 26173.12082350254, 11894.30441325903], [26435.072659254074, 28645.028722286224, 27721.218819260597, 27933.591693997383, 26752.465982556343, 10729.68058526516, 2376.268140874803], [28820.45999968052, 26997.882188677788, 24959.20313155651, 25067.10946059227, 11613.957416832447, 486.44742396473885, 21646.175114512444], [27814.451377034187, 26165.638480186462, 24758.722877144814, 9591.422417253256, 1794.528530139476, 19703.844900608063, 26701.18342113495], [26228.178302764893, 24446.177367568016, 10880.493440389633, 3558.074157908559, 18877.77674359083, 25465.081686735153, 24884.233077049255], [25376.648068904877, 10822.387168049812, 3868.5172221064568, 18833.552952706814, 29015.000925898552, 26434.579266786575, 25503.678010702133], [11755.744913518429, -8.078595273196697, 18441.38972467184, 28203.924219727516, 26802.196219563484, 26691.976531505585, 26058.814356327057]]}