{"name": "(09109) tercer milenio", "estimation_time": 18.769972678999693, "simulation_time": 2.936845918000472, "prediction": [[5073.539965867996, 5027.202339917421, 3687.5068741738796, 2438.4696805477142, 4269.013371139765, 5026.869632393122, 5007.956544280052], [5015.55709990859, 3638.412494689226, 2519.118484929204, 3984.011958897114, 5338.32653605938, 5053.4917159080505, 4835.572577416897], [3795.2778958380222, 1936.8482621312141, 3941.318624317646, 5213.183224380016, 4880.722847431898, 4830.766669660807, 4899.618537515402], [1997.0789296776056, 4342.40088146925, 5098.264949172735, 5092.686139911413, 4967.986358821392, 5085.089635878801, 3869.6337375938892], [5159.9280942082405, 5369.576733767986, 5249.51364672184, 5167.75434756279, 5214.812442600727, 3876.5128708183765, 2217.652280576527], [5373.768467247486, 5157.722596049309, 4831.586283683777, 4930.426634609699, 3910.216667354107, 2025.0897572785616, 4486.418433606625], [5173.363186299801, 4852.898393243551, 4846.829340875149, 3482.0054005384445, 2043.0884359404445, 4186.83485096693, 4961.047643303871], [5086.942168533802, 5030.611400395632, 3696.3731960356236, 2495.9067727029324, 4216.81022593379, 5003.933786183596, 4993.531671136618], [5116.772877693176, 3644.5825986266136, 2571.419702589512, 4029.0351994633675, 5362.422092020512, 5092.479508519173, 4901.941055297852], [3885.0693647563457, 2010.9153680950403, 3977.838041692972, 5228.976106971502, 5046.82660228014, 4935.939188361168, 5016.102873712778]]}