{"name": "(10010) san bernardo", "estimation_time": 18.769972678999693, "simulation_time": 2.936845918000472, "prediction": [[5937.343176364899, 5626.324068069458, 3552.30810379982, 2328.3920172452927, 4783.982850074768, 5864.77633690834, 5841.3149580955505], [5625.31307554245, 3551.492651462555, 2338.4467435479164, 4518.3803424835205, 6239.87522816658, 5914.988838195801, 5688.06463932991], [3687.470955014229, 1739.6518363654613, 4502.012365818024, 6073.703950405121, 5757.193262338638, 5789.899368047714, 5702.56637430191], [1902.8497839570045, 4947.668739318848, 5948.713972330093, 5955.982250928879, 5942.519825458527, 5892.285129785538, 3845.2521810531616], [5882.29306435585, 6235.841589927673, 6109.704391717911, 6109.745336532593, 5942.012415885925, 3674.426396250725, 2157.023235321045], [6268.204065322876, 5982.829804182053, 5653.282975912094, 5623.834087610245, 3718.459865808487, 1849.1925609707832, 5107.1197102069855], [6148.97429561615, 5855.560309648514, 5581.07354259491, 3366.8101081848145, 2024.7753105163574, 4822.772896051407, 5940.627945423126], [5946.869159698486, 5623.6316595077515, 3573.2645783424377, 2383.5209575891495, 4709.522599935532, 5819.198252916336, 5811.569124221802], [5768.150400876999, 3583.989058494568, 2427.8461111187935, 4593.468158006668, 6287.622239351273, 5983.957891225815, 5801.759971141815], [3803.389360666275, 1821.8949974179268, 4524.841587305069, 6109.015217781067, 5955.436957836151, 5917.833546161652, 5841.492513179779]]}