{"name": "(10002) av. primero de mayo", "estimation_time": 18.769972678999693, "simulation_time": 2.936845918000472, "prediction": [[16740.38514792919, 16487.5897936821, 10916.161087214947, 6177.225465655327, 13218.356483459473, 16375.39253115654, 16377.241775393486], [16478.974306225777, 10809.423548042774, 6337.88130903244, 12294.818765997887, 17512.844326019287, 16589.761323571205, 16031.476060032845], [11348.621258318424, 4404.037553369999, 12217.417679309845, 17022.689830183983, 16072.153146862984, 16249.876519203186, 16531.318919301033], [4689.92416408658, 13545.399255752563, 16520.466527342796, 16632.265652298927, 16577.127789855003, 17018.58377456665, 11629.812726974487], [16148.864826917648, 17223.70005941391, 16957.362789154053, 16951.61913084984, 17139.92877161503, 11136.418648600578, 5199.833617478609], [17505.658990621567, 16875.52142083645, 15840.184578418732, 16315.83534169197, 11512.562260508537, 4632.166844561696, 14011.526149272919], [17334.31420123577, 16470.303289055824, 16424.69034409523, 10425.123878479004, 5349.979676753283, 13372.923965215683, 16579.357360243797], [16748.36361527443, 16454.279299616814, 10919.293801248074, 6348.747321486473, 12979.734826683998, 16220.92877471447, 16259.7346149683], [16914.04542160034, 10884.68412142992, 6597.8881919384, 12517.19640994072, 17646.9789686203, 16777.641394853592, 16341.307764291763], [11649.244459688663, 4631.550648093224, 12282.05217051506, 17044.84199500084, 16619.7777531147, 16582.373776197433, 16902.82946717739]]}