{"name": "(10009) museo nacional", "estimation_time": 18.769972678999693, "simulation_time": 2.936845918000472, "prediction": [[16387.08257853985, 15136.620418190956, 6549.110157251358, 4158.963403195143, 12544.514239192009, 15730.339128613472, 15451.495078802109], [15295.331762433052, 6992.370091319084, 3945.6881337165833, 12213.178606987, 17073.698189616203, 15878.626499414444, 15498.341006755829], [7101.832240104675, 2338.8793068528175, 12241.915994048119, 16452.162179231644, 15531.754889845848, 16046.20380294323, 15730.864191651344], [3389.579823642969, 13179.932523727417, 16016.634657144547, 16072.448367357254, 16398.45485508442, 16146.377979159355, 7381.3479534983635], [15985.306304812431, 16584.071999669075, 16247.983810901642, 16484.855940818787, 15951.124455690384, 6111.549856066704, 3894.5269972682], [17226.143127322197, 16324.330184817314, 15214.391086935997, 15527.636579990387, 6795.947443842888, 2966.7093263864517, 13943.261316776276], [17320.62993848324, 16427.893961906433, 15450.503838300705, 6366.4072352051735, 3984.962051540613, 13205.66183936596, 16582.161898851395], [16426.599706053734, 15058.344314932823, 6670.710095047951, 4282.185454547405, 12269.051202774048, 15554.014863729477, 15321.259816884995], [15723.900972485542, 7115.072293460369, 4270.957938373089, 12444.498317956924, 17236.156128525734, 16107.394502162933, 15932.382894873619], [7413.733792603016, 2599.5252606272697, 12202.084810137749, 16600.298655748367, 16121.313579797745, 16416.985409259796, 16162.136004209518]]}