{"name": "(10001) country sur", "estimation_time": 18.769972678999693, "simulation_time": 2.936845918000472, "prediction": [[9010.661652565002, 8891.595574975014, 5891.557975739241, 3145.540069580078, 6946.313420593739, 8622.56706559658, 8661.143502414227], [8978.621842682362, 5790.868215888739, 3244.3592281341553, 6518.910710901022, 9307.809951484203, 8821.258032500744, 8528.762487590313], [6072.275663346052, 2221.8771563842893, 6432.570726156235, 9036.770440936089, 8591.99481856823, 8654.232475817204, 8850.735719323158], [2461.7038018256426, 7209.420687556267, 8880.510271549225, 9030.84151494503, 8961.958962202072, 9217.405006229877, 6225.31746250391], [8732.273850142956, 9317.054689407349, 9251.534050047398, 9199.875977277756, 9396.483298301697, 6011.446545124054, 2773.5045039355755], [9369.896731257439, 9144.455048203468, 8498.28174495697, 8849.979934930801, 6225.203605890274, 2383.43192024529, 7375.687665820122], [9330.526092171669, 8789.607290923595, 8876.140412807465, 5580.896014392376, 2715.6164487302303, 6966.071035593748, 8745.998810887337], [9033.130521833897, 8878.640368759632, 5899.4406253397465, 3253.8648583590984, 6823.526047855616, 8548.150243222713, 8603.775834798813], [9219.837905526161, 5832.5666289925575, 3388.66777099669, 6638.923614501953, 9383.553238332272, 8924.160661995411, 8701.68344193697], [6253.988024681807, 2376.310643091798, 6496.876662135124, 9069.737169384956, 8922.994155585766, 8872.00595086813, 9092.002773165703]]}