{"name": "(10007) las nieves", "estimation_time": 18.769972678999693, "simulation_time": 2.936845918000472, "prediction": [[10851.075877904892, 10783.381736755371, 6886.153369426727, 3450.1212916374207, 8519.200496435165, 10641.816083908081, 10589.55899131298], [10848.619507551193, 6897.770561635494, 3655.984670728445, 7823.066869318485, 11525.520829916, 10754.064737915993, 10335.117836236954], [7386.866152584553, 2296.5950590074062, 7838.088448703289, 11156.905831456184, 10407.65182876587, 10444.802608132362, 10780.239295601845], [2673.5005351901054, 8978.809620857239, 10964.037936210632, 10978.1529545784, 10913.834500432014, 11346.804397702217, 7648.833586335182], [10981.681709170341, 11569.885830521584, 11323.447923660278, 11279.641437530518, 11571.905776023865, 7395.26345872879, 3001.626423060894], [11534.23474907875, 11041.975761294365, 10254.085859179497, 10700.137568593025, 7471.554896116257, 2314.3675271868706, 9094.342850208282], [11351.042912125587, 10657.192087650299, 10798.569139361382, 6678.247039139271, 2906.188781440258, 8577.05731165409, 10732.84209895134], [10882.829202532768, 10783.221380233765, 6913.009442329407, 3605.7097122967243, 8373.068327188492, 10560.262037038803, 10533.866078019142], [11154.854907989502, 6942.258562982082, 3839.1154628694057, 7978.607684135437, 11616.027508497238, 10875.91473865509, 10542.50164115429], [7654.155418395996, 2517.3028053045273, 7941.1762808561325, 11222.004201412201, 10855.777239561081, 10726.749462246895, 11100.018444299698]]}