{"name": "(10003) ciudad jardin", "estimation_time": 18.769972678999693, "simulation_time": 2.936845918000472, "prediction": [[2338.8459725379944, 2346.529175758362, 1631.3734233379364, 855.7366241812706, 1845.392322063446, 2264.24773979187, 2292.1086411476135], [2363.96262550354, 1610.4913382530212, 904.3283542394638, 1716.7660119533539, 2452.087653160095, 2334.747313976288, 2252.735049724579], [1703.092211008072, 637.8717271536589, 1704.8257420063019, 2384.345154762268, 2275.2966074943542, 2282.4121475219727, 2347.700337409973], [719.5757457613945, 1936.8644857406616, 2348.9124245643616, 2407.4751901626587, 2371.8019971847534, 2465.8952255249023, 1768.6667776107788], [2337.7747831344604, 2481.116458415985, 2479.8092856407166, 2448.404968738556, 2529.2183804512024, 1746.2224988937378, 801.0505319237709], [2469.152976989746, 2436.738349914551, 2252.4265813827515, 2352.7555532455444, 1773.3103969097137, 684.0944038033485, 1979.008794784546], [2443.7581934928894, 2289.6781549453735, 2342.723714828491, 1571.9089732170105, 750.3448265790939, 1856.2397181987762, 2292.3712973594666], [2348.1403374671936, 2348.2906012535095, 1634.611221075058, 891.4781535863876, 1817.9948358535767, 2251.1420092582703, 2281.6013746261597], [2428.8057250976562, 1622.2769668102264, 943.5513255596161, 1748.856798171997, 2473.0596318244934, 2362.1651611328125, 2296.758063316345], [1758.1668410301208, 685.4591344296932, 1731.53431558609, 2394.151801109314, 2367.12549495697, 2341.8718128204346, 2416.180512905121]]}