{"name": "(10006) san victorino", "estimation_time": 18.769972678999693, "simulation_time": 2.936845918000472, "prediction": [[15253.39599430561, 15309.34975862503, 11748.593898117542, 6409.474081993103, 11714.379882216454, 14516.312415003777, 15552.36164689064], [15175.985915064812, 11491.477400958538, 6997.380623817444, 10896.155280768871, 15776.026604175568, 15608.743355870247, 14520.963917970657], [12262.845255732536, 5121.47243142128, 10766.314795017242, 15306.996062994003, 15297.49824643135, 14406.271555423737, 14384.283503293991], [5133.598195463419, 12217.75936961174, 14972.81280040741, 16003.616516590118, 14754.926692843437, 15160.466533899307, 12317.75869935751], [14244.243403673172, 15487.210265994072, 16296.116691827774, 14941.57443702221, 15179.837417006493, 11951.198548972607, 4882.085298299789], [15696.107938885689, 16368.578261733055, 14328.415966629982, 14394.662758111954, 12339.610224366188, 4620.099333822727, 12206.107458472252], [17007.65452980995, 15230.563230514526, 15383.250052928925, 11779.612700343132, 5674.355774670839, 12019.658516943455, 14966.318580508232], [15245.098977684975, 15268.896213769913, 11678.04610311985, 6571.792852878571, 11487.305738925934, 14384.058353304863, 15393.86084496975], [15596.85671389103, 11565.382485687733, 7221.30266726017, 11099.60065126419, 15946.969737410545, 15798.75876903534, 14772.087593078613], [12484.813604056835, 5318.736556470394, 10879.117334783077, 15261.162870526314, 15815.384738445282, 14734.105907678604, 14790.829333662987]]}