{"name": "(10004) policarpa", "estimation_time": 18.769972678999693, "simulation_time": 2.936845918000472, "prediction": [[2264.9235714673996, 2292.5530614852905, 1678.571358680725, 1036.983479142189, 1838.1578575372696, 2276.0661746263504, 2304.3486276865005], [2296.9890825748444, 1675.3056835532188, 1101.842945933342, 1713.3295540809631, 2426.6889069080353, 2339.0611519813538, 2222.3217936754227], [1805.2159962654114, 822.1085720062256, 1707.7367545962334, 2395.554589509964, 2274.9098739624023, 2203.516572713852, 2284.12588262558], [873.4936534017324, 1975.7468398213387, 2398.040702819824, 2419.7365798950195, 2325.7978043556213, 2429.9894564151764, 1923.112228512764], [2382.6254626512527, 2545.2436438798904, 2517.1056567430496, 2460.7182755470276, 2518.3370567560196, 1941.5802667737007, 988.1768326163292], [2529.593933224678, 2435.3981382846832, 2285.914508342743, 2355.923153400421, 1903.6295846700668, 892.3141617625952, 2033.2248814105988], [2369.8795934915543, 2216.919800043106, 2242.082477092743, 1639.0745472311974, 840.2540222555399, 1807.5007936358452, 2263.5809556245804], [2275.684754014015, 2299.039505004883, 1687.1195946335793, 1069.3144654929638, 1820.2875565886497, 2267.3458598852158, 2300.466392636299], [2358.2969043254852, 1689.448247730732, 1135.0529099702835, 1746.2747594714165, 2449.68918132782, 2365.3669443130493, 2260.7411301136017], [1872.7672874331474, 881.0934734344482, 1746.1848504543304, 2422.081284761429, 2373.586596727371, 2274.9366269111633, 2358.0068259239197]]}