{"name": "(10008) san diego", "estimation_time": 18.769972678999693, "simulation_time": 2.936845918000472, "prediction": [[6501.688706755638, 6133.4094207286835, 3544.3101360201836, 1917.3890169262886, 5031.123490214348, 6256.125555515289, 6263.414127707481], [6191.767807483673, 3524.013674736023, 1983.3181397914886, 4835.819958925247, 6863.592412948608, 6422.164581894875, 6190.788049578667], [3649.482033729553, 1233.1215125620365, 4807.8960638046265, 6673.021287202835, 6342.314577579498, 6381.823884725571, 6213.6849229335785], [1548.8490273356438, 5360.236834764481, 6585.809586524963, 6703.479623675346, 6674.126627922058, 6522.99062538147, 3861.454431593418], [6551.061298727989, 6926.453764915466, 6913.095356702805, 6895.599604129791, 6668.253909230232, 3660.412772476673, 1836.0246004462242], [6930.57362306118, 6725.669630050659, 6281.919311761856, 6267.281230568886, 3793.0896909832954, 1394.5315935015678, 5521.1354439258575], [6865.934505939484, 6481.469343781471, 6225.507193684578, 3372.4794633984566, 1695.9952585697174, 5115.103420495987, 6438.74204325676], [6532.801981449127, 6139.209545135498, 3578.3677183389664, 2003.951343178749, 4946.218910098076, 6212.126000404358, 6234.133196353912], [6395.698401212692, 3583.592917203903, 2122.1650426387787, 4946.950151801109, 6946.687434792519, 6532.8046308755875, 6357.560967087746], [3822.4233459234238, 1368.9890028834343, 4867.157904982567, 6742.482360482216, 6624.4403438568115, 6575.930935025215, 6429.575027704239]]}