{"name": "(10005) bicentenario", "estimation_time": 18.769972678999693, "simulation_time": 2.936845918000472, "prediction": [[4289.252610087395, 3977.251036167145, 1896.9239885807037, 1094.547691166401, 3267.7238470613956, 4235.5869653224945, 4119.252681553364], [3920.0727943480015, 1909.3655124604702, 1059.0102461129427, 3105.627111762762, 4596.9959082603455, 4268.474098145962, 4083.4048539996147], [1941.8717986494303, 443.70526506751776, 3102.734078615904, 4504.970950067043, 4111.520043551922, 4176.509594976902, 4082.3270730376244], [595.8335649129003, 3450.1060455441475, 4413.209031283855, 4320.189968287945, 4360.657200276852, 4296.869542777538, 2121.7655322104692], [4322.656212985516, 4633.499132335186, 4480.220823287964, 4580.695872485638, 4362.144554018974, 1968.7303444445133, 955.3760715797544], [4685.350325644016, 4325.498399853706, 4212.233709931374, 4161.227285504341, 2024.555855050683, 707.8213801644742, 3683.543713092804], [4351.79673576355, 4215.034258902073, 3927.9817928671837, 1654.777194261551, 662.7650963664055, 3230.822060227394, 4252.721760869026], [4303.6841452121735, 3977.6586071252823, 1934.0728002488613, 1140.8863671571016, 3210.755996733904, 4202.901215791702, 4106.752103924751], [4027.269761621952, 1924.9350833892822, 1118.8275399133563, 3155.5379390120506, 4624.171042203903, 4315.916879057884, 4181.349600195885], [2058.8817974328995, 521.1356397345662, 3106.7849656045437, 4550.857514560223, 4293.57774668932, 4302.823762118816, 4216.361466884613]]}