{"name": "(10000) portal 20 de julio", "estimation_time": 18.769972678999693, "simulation_time": 2.936845918000472, "prediction": [[34803.697160959244, 34808.17602348328, 25427.87052643299, 16728.645583689213, 28621.93013727665, 34426.19303393364, 34319.425329089165], [34822.30308318138, 25161.660149037838, 17123.172725588083, 26851.695399045944, 36366.57621502876, 34756.76346898079, 33630.016530156136], [26427.648847579956, 13550.02608036995, 26647.511283516884, 35710.2939671278, 33732.26394414902, 33763.80471086502, 34789.616132736206], [13896.656033977866, 29282.067521214485, 34993.76802623272, 34866.06290495396, 34565.13213670254, 35802.9576280117, 27099.709534347057], [34257.39561486244, 36474.41415166855, 35624.376218914986, 35588.04357564449, 36323.11329627037, 26564.806532263756, 15136.40535324812], [36791.14292216301, 35304.23651611805, 33529.87045300007, 34664.40361583233, 26964.881042301655, 14100.615458369255, 30179.665174007416], [35762.81357860565, 34156.59358918667, 34496.814522981644, 24646.37230926752, 14798.045241832733, 28668.509386897087, 34676.118626236916], [34843.98160636425, 34770.76394212246, 25457.74265217781, 17063.39222431183, 28252.239853143692, 34189.33117425442, 34165.28203010559], [35607.59544467926, 25309.402771413326, 17558.07119730115, 27256.89206147194, 36608.39336299896, 35080.104660868645, 34161.09316587448], [27065.439101159573, 14067.013056963682, 26853.856576800346, 35815.08922326565, 34790.396366238594, 34454.35278880596, 35518.92961740494]]}