{"name": "(12001) carrera 43", "estimation_time": 18.769972678999693, "simulation_time": 2.936845918000472, "prediction": [[6341.933185815811, 6231.1448583602905, 3850.654797434807, 2099.7218766212463, 4993.475994467735, 6294.253079175949, 6278.843642234802], [6268.456226348877, 3949.0033682584763, 2256.0625426769257, 4522.271992444992, 6709.118998765945, 6413.757928371429, 6229.005596637726], [4302.611549973488, 1482.7158381938934, 4606.40180003643, 6560.514299631119, 6129.496163845062, 6296.133014678955, 6452.276133060455], [1504.070562183857, 5053.136828780174, 6224.000097751617, 6191.590426325798, 6228.75704574585, 6503.064562559128, 4367.781450152397], [5875.429740905762, 6250.518897533417, 6053.429533958435, 6114.421121239662, 6188.038159966469, 3841.718099832535, 1424.604675590992], [6641.000250577927, 6214.3252902030945, 5878.571467280388, 6029.152361512184, 4088.9910378456116, 1429.0739223361015, 5299.266504526138], [6873.326372385025, 6570.014546871185, 6552.014002799988, 4174.052911281586, 2077.8282066583633, 5442.422479629517, 6733.520087480545], [6308.338587522507, 6187.084184288979, 3832.9771540164948, 2139.626327216625, 4868.289314985275, 6202.774857282639, 6206.389620542526], [6460.594686031342, 3999.7476189136505, 2377.438707113266, 4632.285933017731, 6778.417286157608, 6502.816011667252, 6371.826099872589], [4390.25986123085, 1533.653146803379, 4582.0039439201355, 6527.798968076706, 6305.251815319061, 6373.478316783905, 6548.38056230545]]}