{"name": "(12002) cds - carrera 32", "estimation_time": 18.769972678999693, "simulation_time": 2.936845918000472, "prediction": [[4735.539200782776, 4432.54038977623, 2060.7049869298935, 818.2843697369099, 3582.8597729206085, 4624.282625198364, 4545.009402513504], [4420.886048555374, 2070.8106385469437, 825.8599426150322, 3352.027888774872, 5074.51340842247, 4651.229824304581, 4463.825928449631], [2139.453342437744, 150.0729134976864, 3337.4673943519592, 4884.501848697662, 4506.716394901276, 4625.948621511459, 4496.430765867233], [326.98609444499016, 3698.4908442497253, 4694.597150564194, 4712.4257616996765, 4747.217244386673, 4658.600461959839, 2252.2584067583084], [4641.288884162903, 4891.68567943573, 4789.129485368729, 4827.880872964859, 4647.898233413696, 1998.061998963356, 558.5944073945284], [5031.1038999557495, 4765.051881551743, 4413.636734962463, 4420.8514993190765, 2188.1828306913376, 316.4896045923233, 3925.7151453495026], [4980.8745329380035, 4668.687232017517, 4429.051720380783, 1891.1662601232529, 596.5770493745804, 3682.419423341751, 4757.925498962402], [4743.009067058563, 4417.696671962738, 2079.2452721595764, 873.2481873333454, 3492.632031917572, 4569.893289089203, 4507.039390087128], [4569.397949457169, 2099.7912209033966, 922.8113265633583, 3425.6127403974533, 5120.312840223312, 4721.4760546684265, 4587.112869501114], [2238.673928260803, 221.7831175327301, 3335.9492366313934, 4900.345887422562, 4699.080114841461, 4738.080176591873, 4625.965092658997]]}