{"name": "(12000) puente aranda", "estimation_time": 18.769972678999693, "simulation_time": 2.936845918000472, "prediction": [[2642.7397843003273, 2531.955423414707, 1317.3305386602879, 613.6343176439404, 2049.903243124485, 2645.945920586586, 2566.703473687172], [2514.1607896089554, 1322.8825730979443, 623.2556418925524, 1872.4441997408867, 2841.3017213344574, 2610.8573074936867, 2495.7681329250336], [1397.7583887279034, 248.65544699132442, 1869.1563193202019, 2749.534986138344, 2489.9729040265083, 2547.351172566414, 2567.915822982788], [316.60167818143964, 2107.9544855356216, 2653.9604687690735, 2585.870322048664, 2607.8300572633743, 2650.3687084913254, 1469.9727647900581], [2617.9638391137123, 2765.5701963305473, 2635.1683753728867, 2670.190189242363, 2645.864629328251, 1355.455685943365, 463.7380773872137], [2837.677353978157, 2616.1715819835663, 2457.1457276940346, 2512.3424921035767, 1424.2119001746178, 342.2860928066075, 2225.6135054826736], [2708.45731317997, 2554.76475417614, 2478.7519931197166, 1205.3619067966938, 434.66145101189613, 2079.1209970116615, 2678.699278116226], [2641.568420290947, 2521.107455968857, 1323.0927076041698, 639.7252168655396, 2000.9477905631065, 2613.751412153244, 2545.393389225006], [2587.7137541770935, 1331.3143333792686, 666.5006099939346, 1908.7618053257465, 2859.0057799220085, 2640.734901845455, 2552.75421077013], [1452.2021334171295, 287.0844882838428, 1869.9675336182117, 2758.409546017647, 2591.50795006752, 2605.4286817908287, 2630.5254896879196]]}