{"name": "(12007) zona industrial", "estimation_time": 18.769972678999693, "simulation_time": 2.936845918000472, "prediction": [[7594.669882297516, 7378.890781164169, 4441.303936719894, 1764.4535963535309, 5931.621960401535, 7414.556965589523, 7365.733206272125], [7375.31298828125, 4328.224515914917, 1898.2450067400932, 5348.558723449707, 7970.639844894409, 7345.287266969681, 7062.7310247421265], [4591.985678076744, 841.0487442463636, 5286.574759960175, 7561.396342754364, 6985.92515206337, 7161.852254867554, 7224.103090286255], [1054.2714045643806, 5943.940794944763, 7226.475358247757, 7305.31103515625, 7277.146844148636, 7465.335594654083, 4641.312287211418], [7339.017748594284, 7569.706182479858, 7411.576676607132, 7325.446719408035, 7442.040830373764, 4339.851192474365, 1206.8426123261452], [7746.273514986038, 7429.605650186539, 6752.232765674591, 6982.212608575821, 4610.43172121048, 873.4770113229752, 6156.567389249802], [7820.70383310318, 7180.283508300781, 7161.460492134094, 4041.6162244081497, 1390.5083437561989, 5978.514513492584, 7402.941463470459], [7595.135922193527, 7353.969149827957, 4426.0573987960815, 1861.0446373820305, 5778.550532102585, 7324.352281570435, 7288.92273235321], [7557.246024131775, 4311.417500257492, 2005.1530141830444, 5420.527049422264, 7992.610109329224, 7398.154201745987, 7177.438627243042], [4695.783082842827, 919.7804824262857, 5300.334439992905, 7529.823947429657, 7256.894156932831, 7285.425132513046, 7382.135970115662]]}