{"name": "(12004) carrera 22", "estimation_time": 18.769972678999693, "simulation_time": 2.936845918000472, "prediction": [[7644.766112327576, 7770.669183731079, 7023.850683987141, 3578.2371803224087, 6112.904960393906, 7270.185983538628, 7586.861177921295], [7866.559423804283, 6696.127381443977, 4000.95552906394, 5328.256212770939, 7627.570107340813, 7457.429337978363, 7174.861078381538], [7173.539234817028, 3012.4570749998093, 5181.791130363941, 7288.627747833729, 6992.874279260635, 6987.245970487595, 7218.335044503212], [2911.6011333465576, 5993.474829316139, 7058.593259394169, 7300.179553031921, 7116.497712254524, 7518.500918388367, 7184.7029139995575], [6927.0166139006615, 7354.363100528717, 7402.8311794400215, 7127.568453073502, 7459.939155340195, 7122.311897754669, 2772.1391733288765], [7508.7000141739845, 7552.7036808133125, 6949.725356638432, 6983.861184179783, 7343.4666793346405, 2799.106226682663, 6010.277892827988], [7759.993792116642, 7136.312363982201, 7439.015021800995, 6751.459415972233, 3112.6056256890297, 6010.1401706933975, 7112.038596987724], [7607.653849422932, 7753.350384533405, 6927.016132354736, 3656.738074719906, 5980.325736284256, 7178.770268201828, 7495.033259272575], [8004.932608485222, 6661.6462854743, 4050.138703674078, 5385.465794861317, 7638.963483929634, 7484.773441791534, 7208.513433814049], [7244.044299900532, 3065.401364058256, 5263.1483144164085, 7204.091397583485, 7203.5438798666, 7081.747432112694, 7342.884008765221]]}