{"name": "(12003) ricaurte", "estimation_time": 18.769972678999693, "simulation_time": 2.936845918000472, "prediction": [[23041.935792446136, 22818.250453948975, 16826.811374902725, 7073.57282987237, 17728.09813785553, 21910.550260305405, 22185.885474443436], [23156.78007566929, 16281.21319270134, 7923.866933315992, 15862.983853518963, 23768.586763858795, 22256.051545143127, 21438.422956109047], [17533.25005209446, 4873.773682773113, 15781.604980051517, 22901.123892188072, 21479.601960897446, 21661.674906492233, 22092.16128194332], [5327.225169539452, 18064.59636425972, 22074.683078169823, 22556.41269350052, 22275.159858942032, 22992.96115207672, 17465.522012472153], [21770.901195645332, 23028.9127471447, 22793.738164901733, 22385.27075922489, 23060.519760131836, 16873.04300737381, 5121.387217283249], [23527.21276974678, 23033.692500829697, 21072.848489284515, 21633.704429984093, 17846.534370303154, 4544.7081516981125, 18202.019633173943], [24066.088977456093, 22163.93962776661, 22643.373891234398, 16038.060167133808, 6154.5260716974735, 17886.49703478813, 22130.479568481445], [22982.39753973484, 22747.568954586983, 16647.63303387165, 7352.201704502106, 17288.107543230057, 21630.28012883663, 21933.55906713009], [23802.428490042686, 16309.060608386993, 8287.874604016542, 16172.834061384201, 23926.20270860195, 22496.44461965561, 21792.57238483429], [17897.950608730316, 5142.4261592030525, 15981.617161631584, 22777.642166018486, 22296.324536919594, 22089.84096121788, 22609.90313100815]]}