{"name": "(14004) museo del oro", "estimation_time": 18.769972678999693, "simulation_time": 2.936845918000472, "prediction": [[16300.9324593544, 14725.557780385017, 6847.220783531666, 4517.108238339424, 12287.925772070885, 17165.34874498844, 16761.329069018364], [14239.02928173542, 6747.283057272434, 3930.314402461052, 10860.377352833748, 17384.974224805832, 17035.432976961136, 16157.954841971397], [7171.364809989929, 1336.1608273908496, 10955.775210082531, 16841.67402124405, 15915.514534235, 15874.776110172272, 15779.945838928223], [973.1413571238518, 11635.471326649189, 15959.248960614204, 15800.519807815552, 16148.644138216972, 15938.019769787788, 7332.486341893673], [14140.493730425835, 16101.042264342308, 15501.907323241234, 16101.448501944542, 15319.89322078228, 5611.233050405979, 1509.66584918648], [17449.02872157097, 15568.327171206474, 15956.218559145927, 15125.701818585396, 6162.746870487928, 2082.473256126046, 13323.259976625443], [17170.030305743217, 16766.832933306694, 15230.176956772804, 6392.145395040512, 2802.230256319046, 12062.929929435253, 17333.837428569794], [16147.007721424103, 14559.4115152359, 6815.976934880018, 4447.852917432785, 11892.113569915295, 16793.957483530045, 16509.80083298683], [14671.16944527626, 6844.376301288605, 4166.350325256586, 11086.04397892952, 17502.943658828735, 17201.284392237663, 16547.2828040123], [7387.853414773941, 1356.1953643411398, 10693.982103347778, 16808.95878982544, 16295.007614970207, 16095.921704888344, 15984.386550307274]]}