{"name": "(14001) la sabana", "estimation_time": 18.769972678999693, "simulation_time": 2.936845918000472, "prediction": [[5514.742686390877, 5595.668151021004, 4717.496466875076, 2227.5267780721188, 4437.108150660992, 5267.150525689125, 5473.518646597862], [5635.837353110313, 4483.130123257637, 2521.886869907379, 4001.9095375537872, 5691.360174059868, 5444.652697086334, 5200.748960018158], [4800.8377086520195, 1809.7658776640892, 3986.8640669584274, 5499.607753396034, 5242.461242318153, 5168.180845916271, 5296.70937025547], [1768.8836076259613, 4442.35164129734, 5247.714380860329, 5435.876026391983, 5176.404370009899, 5425.646907329559, 4693.4129550457], [5148.462280571461, 5396.57572054863, 5468.328073263168, 5169.0956428050995, 5400.4284509420395, 4551.515649199486, 1604.3238095343113], [5553.087557196617, 5629.738707184792, 5059.980751514435, 5133.605967402458, 4867.812009096146, 1629.9869466722012, 4464.983874201775], [5878.352376461029, 5321.705047726631, 5531.9767698049545, 4555.264299154282, 2033.0764521062374, 4495.682925820351, 5356.750334739685], [5501.02044069767, 5580.42387509346, 4657.174836039543, 2296.0983916521072, 4334.466711819172, 5207.15633893013, 5408.520412683487], [5785.328437924385, 4487.031385540962, 2601.5907050073147, 4071.6790994405746, 5735.849883794785, 5502.225551843643, 5276.2739362716675], [4855.457427144051, 1848.2592677474022, 4032.443405330181, 5434.870305299759, 5411.377362251282, 5243.467548131943, 5400.075279116631]]}