{"name": "(14005) las aguas", "estimation_time": 18.769972678999693, "simulation_time": 2.936845918000472, "prediction": [[17388.889319866896, 17530.15267419815, 6491.251461297274, 558.6830979185179, 11760.201404958963, 17046.48614129424, 16509.161172151566], [17607.559754520655, 6979.902047932148, 921.3864361857995, 11710.852052927017, 20149.080373942852, 18138.657938361168, 17687.13833323121], [7441.35858283937, -2442.63148586452, 12127.512818694115, 20330.74016201496, 17994.757061302662, 18255.671617746353, 19251.148834198713], [-1261.6309098377824, 14501.564419358969, 20321.811310708523, 19772.28766220808, 20108.192754924297, 20842.45895344019, 9036.440654948354], [19860.035888254642, 22035.767877697945, 21283.173576414585, 22447.394267857075, 22581.33797699213, 8899.141789361835, 1275.846251046285], [21206.59024333954, 19413.389847517014, 19324.699727207422, 20497.167736709118, 8682.652151703835, -835.4117223247886, 15330.879891902208], [18788.222572296858, 19070.53158414364, 19196.238914757967, 6638.654631599784, -866.053916580975, 12094.375862687826, 18165.64249792695], [17713.75204244256, 17738.323339819908, 6884.040513172746, 1061.1922679450363, 11675.102735131979, 17067.866375297308, 16653.45040282607], [18522.10845321417, 7336.596639573574, 1523.7271678578109, 12254.705738633871, 20566.04088306427, 18642.111908465624, 18473.68021032214], [8538.98319286108, -1591.063898101449, 12500.256807237864, 20862.038539409637, 19345.778029948473, 19357.33018258214, 20380.587263047695]]}