{"name": "(10009) museo nacional", "estimation_time": 165.11849275500026, "simulation_time": 4.7067251300013595, "prediction": [[16690.929232153958, 18205.540460556113, 14637.543963099246, 6334.321837456652, 4218.413660056844, 12746.894790488072, 15770.649568116341], [18360.719723844493, 14511.576033695135, 6712.639407008429, 4612.1275324057115, 12475.707777617657, 15660.777210077176, 17917.978744101554], [14410.560475127611, 6784.784932446911, 4374.436448515241, 12226.365902847598, 15828.750474476341, 17994.18147668337, 17195.293416342174], [7099.057154682081, 4152.7643208210375, 12864.905514502116, 16542.556021857075, 17552.869680071533, 17020.821315125682, 13256.152477239082], [4095.297832383265, 12906.95274088651, 16410.546150647213, 17406.17180549015, 17103.155726306282, 13293.325985425628, 7154.727455214873], [12774.182625532636, 16516.104887352176, 17110.501431226705, 16769.692425230452, 13489.223650056094, 7233.287843952697, 4248.373275332615], [16803.40405335703, 16908.33287407406, 17358.833894579297, 14147.238205104768, 6827.080767939044, 4084.8073275130955, 12369.757742254553], [15067.400302960734, 18692.920475416926, 10310.784431641623, 2518.8494758681295, 6700.668761417542, 13409.289167939029, 11913.34495659434], [19121.085433581196, 9965.439429328222, 3468.9582931186637, 7785.2722068523835, 12751.735615488918, 11652.794209798778, 19180.420739128866], [10033.178954520532, 3425.6748487310206, 7906.743272467693, 12881.743963174811, 11569.25495154544, 19149.45069377963, 19483.074968097044], [4422.5521664380085, 7188.717547341438, 14926.264836628012, 13872.768501309456, 17730.238295568783, 18926.826763700938, 13237.267040419894]]}